ERROR - 2026-05-15 21:09:08 --> Error connecting to the database: mysqli_sql_exception: No connection could be made because the target machine actively refused it in C:\xampp\htdocs\gscgeavotingsystem\vendor\codeigniter4\framework\system\Database\MySQLi\Connection.php:201
Stack trace:
#0 C:\xampp\htdocs\gscgeavotingsystem\vendor\codeigniter4\framework\system\Database\MySQLi\Connection.php(201): mysqli->real_connect('localhost', 'root', Object(SensitiveParameterValue), 'dbgscgea3', 3306, '', 0)
#1 C:\xampp\htdocs\gscgeavotingsystem\vendor\codeigniter4\framework\system\Database\BaseConnection.php(421): CodeIgniter\Database\MySQLi\Connection->connect(false)
#2 C:\xampp\htdocs\gscgeavotingsystem\vendor\codeigniter4\framework\system\Database\BaseConnection.php(620): CodeIgniter\Database\BaseConnection->initialize()
#3 C:\xampp\htdocs\gscgeavotingsystem\vendor\codeigniter4\framework\system\Database\BaseBuilder.php(1649): CodeIgniter\Database\BaseConnection->query('SELECT *\nFROM `...', Array, false)
#4 C:\xampp\htdocs\gscgeavotingsystem\vendor\codeigniter4\settings\src\Handlers\DatabaseHandler.php(186): CodeIgniter\Database\BaseBuilder->get()
#5 C:\xampp\htdocs\gscgeavotingsystem\vendor\codeigniter4\settings\src\Handlers\DatabaseHandler.php(51): CodeIgniter\Settings\Handlers\DatabaseHandler->hydrate(NULL)
#6 C:\xampp\htdocs\gscgeavotingsystem\vendor\codeigniter4\settings\src\Settings.php(59): CodeIgniter\Settings\Handlers\DatabaseHandler->has('Config\\Auth', 'sessionConfig', NULL)
#7 C:\xampp\htdocs\gscgeavotingsystem\vendor\codeigniter4\settings\src\Helpers\setting_helper.php(25): CodeIgniter\Settings\Settings->get('Auth.sessionCon...')
#8 C:\xampp\htdocs\gscgeavotingsystem\vendor\codeigniter4\shield\src\Authentication\Authenticators\Session.php(685): setting('Auth.sessionCon...')
#9 C:\xampp\htdocs\gscgeavotingsystem\vendor\codeigniter4\shield\src\Authentication\Authenticators\Session.php(703): CodeIgniter\Shield\Authentication\Authenticators\Session->getSessionUserInfo()
#10 C:\xampp\htdocs\gscgeavotingsystem\vendor\codeigniter4\shield\src\Authentication\Authenticators\Session.php(390): CodeIgniter\Shield\Authentication\Authenticators\Session->getSessionUserKey('id')
#11 C:\xampp\htdocs\gscgeavotingsystem\vendor\codeigniter4\shield\src\Authentication\Authenticators\Session.php(374): CodeIgniter\Shield\Authentication\Authenticators\Session->checkUserState()
#12 C:\xampp\htdocs\gscgeavotingsystem\vendor\codeigniter4\shield\src\Auth.php(191): CodeIgniter\Shield\Authentication\Authenticators\Session->loggedIn()
#13 C:\xampp\htdocs\gscgeavotingsystem\vendor\codeigniter4\shield\src\Collectors\Auth.php(76): CodeIgniter\Shield\Auth->__call('loggedIn', Array)
#14 C:\xampp\htdocs\gscgeavotingsystem\vendor\codeigniter4\framework\system\Debug\Toolbar\Collectors\BaseCollector.php(228): CodeIgniter\Shield\Collectors\Auth->display()
#15 C:\xampp\htdocs\gscgeavotingsystem\vendor\codeigniter4\framework\system\Debug\Toolbar.php(95): CodeIgniter\Debug\Toolbar\Collectors\BaseCollector->getAsArray()
#16 C:\xampp\htdocs\gscgeavotingsystem\vendor\codeigniter4\framework\system\Debug\Toolbar.php(390): CodeIgniter\Debug\Toolbar->run(1778850540.8109, 2.3951, Object(CodeIgniter\HTTP\IncomingRequest), Object(CodeIgniter\HTTP\RedirectResponse))
#17 C:\xampp\htdocs\gscgeavotingsystem\vendor\codeigniter4\framework\system\Filters\DebugToolbar.php(44): CodeIgniter\Debug\Toolbar->prepare(Object(CodeIgniter\HTTP\IncomingRequest), Object(CodeIgniter\HTTP\RedirectResponse))
#18 C:\xampp\htdocs\gscgeavotingsystem\vendor\codeigniter4\framework\system\Filters\Filters.php(278): CodeIgniter\Filters\DebugToolbar->after(Object(CodeIgniter\HTTP\IncomingRequest), Object(CodeIgniter\HTTP\RedirectResponse), NULL)
#19 C:\xampp\htdocs\gscgeavotingsystem\vendor\codeigniter4\framework\system\Filters\Filters.php(364): CodeIgniter\Filters\Filters->runAfter(Array)
#20 C:\xampp\htdocs\gscgeavotingsystem\vendor\codeigniter4\framework\system\CodeIgniter.php(407): CodeIgniter\Filters\Filters->runRequired('after')
#21 C:\xampp\htdocs\gscgeavotingsystem\vendor\codeigniter4\framework\system\CodeIgniter.php(368): CodeIgniter\CodeIgniter->runRequiredAfterFilters(Object(CodeIgniter\Filters\Filters))
#22 C:\xampp\htdocs\gscgeavotingsystem\vendor\codeigniter4\framework\system\Boot.php(334): CodeIgniter\CodeIgniter->run()
#23 C:\xampp\htdocs\gscgeavotingsystem\vendor\codeigniter4\framework\system\Boot.php(67): CodeIgniter\Boot::runCodeIgniter(Object(CodeIgniter\CodeIgniter))
#24 C:\xampp\htdocs\gscgeavotingsystem\public\index.php(56): CodeIgniter\Boot::bootWeb(Object(Config\Paths))
#25 {main}

Next CodeIgniter\Database\Exceptions\DatabaseException: No connection could be made because the target machine actively refused it in C:\xampp\htdocs\gscgeavotingsystem\vendor\codeigniter4\framework\system\Database\MySQLi\Connection.php:246
Stack trace:
#0 C:\xampp\htdocs\gscgeavotingsystem\vendor\codeigniter4\framework\system\Database\BaseConnection.php(421): CodeIgniter\Database\MySQLi\Connection->connect(false)
#1 C:\xampp\htdocs\gscgeavotingsystem\vendor\codeigniter4\framework\system\Database\BaseConnection.php(620): CodeIgniter\Database\BaseConnection->initialize()
#2 C:\xampp\htdocs\gscgeavotingsystem\vendor\codeigniter4\framework\system\Database\BaseBuilder.php(1649): CodeIgniter\Database\BaseConnection->query('SELECT *\nFROM `...', Array, false)
#3 C:\xampp\htdocs\gscgeavotingsystem\vendor\codeigniter4\settings\src\Handlers\DatabaseHandler.php(186): CodeIgniter\Database\BaseBuilder->get()
#4 C:\xampp\htdocs\gscgeavotingsystem\vendor\codeigniter4\settings\src\Handlers\DatabaseHandler.php(51): CodeIgniter\Settings\Handlers\DatabaseHandler->hydrate(NULL)
#5 C:\xampp\htdocs\gscgeavotingsystem\vendor\codeigniter4\settings\src\Settings.php(59): CodeIgniter\Settings\Handlers\DatabaseHandler->has('Config\\Auth', 'sessionConfig', NULL)
#6 C:\xampp\htdocs\gscgeavotingsystem\vendor\codeigniter4\settings\src\Helpers\setting_helper.php(25): CodeIgniter\Settings\Settings->get('Auth.sessionCon...')
#7 C:\xampp\htdocs\gscgeavotingsystem\vendor\codeigniter4\shield\src\Authentication\Authenticators\Session.php(685): setting('Auth.sessionCon...')
#8 C:\xampp\htdocs\gscgeavotingsystem\vendor\codeigniter4\shield\src\Authentication\Authenticators\Session.php(703): CodeIgniter\Shield\Authentication\Authenticators\Session->getSessionUserInfo()
#9 C:\xampp\htdocs\gscgeavotingsystem\vendor\codeigniter4\shield\src\Authentication\Authenticators\Session.php(390): CodeIgniter\Shield\Authentication\Authenticators\Session->getSessionUserKey('id')
#10 C:\xampp\htdocs\gscgeavotingsystem\vendor\codeigniter4\shield\src\Authentication\Authenticators\Session.php(374): CodeIgniter\Shield\Authentication\Authenticators\Session->checkUserState()
#11 C:\xampp\htdocs\gscgeavotingsystem\vendor\codeigniter4\shield\src\Auth.php(191): CodeIgniter\Shield\Authentication\Authenticators\Session->loggedIn()
#12 C:\xampp\htdocs\gscgeavotingsystem\vendor\codeigniter4\shield\src\Collectors\Auth.php(76): CodeIgniter\Shield\Auth->__call('loggedIn', Array)
#13 C:\xampp\htdocs\gscgeavotingsystem\vendor\codeigniter4\framework\system\Debug\Toolbar\Collectors\BaseCollector.php(228): CodeIgniter\Shield\Collectors\Auth->display()
#14 C:\xampp\htdocs\gscgeavotingsystem\vendor\codeigniter4\framework\system\Debug\Toolbar.php(95): CodeIgniter\Debug\Toolbar\Collectors\BaseCollector->getAsArray()
#15 C:\xampp\htdocs\gscgeavotingsystem\vendor\codeigniter4\framework\system\Debug\Toolbar.php(390): CodeIgniter\Debug\Toolbar->run(1778850540.8109, 2.3951, Object(CodeIgniter\HTTP\IncomingRequest), Object(CodeIgniter\HTTP\RedirectResponse))
#16 C:\xampp\htdocs\gscgeavotingsystem\vendor\codeigniter4\framework\system\Filters\DebugToolbar.php(44): CodeIgniter\Debug\Toolbar->prepare(Object(CodeIgniter\HTTP\IncomingRequest), Object(CodeIgniter\HTTP\RedirectResponse))
#17 C:\xampp\htdocs\gscgeavotingsystem\vendor\codeigniter4\framework\system\Filters\Filters.php(278): CodeIgniter\Filters\DebugToolbar->after(Object(CodeIgniter\HTTP\IncomingRequest), Object(CodeIgniter\HTTP\RedirectResponse), NULL)
#18 C:\xampp\htdocs\gscgeavotingsystem\vendor\codeigniter4\framework\system\Filters\Filters.php(364): CodeIgniter\Filters\Filters->runAfter(Array)
#19 C:\xampp\htdocs\gscgeavotingsystem\vendor\codeigniter4\framework\system\CodeIgniter.php(407): CodeIgniter\Filters\Filters->runRequired('after')
#20 C:\xampp\htdocs\gscgeavotingsystem\vendor\codeigniter4\framework\system\CodeIgniter.php(368): CodeIgniter\CodeIgniter->runRequiredAfterFilters(Object(CodeIgniter\Filters\Filters))
#21 C:\xampp\htdocs\gscgeavotingsystem\vendor\codeigniter4\framework\system\Boot.php(334): CodeIgniter\CodeIgniter->run()
#22 C:\xampp\htdocs\gscgeavotingsystem\vendor\codeigniter4\framework\system\Boot.php(67): CodeIgniter\Boot::runCodeIgniter(Object(CodeIgniter\CodeIgniter))
#23 C:\xampp\htdocs\gscgeavotingsystem\public\index.php(56): CodeIgniter\Boot::bootWeb(Object(Config\Paths))
#24 {main}
CRITICAL - 2026-05-15 21:09:08 --> CodeIgniter\Database\Exceptions\DatabaseException: Unable to connect to the database.
Main connection [MySQLi]: No connection could be made because the target machine actively refused it
[Method: GET, Route: /]
in SYSTEMPATH\Database\BaseConnection.php on line 467.
 1 SYSTEMPATH\Database\BaseConnection.php(620): CodeIgniter\Database\BaseConnection->initialize()
 2 SYSTEMPATH\Database\BaseBuilder.php(1649): CodeIgniter\Database\BaseConnection->query('SELECT *
FROM `settings`
WHERE `context` IS NULL', [], false)
 3 VENDORPATH\codeigniter4\settings\src\Handlers\DatabaseHandler.php(186): CodeIgniter\Database\BaseBuilder->get()
 4 VENDORPATH\codeigniter4\settings\src\Handlers\DatabaseHandler.php(51): CodeIgniter\Settings\Handlers\DatabaseHandler->hydrate(null)
 5 VENDORPATH\codeigniter4\settings\src\Settings.php(59): CodeIgniter\Settings\Handlers\DatabaseHandler->has('Config\\Auth', 'sessionConfig', null)
 6 VENDORPATH\codeigniter4\settings\src\Helpers\setting_helper.php(25): CodeIgniter\Settings\Settings->get('Auth.sessionConfig')
 7 VENDORPATH\codeigniter4\shield\src\Authentication\Authenticators\Session.php(685): setting('Auth.sessionConfig')
 8 VENDORPATH\codeigniter4\shield\src\Authentication\Authenticators\Session.php(703): CodeIgniter\Shield\Authentication\Authenticators\Session->getSessionUserInfo()
 9 VENDORPATH\codeigniter4\shield\src\Authentication\Authenticators\Session.php(390): CodeIgniter\Shield\Authentication\Authenticators\Session->getSessionUserKey('id')
10 VENDORPATH\codeigniter4\shield\src\Authentication\Authenticators\Session.php(374): CodeIgniter\Shield\Authentication\Authenticators\Session->checkUserState()
11 VENDORPATH\codeigniter4\shield\src\Auth.php(191): CodeIgniter\Shield\Authentication\Authenticators\Session->loggedIn()
12 VENDORPATH\codeigniter4\shield\src\Collectors\Auth.php(76): CodeIgniter\Shield\Auth->__call('loggedIn', [])
13 SYSTEMPATH\Debug\Toolbar\Collectors\BaseCollector.php(228): CodeIgniter\Shield\Collectors\Auth->display()
14 SYSTEMPATH\Debug\Toolbar.php(95): CodeIgniter\Debug\Toolbar\Collectors\BaseCollector->getAsArray()
15 SYSTEMPATH\Debug\Toolbar.php(390): CodeIgniter\Debug\Toolbar->run(1778850540.810932, 2.3951, Object(CodeIgniter\HTTP\IncomingRequest), Object(CodeIgniter\HTTP\RedirectResponse))
16 SYSTEMPATH\Filters\DebugToolbar.php(44): CodeIgniter\Debug\Toolbar->prepare(Object(CodeIgniter\HTTP\IncomingRequest), Object(CodeIgniter\HTTP\RedirectResponse))
17 SYSTEMPATH\Filters\Filters.php(278): CodeIgniter\Filters\DebugToolbar->after(Object(CodeIgniter\HTTP\IncomingRequest), Object(CodeIgniter\HTTP\RedirectResponse), null)
18 SYSTEMPATH\Filters\Filters.php(364): CodeIgniter\Filters\Filters->runAfter([...])
19 SYSTEMPATH\CodeIgniter.php(407): CodeIgniter\Filters\Filters->runRequired('after')
20 SYSTEMPATH\CodeIgniter.php(368): CodeIgniter\CodeIgniter->runRequiredAfterFilters(Object(CodeIgniter\Filters\Filters))
21 SYSTEMPATH\Boot.php(334): CodeIgniter\CodeIgniter->run()
22 SYSTEMPATH\Boot.php(67): CodeIgniter\Boot::runCodeIgniter(Object(CodeIgniter\CodeIgniter))
23 FCPATH\index.php(56): CodeIgniter\Boot::bootWeb(Object(Config\Paths))
DEBUG - 2026-05-15 21:15:18 --> Session: Class initialized using 'CodeIgniter\Session\Handlers\FileHandler' driver.
WARNING - 2026-05-15 21:15:20 --> [DEPRECATED] Creation of dynamic property CodeIgniter\Shield\Controllers\LoginController::$db is deprecated in APPPATH\Controllers\BaseController.php on line 57.
 1 SYSTEMPATH\CodeIgniter.php(904): App\Controllers\BaseController->initController(Object(CodeIgniter\HTTP\IncomingRequest), Object(CodeIgniter\HTTP\Response), Object(CodeIgniter\Log\Logger))
 2 SYSTEMPATH\CodeIgniter.php(498): CodeIgniter\CodeIgniter->createController()
 3 SYSTEMPATH\CodeIgniter.php(354): CodeIgniter\CodeIgniter->handleRequest(null, Object(Config\Cache), false)
 4 SYSTEMPATH\Boot.php(334): CodeIgniter\CodeIgniter->run()
 5 SYSTEMPATH\Boot.php(67): CodeIgniter\Boot::runCodeIgniter(Object(CodeIgniter\CodeIgniter))
 6 FCPATH\index.php(56): CodeIgniter\Boot::bootWeb(Object(Config\Paths))
DEBUG - 2026-05-15 21:15:20 --> Session: Class initialized using 'CodeIgniter\Session\Handlers\FileHandler' driver.
DEBUG - 2026-05-15 21:15:21 --> Session: Class initialized using 'CodeIgniter\Session\Handlers\FileHandler' driver.
WARNING - 2026-05-15 21:17:18 --> [DEPRECATED] Creation of dynamic property CodeIgniter\Shield\Controllers\LoginController::$db is deprecated in APPPATH\Controllers\BaseController.php on line 57.
 1 SYSTEMPATH\CodeIgniter.php(904): App\Controllers\BaseController->initController(Object(CodeIgniter\HTTP\IncomingRequest), Object(CodeIgniter\HTTP\Response), Object(CodeIgniter\Log\Logger))
 2 SYSTEMPATH\CodeIgniter.php(498): CodeIgniter\CodeIgniter->createController()
 3 SYSTEMPATH\CodeIgniter.php(354): CodeIgniter\CodeIgniter->handleRequest(null, Object(Config\Cache), false)
 4 SYSTEMPATH\Boot.php(334): CodeIgniter\CodeIgniter->run()
 5 SYSTEMPATH\Boot.php(67): CodeIgniter\Boot::runCodeIgniter(Object(CodeIgniter\CodeIgniter))
 6 FCPATH\index.php(56): CodeIgniter\Boot::bootWeb(Object(Config\Paths))
DEBUG - 2026-05-15 21:17:18 --> Session: Class initialized using 'CodeIgniter\Session\Handlers\FileHandler' driver.
DEBUG - 2026-05-15 21:17:19 --> Session: Class initialized using 'CodeIgniter\Session\Handlers\FileHandler' driver.
WARNING - 2026-05-15 21:17:33 --> [DEPRECATED] Creation of dynamic property CodeIgniter\Shield\Controllers\LoginController::$db is deprecated in APPPATH\Controllers\BaseController.php on line 57.
 1 SYSTEMPATH\CodeIgniter.php(904): App\Controllers\BaseController->initController(Object(CodeIgniter\HTTP\IncomingRequest), Object(CodeIgniter\HTTP\Response), Object(CodeIgniter\Log\Logger))
 2 SYSTEMPATH\CodeIgniter.php(498): CodeIgniter\CodeIgniter->createController()
 3 SYSTEMPATH\CodeIgniter.php(354): CodeIgniter\CodeIgniter->handleRequest(null, Object(Config\Cache), false)
 4 SYSTEMPATH\Boot.php(334): CodeIgniter\CodeIgniter->run()
 5 SYSTEMPATH\Boot.php(67): CodeIgniter\Boot::runCodeIgniter(Object(CodeIgniter\CodeIgniter))
 6 FCPATH\index.php(56): CodeIgniter\Boot::bootWeb(Object(Config\Paths))
DEBUG - 2026-05-15 21:17:33 --> Session: Class initialized using 'CodeIgniter\Session\Handlers\FileHandler' driver.
DEBUG - 2026-05-15 21:17:34 --> Session: Class initialized using 'CodeIgniter\Session\Handlers\FileHandler' driver.
WARNING - 2026-05-15 21:17:42 --> [DEPRECATED] Creation of dynamic property CodeIgniter\Shield\Controllers\LoginController::$db is deprecated in APPPATH\Controllers\BaseController.php on line 57.
 1 SYSTEMPATH\CodeIgniter.php(904): App\Controllers\BaseController->initController(Object(CodeIgniter\HTTP\IncomingRequest), Object(CodeIgniter\HTTP\Response), Object(CodeIgniter\Log\Logger))
 2 SYSTEMPATH\CodeIgniter.php(498): CodeIgniter\CodeIgniter->createController()
 3 SYSTEMPATH\CodeIgniter.php(354): CodeIgniter\CodeIgniter->handleRequest(null, Object(Config\Cache), false)
 4 SYSTEMPATH\Boot.php(334): CodeIgniter\CodeIgniter->run()
 5 SYSTEMPATH\Boot.php(67): CodeIgniter\Boot::runCodeIgniter(Object(CodeIgniter\CodeIgniter))
 6 FCPATH\index.php(56): CodeIgniter\Boot::bootWeb(Object(Config\Paths))
DEBUG - 2026-05-15 21:17:42 --> Session: Class initialized using 'CodeIgniter\Session\Handlers\FileHandler' driver.
DEBUG - 2026-05-15 21:17:42 --> Session: Class initialized using 'CodeIgniter\Session\Handlers\FileHandler' driver.
WARNING - 2026-05-15 21:18:24 --> [DEPRECATED] Creation of dynamic property CodeIgniter\Shield\Controllers\LoginController::$db is deprecated in APPPATH\Controllers\BaseController.php on line 57.
 1 SYSTEMPATH\CodeIgniter.php(904): App\Controllers\BaseController->initController(Object(CodeIgniter\HTTP\IncomingRequest), Object(CodeIgniter\HTTP\Response), Object(CodeIgniter\Log\Logger))
 2 SYSTEMPATH\CodeIgniter.php(498): CodeIgniter\CodeIgniter->createController()
 3 SYSTEMPATH\CodeIgniter.php(354): CodeIgniter\CodeIgniter->handleRequest(null, Object(Config\Cache), false)
 4 SYSTEMPATH\Boot.php(334): CodeIgniter\CodeIgniter->run()
 5 SYSTEMPATH\Boot.php(67): CodeIgniter\Boot::runCodeIgniter(Object(CodeIgniter\CodeIgniter))
 6 FCPATH\index.php(56): CodeIgniter\Boot::bootWeb(Object(Config\Paths))
DEBUG - 2026-05-15 21:18:24 --> Session: Class initialized using 'CodeIgniter\Session\Handlers\FileHandler' driver.
DEBUG - 2026-05-15 21:18:24 --> Session: Class initialized using 'CodeIgniter\Session\Handlers\FileHandler' driver.
WARNING - 2026-05-15 21:18:46 --> [DEPRECATED] Creation of dynamic property CodeIgniter\Shield\Controllers\LoginController::$db is deprecated in APPPATH\Controllers\BaseController.php on line 57.
 1 SYSTEMPATH\CodeIgniter.php(904): App\Controllers\BaseController->initController(Object(CodeIgniter\HTTP\IncomingRequest), Object(CodeIgniter\HTTP\Response), Object(CodeIgniter\Log\Logger))
 2 SYSTEMPATH\CodeIgniter.php(498): CodeIgniter\CodeIgniter->createController()
 3 SYSTEMPATH\CodeIgniter.php(354): CodeIgniter\CodeIgniter->handleRequest(null, Object(Config\Cache), false)
 4 SYSTEMPATH\Boot.php(334): CodeIgniter\CodeIgniter->run()
 5 SYSTEMPATH\Boot.php(67): CodeIgniter\Boot::runCodeIgniter(Object(CodeIgniter\CodeIgniter))
 6 FCPATH\index.php(56): CodeIgniter\Boot::bootWeb(Object(Config\Paths))
DEBUG - 2026-05-15 21:18:46 --> Session: Class initialized using 'CodeIgniter\Session\Handlers\FileHandler' driver.
DEBUG - 2026-05-15 21:18:46 --> Session: Class initialized using 'CodeIgniter\Session\Handlers\FileHandler' driver.
WARNING - 2026-05-15 21:19:22 --> [DEPRECATED] Creation of dynamic property CodeIgniter\Shield\Controllers\LoginController::$db is deprecated in APPPATH\Controllers\BaseController.php on line 57.
 1 SYSTEMPATH\CodeIgniter.php(904): App\Controllers\BaseController->initController(Object(CodeIgniter\HTTP\IncomingRequest), Object(CodeIgniter\HTTP\Response), Object(CodeIgniter\Log\Logger))
 2 SYSTEMPATH\CodeIgniter.php(498): CodeIgniter\CodeIgniter->createController()
 3 SYSTEMPATH\CodeIgniter.php(354): CodeIgniter\CodeIgniter->handleRequest(null, Object(Config\Cache), false)
 4 SYSTEMPATH\Boot.php(334): CodeIgniter\CodeIgniter->run()
 5 SYSTEMPATH\Boot.php(67): CodeIgniter\Boot::runCodeIgniter(Object(CodeIgniter\CodeIgniter))
 6 FCPATH\index.php(56): CodeIgniter\Boot::bootWeb(Object(Config\Paths))
DEBUG - 2026-05-15 21:19:22 --> Session: Class initialized using 'CodeIgniter\Session\Handlers\FileHandler' driver.
DEBUG - 2026-05-15 21:19:22 --> Session: Class initialized using 'CodeIgniter\Session\Handlers\FileHandler' driver.
WARNING - 2026-05-15 21:19:23 --> [DEPRECATED] Creation of dynamic property CodeIgniter\Shield\Controllers\LoginController::$db is deprecated in APPPATH\Controllers\BaseController.php on line 57.
 1 SYSTEMPATH\CodeIgniter.php(904): App\Controllers\BaseController->initController(Object(CodeIgniter\HTTP\IncomingRequest), Object(CodeIgniter\HTTP\Response), Object(CodeIgniter\Log\Logger))
 2 SYSTEMPATH\CodeIgniter.php(498): CodeIgniter\CodeIgniter->createController()
 3 SYSTEMPATH\CodeIgniter.php(354): CodeIgniter\CodeIgniter->handleRequest(null, Object(Config\Cache), false)
 4 SYSTEMPATH\Boot.php(334): CodeIgniter\CodeIgniter->run()
 5 SYSTEMPATH\Boot.php(67): CodeIgniter\Boot::runCodeIgniter(Object(CodeIgniter\CodeIgniter))
 6 FCPATH\index.php(56): CodeIgniter\Boot::bootWeb(Object(Config\Paths))
DEBUG - 2026-05-15 21:19:24 --> Session: Class initialized using 'CodeIgniter\Session\Handlers\FileHandler' driver.
DEBUG - 2026-05-15 21:19:24 --> Session: Class initialized using 'CodeIgniter\Session\Handlers\FileHandler' driver.
WARNING - 2026-05-15 21:21:22 --> [DEPRECATED] Creation of dynamic property CodeIgniter\Shield\Controllers\LoginController::$db is deprecated in APPPATH\Controllers\BaseController.php on line 57.
 1 SYSTEMPATH\CodeIgniter.php(904): App\Controllers\BaseController->initController(Object(CodeIgniter\HTTP\IncomingRequest), Object(CodeIgniter\HTTP\Response), Object(CodeIgniter\Log\Logger))
 2 SYSTEMPATH\CodeIgniter.php(498): CodeIgniter\CodeIgniter->createController()
 3 SYSTEMPATH\CodeIgniter.php(354): CodeIgniter\CodeIgniter->handleRequest(null, Object(Config\Cache), false)
 4 SYSTEMPATH\Boot.php(334): CodeIgniter\CodeIgniter->run()
 5 SYSTEMPATH\Boot.php(67): CodeIgniter\Boot::runCodeIgniter(Object(CodeIgniter\CodeIgniter))
 6 FCPATH\index.php(56): CodeIgniter\Boot::bootWeb(Object(Config\Paths))
DEBUG - 2026-05-15 21:21:22 --> Session: Class initialized using 'CodeIgniter\Session\Handlers\FileHandler' driver.
DEBUG - 2026-05-15 21:21:22 --> Session: Class initialized using 'CodeIgniter\Session\Handlers\FileHandler' driver.
WARNING - 2026-05-15 21:21:33 --> [DEPRECATED] Creation of dynamic property CodeIgniter\Shield\Controllers\LoginController::$db is deprecated in APPPATH\Controllers\BaseController.php on line 57.
 1 SYSTEMPATH\CodeIgniter.php(904): App\Controllers\BaseController->initController(Object(CodeIgniter\HTTP\IncomingRequest), Object(CodeIgniter\HTTP\Response), Object(CodeIgniter\Log\Logger))
 2 SYSTEMPATH\CodeIgniter.php(498): CodeIgniter\CodeIgniter->createController()
 3 SYSTEMPATH\CodeIgniter.php(354): CodeIgniter\CodeIgniter->handleRequest(null, Object(Config\Cache), false)
 4 SYSTEMPATH\Boot.php(334): CodeIgniter\CodeIgniter->run()
 5 SYSTEMPATH\Boot.php(67): CodeIgniter\Boot::runCodeIgniter(Object(CodeIgniter\CodeIgniter))
 6 FCPATH\index.php(56): CodeIgniter\Boot::bootWeb(Object(Config\Paths))
DEBUG - 2026-05-15 21:21:33 --> Session: Class initialized using 'CodeIgniter\Session\Handlers\FileHandler' driver.
DEBUG - 2026-05-15 21:21:33 --> Session: Class initialized using 'CodeIgniter\Session\Handlers\FileHandler' driver.
WARNING - 2026-05-15 21:22:39 --> [DEPRECATED] Creation of dynamic property CodeIgniter\Shield\Controllers\LoginController::$db is deprecated in APPPATH\Controllers\BaseController.php on line 57.
 1 SYSTEMPATH\CodeIgniter.php(904): App\Controllers\BaseController->initController(Object(CodeIgniter\HTTP\IncomingRequest), Object(CodeIgniter\HTTP\Response), Object(CodeIgniter\Log\Logger))
 2 SYSTEMPATH\CodeIgniter.php(498): CodeIgniter\CodeIgniter->createController()
 3 SYSTEMPATH\CodeIgniter.php(354): CodeIgniter\CodeIgniter->handleRequest(null, Object(Config\Cache), false)
 4 SYSTEMPATH\Boot.php(334): CodeIgniter\CodeIgniter->run()
 5 SYSTEMPATH\Boot.php(67): CodeIgniter\Boot::runCodeIgniter(Object(CodeIgniter\CodeIgniter))
 6 FCPATH\index.php(56): CodeIgniter\Boot::bootWeb(Object(Config\Paths))
DEBUG - 2026-05-15 21:22:39 --> Session: Class initialized using 'CodeIgniter\Session\Handlers\FileHandler' driver.
DEBUG - 2026-05-15 21:22:39 --> Session: Class initialized using 'CodeIgniter\Session\Handlers\FileHandler' driver.
WARNING - 2026-05-15 21:24:10 --> [DEPRECATED] Creation of dynamic property CodeIgniter\Shield\Controllers\LoginController::$db is deprecated in APPPATH\Controllers\BaseController.php on line 57.
 1 SYSTEMPATH\CodeIgniter.php(904): App\Controllers\BaseController->initController(Object(CodeIgniter\HTTP\IncomingRequest), Object(CodeIgniter\HTTP\Response), Object(CodeIgniter\Log\Logger))
 2 SYSTEMPATH\CodeIgniter.php(498): CodeIgniter\CodeIgniter->createController()
 3 SYSTEMPATH\CodeIgniter.php(354): CodeIgniter\CodeIgniter->handleRequest(null, Object(Config\Cache), false)
 4 SYSTEMPATH\Boot.php(334): CodeIgniter\CodeIgniter->run()
 5 SYSTEMPATH\Boot.php(67): CodeIgniter\Boot::runCodeIgniter(Object(CodeIgniter\CodeIgniter))
 6 FCPATH\index.php(56): CodeIgniter\Boot::bootWeb(Object(Config\Paths))
DEBUG - 2026-05-15 21:24:10 --> Session: Class initialized using 'CodeIgniter\Session\Handlers\FileHandler' driver.
DEBUG - 2026-05-15 21:24:10 --> Session: Class initialized using 'CodeIgniter\Session\Handlers\FileHandler' driver.
WARNING - 2026-05-15 21:26:16 --> [DEPRECATED] Creation of dynamic property CodeIgniter\Shield\Controllers\LoginController::$db is deprecated in APPPATH\Controllers\BaseController.php on line 57.
 1 SYSTEMPATH\CodeIgniter.php(904): App\Controllers\BaseController->initController(Object(CodeIgniter\HTTP\IncomingRequest), Object(CodeIgniter\HTTP\Response), Object(CodeIgniter\Log\Logger))
 2 SYSTEMPATH\CodeIgniter.php(498): CodeIgniter\CodeIgniter->createController()
 3 SYSTEMPATH\CodeIgniter.php(354): CodeIgniter\CodeIgniter->handleRequest(null, Object(Config\Cache), false)
 4 SYSTEMPATH\Boot.php(334): CodeIgniter\CodeIgniter->run()
 5 SYSTEMPATH\Boot.php(67): CodeIgniter\Boot::runCodeIgniter(Object(CodeIgniter\CodeIgniter))
 6 FCPATH\index.php(56): CodeIgniter\Boot::bootWeb(Object(Config\Paths))
DEBUG - 2026-05-15 21:26:16 --> Session: Class initialized using 'CodeIgniter\Session\Handlers\FileHandler' driver.
WARNING - 2026-05-15 21:26:16 --> [DEPRECATED] Creation of dynamic property CodeIgniter\Shield\Controllers\LoginController::$db is deprecated in APPPATH\Controllers\BaseController.php on line 57.
 1 SYSTEMPATH\CodeIgniter.php(904): App\Controllers\BaseController->initController(Object(CodeIgniter\HTTP\IncomingRequest), Object(CodeIgniter\HTTP\Response), Object(CodeIgniter\Log\Logger))
 2 SYSTEMPATH\CodeIgniter.php(498): CodeIgniter\CodeIgniter->createController()
 3 SYSTEMPATH\CodeIgniter.php(354): CodeIgniter\CodeIgniter->handleRequest(null, Object(Config\Cache), false)
 4 SYSTEMPATH\Boot.php(334): CodeIgniter\CodeIgniter->run()
 5 SYSTEMPATH\Boot.php(67): CodeIgniter\Boot::runCodeIgniter(Object(CodeIgniter\CodeIgniter))
 6 FCPATH\index.php(56): CodeIgniter\Boot::bootWeb(Object(Config\Paths))
DEBUG - 2026-05-15 21:26:16 --> Session: Class initialized using 'CodeIgniter\Session\Handlers\FileHandler' driver.
WARNING - 2026-05-15 21:26:16 --> [DEPRECATED] Creation of dynamic property CodeIgniter\Shield\Controllers\LoginController::$db is deprecated in APPPATH\Controllers\BaseController.php on line 57.
 1 SYSTEMPATH\CodeIgniter.php(904): App\Controllers\BaseController->initController(Object(CodeIgniter\HTTP\IncomingRequest), Object(CodeIgniter\HTTP\Response), Object(CodeIgniter\Log\Logger))
 2 SYSTEMPATH\CodeIgniter.php(498): CodeIgniter\CodeIgniter->createController()
 3 SYSTEMPATH\CodeIgniter.php(354): CodeIgniter\CodeIgniter->handleRequest(null, Object(Config\Cache), false)
 4 SYSTEMPATH\Boot.php(334): CodeIgniter\CodeIgniter->run()
 5 SYSTEMPATH\Boot.php(67): CodeIgniter\Boot::runCodeIgniter(Object(CodeIgniter\CodeIgniter))
 6 FCPATH\index.php(56): CodeIgniter\Boot::bootWeb(Object(Config\Paths))
DEBUG - 2026-05-15 21:26:16 --> Session: Class initialized using 'CodeIgniter\Session\Handlers\FileHandler' driver.
WARNING - 2026-05-15 21:26:16 --> [DEPRECATED] Creation of dynamic property CodeIgniter\Shield\Controllers\LoginController::$db is deprecated in APPPATH\Controllers\BaseController.php on line 57.
 1 SYSTEMPATH\CodeIgniter.php(904): App\Controllers\BaseController->initController(Object(CodeIgniter\HTTP\IncomingRequest), Object(CodeIgniter\HTTP\Response), Object(CodeIgniter\Log\Logger))
 2 SYSTEMPATH\CodeIgniter.php(498): CodeIgniter\CodeIgniter->createController()
 3 SYSTEMPATH\CodeIgniter.php(354): CodeIgniter\CodeIgniter->handleRequest(null, Object(Config\Cache), false)
 4 SYSTEMPATH\Boot.php(334): CodeIgniter\CodeIgniter->run()
 5 SYSTEMPATH\Boot.php(67): CodeIgniter\Boot::runCodeIgniter(Object(CodeIgniter\CodeIgniter))
 6 FCPATH\index.php(56): CodeIgniter\Boot::bootWeb(Object(Config\Paths))
DEBUG - 2026-05-15 21:26:16 --> Session: Class initialized using 'CodeIgniter\Session\Handlers\FileHandler' driver.
WARNING - 2026-05-15 21:26:16 --> [DEPRECATED] Creation of dynamic property CodeIgniter\Shield\Controllers\LoginController::$db is deprecated in APPPATH\Controllers\BaseController.php on line 57.
 1 SYSTEMPATH\CodeIgniter.php(904): App\Controllers\BaseController->initController(Object(CodeIgniter\HTTP\IncomingRequest), Object(CodeIgniter\HTTP\Response), Object(CodeIgniter\Log\Logger))
 2 SYSTEMPATH\CodeIgniter.php(498): CodeIgniter\CodeIgniter->createController()
 3 SYSTEMPATH\CodeIgniter.php(354): CodeIgniter\CodeIgniter->handleRequest(null, Object(Config\Cache), false)
 4 SYSTEMPATH\Boot.php(334): CodeIgniter\CodeIgniter->run()
 5 SYSTEMPATH\Boot.php(67): CodeIgniter\Boot::runCodeIgniter(Object(CodeIgniter\CodeIgniter))
 6 FCPATH\index.php(56): CodeIgniter\Boot::bootWeb(Object(Config\Paths))
DEBUG - 2026-05-15 21:26:16 --> Session: Class initialized using 'CodeIgniter\Session\Handlers\FileHandler' driver.
DEBUG - 2026-05-15 21:26:17 --> Session: Class initialized using 'CodeIgniter\Session\Handlers\FileHandler' driver.
WARNING - 2026-05-15 21:27:18 --> [DEPRECATED] Creation of dynamic property CodeIgniter\Shield\Controllers\LoginController::$db is deprecated in APPPATH\Controllers\BaseController.php on line 57.
 1 SYSTEMPATH\CodeIgniter.php(904): App\Controllers\BaseController->initController(Object(CodeIgniter\HTTP\IncomingRequest), Object(CodeIgniter\HTTP\Response), Object(CodeIgniter\Log\Logger))
 2 SYSTEMPATH\CodeIgniter.php(498): CodeIgniter\CodeIgniter->createController()
 3 SYSTEMPATH\CodeIgniter.php(354): CodeIgniter\CodeIgniter->handleRequest(null, Object(Config\Cache), false)
 4 SYSTEMPATH\Boot.php(334): CodeIgniter\CodeIgniter->run()
 5 SYSTEMPATH\Boot.php(67): CodeIgniter\Boot::runCodeIgniter(Object(CodeIgniter\CodeIgniter))
 6 FCPATH\index.php(56): CodeIgniter\Boot::bootWeb(Object(Config\Paths))
DEBUG - 2026-05-15 21:27:18 --> Session: Class initialized using 'CodeIgniter\Session\Handlers\FileHandler' driver.
DEBUG - 2026-05-15 21:27:18 --> Session: Class initialized using 'CodeIgniter\Session\Handlers\FileHandler' driver.
WARNING - 2026-05-15 21:27:46 --> [DEPRECATED] Creation of dynamic property CodeIgniter\Shield\Controllers\LoginController::$db is deprecated in APPPATH\Controllers\BaseController.php on line 57.
 1 SYSTEMPATH\CodeIgniter.php(904): App\Controllers\BaseController->initController(Object(CodeIgniter\HTTP\IncomingRequest), Object(CodeIgniter\HTTP\Response), Object(CodeIgniter\Log\Logger))
 2 SYSTEMPATH\CodeIgniter.php(498): CodeIgniter\CodeIgniter->createController()
 3 SYSTEMPATH\CodeIgniter.php(354): CodeIgniter\CodeIgniter->handleRequest(null, Object(Config\Cache), false)
 4 SYSTEMPATH\Boot.php(334): CodeIgniter\CodeIgniter->run()
 5 SYSTEMPATH\Boot.php(67): CodeIgniter\Boot::runCodeIgniter(Object(CodeIgniter\CodeIgniter))
 6 FCPATH\index.php(56): CodeIgniter\Boot::bootWeb(Object(Config\Paths))
DEBUG - 2026-05-15 21:27:46 --> Session: Class initialized using 'CodeIgniter\Session\Handlers\FileHandler' driver.
DEBUG - 2026-05-15 21:27:46 --> Session: Class initialized using 'CodeIgniter\Session\Handlers\FileHandler' driver.
WARNING - 2026-05-15 21:28:20 --> [DEPRECATED] Creation of dynamic property CodeIgniter\Shield\Controllers\LoginController::$db is deprecated in APPPATH\Controllers\BaseController.php on line 57.
 1 SYSTEMPATH\CodeIgniter.php(904): App\Controllers\BaseController->initController(Object(CodeIgniter\HTTP\IncomingRequest), Object(CodeIgniter\HTTP\Response), Object(CodeIgniter\Log\Logger))
 2 SYSTEMPATH\CodeIgniter.php(498): CodeIgniter\CodeIgniter->createController()
 3 SYSTEMPATH\CodeIgniter.php(354): CodeIgniter\CodeIgniter->handleRequest(null, Object(Config\Cache), false)
 4 SYSTEMPATH\Boot.php(334): CodeIgniter\CodeIgniter->run()
 5 SYSTEMPATH\Boot.php(67): CodeIgniter\Boot::runCodeIgniter(Object(CodeIgniter\CodeIgniter))
 6 FCPATH\index.php(56): CodeIgniter\Boot::bootWeb(Object(Config\Paths))
DEBUG - 2026-05-15 21:28:20 --> Session: Class initialized using 'CodeIgniter\Session\Handlers\FileHandler' driver.
DEBUG - 2026-05-15 21:28:20 --> Session: Class initialized using 'CodeIgniter\Session\Handlers\FileHandler' driver.
WARNING - 2026-05-15 21:28:47 --> [DEPRECATED] Creation of dynamic property CodeIgniter\Shield\Controllers\LoginController::$db is deprecated in APPPATH\Controllers\BaseController.php on line 57.
 1 SYSTEMPATH\CodeIgniter.php(904): App\Controllers\BaseController->initController(Object(CodeIgniter\HTTP\IncomingRequest), Object(CodeIgniter\HTTP\Response), Object(CodeIgniter\Log\Logger))
 2 SYSTEMPATH\CodeIgniter.php(498): CodeIgniter\CodeIgniter->createController()
 3 SYSTEMPATH\CodeIgniter.php(354): CodeIgniter\CodeIgniter->handleRequest(null, Object(Config\Cache), false)
 4 SYSTEMPATH\Boot.php(334): CodeIgniter\CodeIgniter->run()
 5 SYSTEMPATH\Boot.php(67): CodeIgniter\Boot::runCodeIgniter(Object(CodeIgniter\CodeIgniter))
 6 FCPATH\index.php(56): CodeIgniter\Boot::bootWeb(Object(Config\Paths))
DEBUG - 2026-05-15 21:28:47 --> Session: Class initialized using 'CodeIgniter\Session\Handlers\FileHandler' driver.
DEBUG - 2026-05-15 21:28:47 --> Session: Class initialized using 'CodeIgniter\Session\Handlers\FileHandler' driver.
WARNING - 2026-05-15 21:28:56 --> [DEPRECATED] Creation of dynamic property CodeIgniter\Shield\Controllers\LoginController::$db is deprecated in APPPATH\Controllers\BaseController.php on line 57.
 1 SYSTEMPATH\CodeIgniter.php(904): App\Controllers\BaseController->initController(Object(CodeIgniter\HTTP\IncomingRequest), Object(CodeIgniter\HTTP\Response), Object(CodeIgniter\Log\Logger))
 2 SYSTEMPATH\CodeIgniter.php(498): CodeIgniter\CodeIgniter->createController()
 3 SYSTEMPATH\CodeIgniter.php(354): CodeIgniter\CodeIgniter->handleRequest(null, Object(Config\Cache), false)
 4 SYSTEMPATH\Boot.php(334): CodeIgniter\CodeIgniter->run()
 5 SYSTEMPATH\Boot.php(67): CodeIgniter\Boot::runCodeIgniter(Object(CodeIgniter\CodeIgniter))
 6 FCPATH\index.php(56): CodeIgniter\Boot::bootWeb(Object(Config\Paths))
DEBUG - 2026-05-15 21:28:56 --> Session: Class initialized using 'CodeIgniter\Session\Handlers\FileHandler' driver.
DEBUG - 2026-05-15 21:28:56 --> Session: Class initialized using 'CodeIgniter\Session\Handlers\FileHandler' driver.
WARNING - 2026-05-15 21:29:07 --> [DEPRECATED] Creation of dynamic property CodeIgniter\Shield\Controllers\LoginController::$db is deprecated in APPPATH\Controllers\BaseController.php on line 57.
 1 SYSTEMPATH\CodeIgniter.php(904): App\Controllers\BaseController->initController(Object(CodeIgniter\HTTP\IncomingRequest), Object(CodeIgniter\HTTP\Response), Object(CodeIgniter\Log\Logger))
 2 SYSTEMPATH\CodeIgniter.php(498): CodeIgniter\CodeIgniter->createController()
 3 SYSTEMPATH\CodeIgniter.php(354): CodeIgniter\CodeIgniter->handleRequest(null, Object(Config\Cache), false)
 4 SYSTEMPATH\Boot.php(334): CodeIgniter\CodeIgniter->run()
 5 SYSTEMPATH\Boot.php(67): CodeIgniter\Boot::runCodeIgniter(Object(CodeIgniter\CodeIgniter))
 6 FCPATH\index.php(56): CodeIgniter\Boot::bootWeb(Object(Config\Paths))
DEBUG - 2026-05-15 21:29:07 --> Session: Class initialized using 'CodeIgniter\Session\Handlers\FileHandler' driver.
DEBUG - 2026-05-15 21:29:08 --> Session: Class initialized using 'CodeIgniter\Session\Handlers\FileHandler' driver.
WARNING - 2026-05-15 21:31:19 --> [DEPRECATED] Creation of dynamic property CodeIgniter\Shield\Controllers\LoginController::$db is deprecated in APPPATH\Controllers\BaseController.php on line 57.
 1 SYSTEMPATH\CodeIgniter.php(904): App\Controllers\BaseController->initController(Object(CodeIgniter\HTTP\IncomingRequest), Object(CodeIgniter\HTTP\Response), Object(CodeIgniter\Log\Logger))
 2 SYSTEMPATH\CodeIgniter.php(498): CodeIgniter\CodeIgniter->createController()
 3 SYSTEMPATH\CodeIgniter.php(354): CodeIgniter\CodeIgniter->handleRequest(null, Object(Config\Cache), false)
 4 SYSTEMPATH\Boot.php(334): CodeIgniter\CodeIgniter->run()
 5 SYSTEMPATH\Boot.php(67): CodeIgniter\Boot::runCodeIgniter(Object(CodeIgniter\CodeIgniter))
 6 FCPATH\index.php(56): CodeIgniter\Boot::bootWeb(Object(Config\Paths))
DEBUG - 2026-05-15 21:31:19 --> Session: Class initialized using 'CodeIgniter\Session\Handlers\FileHandler' driver.
DEBUG - 2026-05-15 21:31:20 --> Session: Class initialized using 'CodeIgniter\Session\Handlers\FileHandler' driver.
WARNING - 2026-05-15 21:31:52 --> [DEPRECATED] Creation of dynamic property CodeIgniter\Shield\Controllers\LoginController::$db is deprecated in APPPATH\Controllers\BaseController.php on line 57.
 1 SYSTEMPATH\CodeIgniter.php(904): App\Controllers\BaseController->initController(Object(CodeIgniter\HTTP\IncomingRequest), Object(CodeIgniter\HTTP\Response), Object(CodeIgniter\Log\Logger))
 2 SYSTEMPATH\CodeIgniter.php(498): CodeIgniter\CodeIgniter->createController()
 3 SYSTEMPATH\CodeIgniter.php(354): CodeIgniter\CodeIgniter->handleRequest(null, Object(Config\Cache), false)
 4 SYSTEMPATH\Boot.php(334): CodeIgniter\CodeIgniter->run()
 5 SYSTEMPATH\Boot.php(67): CodeIgniter\Boot::runCodeIgniter(Object(CodeIgniter\CodeIgniter))
 6 FCPATH\index.php(56): CodeIgniter\Boot::bootWeb(Object(Config\Paths))
DEBUG - 2026-05-15 21:31:52 --> Session: Class initialized using 'CodeIgniter\Session\Handlers\FileHandler' driver.
DEBUG - 2026-05-15 21:31:53 --> Session: Class initialized using 'CodeIgniter\Session\Handlers\FileHandler' driver.
WARNING - 2026-05-15 21:31:54 --> [DEPRECATED] Creation of dynamic property CodeIgniter\Shield\Controllers\LoginController::$db is deprecated in APPPATH\Controllers\BaseController.php on line 57.
 1 SYSTEMPATH\CodeIgniter.php(904): App\Controllers\BaseController->initController(Object(CodeIgniter\HTTP\IncomingRequest), Object(CodeIgniter\HTTP\Response), Object(CodeIgniter\Log\Logger))
 2 SYSTEMPATH\CodeIgniter.php(498): CodeIgniter\CodeIgniter->createController()
 3 SYSTEMPATH\CodeIgniter.php(354): CodeIgniter\CodeIgniter->handleRequest(null, Object(Config\Cache), false)
 4 SYSTEMPATH\Boot.php(334): CodeIgniter\CodeIgniter->run()
 5 SYSTEMPATH\Boot.php(67): CodeIgniter\Boot::runCodeIgniter(Object(CodeIgniter\CodeIgniter))
 6 FCPATH\index.php(56): CodeIgniter\Boot::bootWeb(Object(Config\Paths))
DEBUG - 2026-05-15 21:31:54 --> Session: Class initialized using 'CodeIgniter\Session\Handlers\FileHandler' driver.
DEBUG - 2026-05-15 21:31:54 --> Session: Class initialized using 'CodeIgniter\Session\Handlers\FileHandler' driver.
WARNING - 2026-05-15 21:31:58 --> [DEPRECATED] Creation of dynamic property CodeIgniter\Shield\Controllers\LoginController::$db is deprecated in APPPATH\Controllers\BaseController.php on line 57.
 1 SYSTEMPATH\CodeIgniter.php(904): App\Controllers\BaseController->initController(Object(CodeIgniter\HTTP\IncomingRequest), Object(CodeIgniter\HTTP\Response), Object(CodeIgniter\Log\Logger))
 2 SYSTEMPATH\CodeIgniter.php(498): CodeIgniter\CodeIgniter->createController()
 3 SYSTEMPATH\CodeIgniter.php(354): CodeIgniter\CodeIgniter->handleRequest(null, Object(Config\Cache), false)
 4 SYSTEMPATH\Boot.php(334): CodeIgniter\CodeIgniter->run()
 5 SYSTEMPATH\Boot.php(67): CodeIgniter\Boot::runCodeIgniter(Object(CodeIgniter\CodeIgniter))
 6 FCPATH\index.php(56): CodeIgniter\Boot::bootWeb(Object(Config\Paths))
DEBUG - 2026-05-15 21:31:58 --> Session: Class initialized using 'CodeIgniter\Session\Handlers\FileHandler' driver.
DEBUG - 2026-05-15 21:31:58 --> Session: Class initialized using 'CodeIgniter\Session\Handlers\FileHandler' driver.
WARNING - 2026-05-15 21:32:09 --> [DEPRECATED] Creation of dynamic property CodeIgniter\Shield\Controllers\LoginController::$db is deprecated in APPPATH\Controllers\BaseController.php on line 57.
 1 SYSTEMPATH\CodeIgniter.php(904): App\Controllers\BaseController->initController(Object(CodeIgniter\HTTP\IncomingRequest), Object(CodeIgniter\HTTP\Response), Object(CodeIgniter\Log\Logger))
 2 SYSTEMPATH\CodeIgniter.php(498): CodeIgniter\CodeIgniter->createController()
 3 SYSTEMPATH\CodeIgniter.php(354): CodeIgniter\CodeIgniter->handleRequest(null, Object(Config\Cache), false)
 4 SYSTEMPATH\Boot.php(334): CodeIgniter\CodeIgniter->run()
 5 SYSTEMPATH\Boot.php(67): CodeIgniter\Boot::runCodeIgniter(Object(CodeIgniter\CodeIgniter))
 6 FCPATH\index.php(56): CodeIgniter\Boot::bootWeb(Object(Config\Paths))
DEBUG - 2026-05-15 21:32:09 --> Session: Class initialized using 'CodeIgniter\Session\Handlers\FileHandler' driver.
DEBUG - 2026-05-15 21:32:09 --> Session: Class initialized using 'CodeIgniter\Session\Handlers\FileHandler' driver.
WARNING - 2026-05-15 21:32:32 --> [DEPRECATED] Creation of dynamic property CodeIgniter\Shield\Controllers\LoginController::$db is deprecated in APPPATH\Controllers\BaseController.php on line 57.
 1 SYSTEMPATH\CodeIgniter.php(904): App\Controllers\BaseController->initController(Object(CodeIgniter\HTTP\IncomingRequest), Object(CodeIgniter\HTTP\Response), Object(CodeIgniter\Log\Logger))
 2 SYSTEMPATH\CodeIgniter.php(498): CodeIgniter\CodeIgniter->createController()
 3 SYSTEMPATH\CodeIgniter.php(354): CodeIgniter\CodeIgniter->handleRequest(null, Object(Config\Cache), false)
 4 SYSTEMPATH\Boot.php(334): CodeIgniter\CodeIgniter->run()
 5 SYSTEMPATH\Boot.php(67): CodeIgniter\Boot::runCodeIgniter(Object(CodeIgniter\CodeIgniter))
 6 FCPATH\index.php(56): CodeIgniter\Boot::bootWeb(Object(Config\Paths))
DEBUG - 2026-05-15 21:32:32 --> Session: Class initialized using 'CodeIgniter\Session\Handlers\FileHandler' driver.
DEBUG - 2026-05-15 21:32:32 --> Session: Class initialized using 'CodeIgniter\Session\Handlers\FileHandler' driver.
WARNING - 2026-05-15 21:32:33 --> [DEPRECATED] Creation of dynamic property CodeIgniter\Shield\Controllers\LoginController::$db is deprecated in APPPATH\Controllers\BaseController.php on line 57.
 1 SYSTEMPATH\CodeIgniter.php(904): App\Controllers\BaseController->initController(Object(CodeIgniter\HTTP\IncomingRequest), Object(CodeIgniter\HTTP\Response), Object(CodeIgniter\Log\Logger))
 2 SYSTEMPATH\CodeIgniter.php(498): CodeIgniter\CodeIgniter->createController()
 3 SYSTEMPATH\CodeIgniter.php(354): CodeIgniter\CodeIgniter->handleRequest(null, Object(Config\Cache), false)
 4 SYSTEMPATH\Boot.php(334): CodeIgniter\CodeIgniter->run()
 5 SYSTEMPATH\Boot.php(67): CodeIgniter\Boot::runCodeIgniter(Object(CodeIgniter\CodeIgniter))
 6 FCPATH\index.php(56): CodeIgniter\Boot::bootWeb(Object(Config\Paths))
DEBUG - 2026-05-15 21:32:34 --> Session: Class initialized using 'CodeIgniter\Session\Handlers\FileHandler' driver.
DEBUG - 2026-05-15 21:32:34 --> Session: Class initialized using 'CodeIgniter\Session\Handlers\FileHandler' driver.
WARNING - 2026-05-15 21:33:30 --> [DEPRECATED] Creation of dynamic property CodeIgniter\Shield\Controllers\LoginController::$db is deprecated in APPPATH\Controllers\BaseController.php on line 57.
 1 SYSTEMPATH\CodeIgniter.php(904): App\Controllers\BaseController->initController(Object(CodeIgniter\HTTP\IncomingRequest), Object(CodeIgniter\HTTP\Response), Object(CodeIgniter\Log\Logger))
 2 SYSTEMPATH\CodeIgniter.php(498): CodeIgniter\CodeIgniter->createController()
 3 SYSTEMPATH\CodeIgniter.php(354): CodeIgniter\CodeIgniter->handleRequest(null, Object(Config\Cache), false)
 4 SYSTEMPATH\Boot.php(334): CodeIgniter\CodeIgniter->run()
 5 SYSTEMPATH\Boot.php(67): CodeIgniter\Boot::runCodeIgniter(Object(CodeIgniter\CodeIgniter))
 6 FCPATH\index.php(56): CodeIgniter\Boot::bootWeb(Object(Config\Paths))
DEBUG - 2026-05-15 21:33:30 --> Session: Class initialized using 'CodeIgniter\Session\Handlers\FileHandler' driver.
DEBUG - 2026-05-15 21:33:31 --> Session: Class initialized using 'CodeIgniter\Session\Handlers\FileHandler' driver.
WARNING - 2026-05-15 21:34:09 --> [DEPRECATED] Creation of dynamic property CodeIgniter\Shield\Controllers\LoginController::$db is deprecated in APPPATH\Controllers\BaseController.php on line 57.
 1 SYSTEMPATH\CodeIgniter.php(904): App\Controllers\BaseController->initController(Object(CodeIgniter\HTTP\IncomingRequest), Object(CodeIgniter\HTTP\Response), Object(CodeIgniter\Log\Logger))
 2 SYSTEMPATH\CodeIgniter.php(498): CodeIgniter\CodeIgniter->createController()
 3 SYSTEMPATH\CodeIgniter.php(354): CodeIgniter\CodeIgniter->handleRequest(null, Object(Config\Cache), false)
 4 SYSTEMPATH\Boot.php(334): CodeIgniter\CodeIgniter->run()
 5 SYSTEMPATH\Boot.php(67): CodeIgniter\Boot::runCodeIgniter(Object(CodeIgniter\CodeIgniter))
 6 FCPATH\index.php(56): CodeIgniter\Boot::bootWeb(Object(Config\Paths))
DEBUG - 2026-05-15 21:34:09 --> Session: Class initialized using 'CodeIgniter\Session\Handlers\FileHandler' driver.
DEBUG - 2026-05-15 21:34:10 --> Session: Class initialized using 'CodeIgniter\Session\Handlers\FileHandler' driver.
WARNING - 2026-05-15 21:35:45 --> [DEPRECATED] Creation of dynamic property CodeIgniter\Shield\Controllers\LoginController::$db is deprecated in APPPATH\Controllers\BaseController.php on line 57.
 1 SYSTEMPATH\CodeIgniter.php(904): App\Controllers\BaseController->initController(Object(CodeIgniter\HTTP\IncomingRequest), Object(CodeIgniter\HTTP\Response), Object(CodeIgniter\Log\Logger))
 2 SYSTEMPATH\CodeIgniter.php(498): CodeIgniter\CodeIgniter->createController()
 3 SYSTEMPATH\CodeIgniter.php(354): CodeIgniter\CodeIgniter->handleRequest(null, Object(Config\Cache), false)
 4 SYSTEMPATH\Boot.php(334): CodeIgniter\CodeIgniter->run()
 5 SYSTEMPATH\Boot.php(67): CodeIgniter\Boot::runCodeIgniter(Object(CodeIgniter\CodeIgniter))
 6 FCPATH\index.php(56): CodeIgniter\Boot::bootWeb(Object(Config\Paths))
DEBUG - 2026-05-15 21:35:45 --> Session: Class initialized using 'CodeIgniter\Session\Handlers\FileHandler' driver.
DEBUG - 2026-05-15 21:35:46 --> Session: Class initialized using 'CodeIgniter\Session\Handlers\FileHandler' driver.
WARNING - 2026-05-15 21:36:14 --> [DEPRECATED] Creation of dynamic property CodeIgniter\Shield\Controllers\LoginController::$db is deprecated in APPPATH\Controllers\BaseController.php on line 57.
 1 SYSTEMPATH\CodeIgniter.php(904): App\Controllers\BaseController->initController(Object(CodeIgniter\HTTP\IncomingRequest), Object(CodeIgniter\HTTP\Response), Object(CodeIgniter\Log\Logger))
 2 SYSTEMPATH\CodeIgniter.php(498): CodeIgniter\CodeIgniter->createController()
 3 SYSTEMPATH\CodeIgniter.php(354): CodeIgniter\CodeIgniter->handleRequest(null, Object(Config\Cache), false)
 4 SYSTEMPATH\Boot.php(334): CodeIgniter\CodeIgniter->run()
 5 SYSTEMPATH\Boot.php(67): CodeIgniter\Boot::runCodeIgniter(Object(CodeIgniter\CodeIgniter))
 6 FCPATH\index.php(56): CodeIgniter\Boot::bootWeb(Object(Config\Paths))
DEBUG - 2026-05-15 21:36:14 --> Session: Class initialized using 'CodeIgniter\Session\Handlers\FileHandler' driver.
DEBUG - 2026-05-15 21:36:15 --> Session: Class initialized using 'CodeIgniter\Session\Handlers\FileHandler' driver.
WARNING - 2026-05-15 21:36:30 --> [DEPRECATED] Creation of dynamic property CodeIgniter\Shield\Controllers\LoginController::$db is deprecated in APPPATH\Controllers\BaseController.php on line 57.
 1 SYSTEMPATH\CodeIgniter.php(904): App\Controllers\BaseController->initController(Object(CodeIgniter\HTTP\IncomingRequest), Object(CodeIgniter\HTTP\Response), Object(CodeIgniter\Log\Logger))
 2 SYSTEMPATH\CodeIgniter.php(498): CodeIgniter\CodeIgniter->createController()
 3 SYSTEMPATH\CodeIgniter.php(354): CodeIgniter\CodeIgniter->handleRequest(null, Object(Config\Cache), false)
 4 SYSTEMPATH\Boot.php(334): CodeIgniter\CodeIgniter->run()
 5 SYSTEMPATH\Boot.php(67): CodeIgniter\Boot::runCodeIgniter(Object(CodeIgniter\CodeIgniter))
 6 FCPATH\index.php(56): CodeIgniter\Boot::bootWeb(Object(Config\Paths))
DEBUG - 2026-05-15 21:36:30 --> Session: Class initialized using 'CodeIgniter\Session\Handlers\FileHandler' driver.
DEBUG - 2026-05-15 21:36:31 --> Session: Class initialized using 'CodeIgniter\Session\Handlers\FileHandler' driver.
WARNING - 2026-05-15 21:36:51 --> [DEPRECATED] Creation of dynamic property CodeIgniter\Shield\Controllers\LoginController::$db is deprecated in APPPATH\Controllers\BaseController.php on line 57.
 1 SYSTEMPATH\CodeIgniter.php(904): App\Controllers\BaseController->initController(Object(CodeIgniter\HTTP\IncomingRequest), Object(CodeIgniter\HTTP\Response), Object(CodeIgniter\Log\Logger))
 2 SYSTEMPATH\CodeIgniter.php(498): CodeIgniter\CodeIgniter->createController()
 3 SYSTEMPATH\CodeIgniter.php(354): CodeIgniter\CodeIgniter->handleRequest(null, Object(Config\Cache), false)
 4 SYSTEMPATH\Boot.php(334): CodeIgniter\CodeIgniter->run()
 5 SYSTEMPATH\Boot.php(67): CodeIgniter\Boot::runCodeIgniter(Object(CodeIgniter\CodeIgniter))
 6 FCPATH\index.php(56): CodeIgniter\Boot::bootWeb(Object(Config\Paths))
DEBUG - 2026-05-15 21:36:51 --> Session: Class initialized using 'CodeIgniter\Session\Handlers\FileHandler' driver.
DEBUG - 2026-05-15 21:36:52 --> Session: Class initialized using 'CodeIgniter\Session\Handlers\FileHandler' driver.
WARNING - 2026-05-15 21:36:54 --> [DEPRECATED] Creation of dynamic property CodeIgniter\Shield\Controllers\LoginController::$db is deprecated in APPPATH\Controllers\BaseController.php on line 57.
 1 SYSTEMPATH\CodeIgniter.php(904): App\Controllers\BaseController->initController(Object(CodeIgniter\HTTP\IncomingRequest), Object(CodeIgniter\HTTP\Response), Object(CodeIgniter\Log\Logger))
 2 SYSTEMPATH\CodeIgniter.php(498): CodeIgniter\CodeIgniter->createController()
 3 SYSTEMPATH\CodeIgniter.php(354): CodeIgniter\CodeIgniter->handleRequest(null, Object(Config\Cache), false)
 4 SYSTEMPATH\Boot.php(334): CodeIgniter\CodeIgniter->run()
 5 SYSTEMPATH\Boot.php(67): CodeIgniter\Boot::runCodeIgniter(Object(CodeIgniter\CodeIgniter))
 6 FCPATH\index.php(56): CodeIgniter\Boot::bootWeb(Object(Config\Paths))
DEBUG - 2026-05-15 21:36:54 --> Session: Class initialized using 'CodeIgniter\Session\Handlers\FileHandler' driver.
DEBUG - 2026-05-15 21:36:54 --> Session: Class initialized using 'CodeIgniter\Session\Handlers\FileHandler' driver.
WARNING - 2026-05-15 21:36:56 --> [DEPRECATED] Creation of dynamic property CodeIgniter\Shield\Controllers\LoginController::$db is deprecated in APPPATH\Controllers\BaseController.php on line 57.
 1 SYSTEMPATH\CodeIgniter.php(904): App\Controllers\BaseController->initController(Object(CodeIgniter\HTTP\IncomingRequest), Object(CodeIgniter\HTTP\Response), Object(CodeIgniter\Log\Logger))
 2 SYSTEMPATH\CodeIgniter.php(498): CodeIgniter\CodeIgniter->createController()
 3 SYSTEMPATH\CodeIgniter.php(354): CodeIgniter\CodeIgniter->handleRequest(null, Object(Config\Cache), false)
 4 SYSTEMPATH\Boot.php(334): CodeIgniter\CodeIgniter->run()
 5 SYSTEMPATH\Boot.php(67): CodeIgniter\Boot::runCodeIgniter(Object(CodeIgniter\CodeIgniter))
 6 FCPATH\index.php(56): CodeIgniter\Boot::bootWeb(Object(Config\Paths))
DEBUG - 2026-05-15 21:36:56 --> Session: Class initialized using 'CodeIgniter\Session\Handlers\FileHandler' driver.
DEBUG - 2026-05-15 21:36:56 --> Session: Class initialized using 'CodeIgniter\Session\Handlers\FileHandler' driver.
WARNING - 2026-05-15 21:36:57 --> [DEPRECATED] Creation of dynamic property CodeIgniter\Shield\Controllers\LoginController::$db is deprecated in APPPATH\Controllers\BaseController.php on line 57.
 1 SYSTEMPATH\CodeIgniter.php(904): App\Controllers\BaseController->initController(Object(CodeIgniter\HTTP\IncomingRequest), Object(CodeIgniter\HTTP\Response), Object(CodeIgniter\Log\Logger))
 2 SYSTEMPATH\CodeIgniter.php(498): CodeIgniter\CodeIgniter->createController()
 3 SYSTEMPATH\CodeIgniter.php(354): CodeIgniter\CodeIgniter->handleRequest(null, Object(Config\Cache), false)
 4 SYSTEMPATH\Boot.php(334): CodeIgniter\CodeIgniter->run()
 5 SYSTEMPATH\Boot.php(67): CodeIgniter\Boot::runCodeIgniter(Object(CodeIgniter\CodeIgniter))
 6 FCPATH\index.php(56): CodeIgniter\Boot::bootWeb(Object(Config\Paths))
DEBUG - 2026-05-15 21:36:57 --> Session: Class initialized using 'CodeIgniter\Session\Handlers\FileHandler' driver.
WARNING - 2026-05-15 21:36:57 --> [DEPRECATED] Creation of dynamic property CodeIgniter\Shield\Controllers\LoginController::$db is deprecated in APPPATH\Controllers\BaseController.php on line 57.
 1 SYSTEMPATH\CodeIgniter.php(904): App\Controllers\BaseController->initController(Object(CodeIgniter\HTTP\IncomingRequest), Object(CodeIgniter\HTTP\Response), Object(CodeIgniter\Log\Logger))
 2 SYSTEMPATH\CodeIgniter.php(498): CodeIgniter\CodeIgniter->createController()
 3 SYSTEMPATH\CodeIgniter.php(354): CodeIgniter\CodeIgniter->handleRequest(null, Object(Config\Cache), false)
 4 SYSTEMPATH\Boot.php(334): CodeIgniter\CodeIgniter->run()
 5 SYSTEMPATH\Boot.php(67): CodeIgniter\Boot::runCodeIgniter(Object(CodeIgniter\CodeIgniter))
 6 FCPATH\index.php(56): CodeIgniter\Boot::bootWeb(Object(Config\Paths))
DEBUG - 2026-05-15 21:36:57 --> Session: Class initialized using 'CodeIgniter\Session\Handlers\FileHandler' driver.
WARNING - 2026-05-15 21:36:57 --> [DEPRECATED] Creation of dynamic property CodeIgniter\Shield\Controllers\LoginController::$db is deprecated in APPPATH\Controllers\BaseController.php on line 57.
 1 SYSTEMPATH\CodeIgniter.php(904): App\Controllers\BaseController->initController(Object(CodeIgniter\HTTP\IncomingRequest), Object(CodeIgniter\HTTP\Response), Object(CodeIgniter\Log\Logger))
 2 SYSTEMPATH\CodeIgniter.php(498): CodeIgniter\CodeIgniter->createController()
 3 SYSTEMPATH\CodeIgniter.php(354): CodeIgniter\CodeIgniter->handleRequest(null, Object(Config\Cache), false)
 4 SYSTEMPATH\Boot.php(334): CodeIgniter\CodeIgniter->run()
 5 SYSTEMPATH\Boot.php(67): CodeIgniter\Boot::runCodeIgniter(Object(CodeIgniter\CodeIgniter))
 6 FCPATH\index.php(56): CodeIgniter\Boot::bootWeb(Object(Config\Paths))
DEBUG - 2026-05-15 21:36:57 --> Session: Class initialized using 'CodeIgniter\Session\Handlers\FileHandler' driver.
WARNING - 2026-05-15 21:36:57 --> [DEPRECATED] Creation of dynamic property CodeIgniter\Shield\Controllers\LoginController::$db is deprecated in APPPATH\Controllers\BaseController.php on line 57.
 1 SYSTEMPATH\CodeIgniter.php(904): App\Controllers\BaseController->initController(Object(CodeIgniter\HTTP\IncomingRequest), Object(CodeIgniter\HTTP\Response), Object(CodeIgniter\Log\Logger))
 2 SYSTEMPATH\CodeIgniter.php(498): CodeIgniter\CodeIgniter->createController()
 3 SYSTEMPATH\CodeIgniter.php(354): CodeIgniter\CodeIgniter->handleRequest(null, Object(Config\Cache), false)
 4 SYSTEMPATH\Boot.php(334): CodeIgniter\CodeIgniter->run()
 5 SYSTEMPATH\Boot.php(67): CodeIgniter\Boot::runCodeIgniter(Object(CodeIgniter\CodeIgniter))
 6 FCPATH\index.php(56): CodeIgniter\Boot::bootWeb(Object(Config\Paths))
DEBUG - 2026-05-15 21:36:58 --> Session: Class initialized using 'CodeIgniter\Session\Handlers\FileHandler' driver.
DEBUG - 2026-05-15 21:36:58 --> Session: Class initialized using 'CodeIgniter\Session\Handlers\FileHandler' driver.
WARNING - 2026-05-15 21:36:58 --> [DEPRECATED] Creation of dynamic property CodeIgniter\Shield\Controllers\LoginController::$db is deprecated in APPPATH\Controllers\BaseController.php on line 57.
 1 SYSTEMPATH\CodeIgniter.php(904): App\Controllers\BaseController->initController(Object(CodeIgniter\HTTP\IncomingRequest), Object(CodeIgniter\HTTP\Response), Object(CodeIgniter\Log\Logger))
 2 SYSTEMPATH\CodeIgniter.php(498): CodeIgniter\CodeIgniter->createController()
 3 SYSTEMPATH\CodeIgniter.php(354): CodeIgniter\CodeIgniter->handleRequest(null, Object(Config\Cache), false)
 4 SYSTEMPATH\Boot.php(334): CodeIgniter\CodeIgniter->run()
 5 SYSTEMPATH\Boot.php(67): CodeIgniter\Boot::runCodeIgniter(Object(CodeIgniter\CodeIgniter))
 6 FCPATH\index.php(56): CodeIgniter\Boot::bootWeb(Object(Config\Paths))
DEBUG - 2026-05-15 21:36:58 --> Session: Class initialized using 'CodeIgniter\Session\Handlers\FileHandler' driver.
DEBUG - 2026-05-15 21:36:59 --> Session: Class initialized using 'CodeIgniter\Session\Handlers\FileHandler' driver.
WARNING - 2026-05-15 21:38:04 --> [DEPRECATED] Creation of dynamic property CodeIgniter\Shield\Controllers\LoginController::$db is deprecated in APPPATH\Controllers\BaseController.php on line 57.
 1 SYSTEMPATH\CodeIgniter.php(904): App\Controllers\BaseController->initController(Object(CodeIgniter\HTTP\IncomingRequest), Object(CodeIgniter\HTTP\Response), Object(CodeIgniter\Log\Logger))
 2 SYSTEMPATH\CodeIgniter.php(498): CodeIgniter\CodeIgniter->createController()
 3 SYSTEMPATH\CodeIgniter.php(354): CodeIgniter\CodeIgniter->handleRequest(null, Object(Config\Cache), false)
 4 SYSTEMPATH\Boot.php(334): CodeIgniter\CodeIgniter->run()
 5 SYSTEMPATH\Boot.php(67): CodeIgniter\Boot::runCodeIgniter(Object(CodeIgniter\CodeIgniter))
 6 FCPATH\index.php(56): CodeIgniter\Boot::bootWeb(Object(Config\Paths))
DEBUG - 2026-05-15 21:38:04 --> Session: Class initialized using 'CodeIgniter\Session\Handlers\FileHandler' driver.
DEBUG - 2026-05-15 21:38:04 --> Session: Class initialized using 'CodeIgniter\Session\Handlers\FileHandler' driver.
WARNING - 2026-05-15 21:38:05 --> [DEPRECATED] Creation of dynamic property CodeIgniter\Shield\Controllers\LoginController::$db is deprecated in APPPATH\Controllers\BaseController.php on line 57.
 1 SYSTEMPATH\CodeIgniter.php(904): App\Controllers\BaseController->initController(Object(CodeIgniter\HTTP\IncomingRequest), Object(CodeIgniter\HTTP\Response), Object(CodeIgniter\Log\Logger))
 2 SYSTEMPATH\CodeIgniter.php(498): CodeIgniter\CodeIgniter->createController()
 3 SYSTEMPATH\CodeIgniter.php(354): CodeIgniter\CodeIgniter->handleRequest(null, Object(Config\Cache), false)
 4 SYSTEMPATH\Boot.php(334): CodeIgniter\CodeIgniter->run()
 5 SYSTEMPATH\Boot.php(67): CodeIgniter\Boot::runCodeIgniter(Object(CodeIgniter\CodeIgniter))
 6 FCPATH\index.php(56): CodeIgniter\Boot::bootWeb(Object(Config\Paths))
DEBUG - 2026-05-15 21:38:05 --> Session: Class initialized using 'CodeIgniter\Session\Handlers\FileHandler' driver.
DEBUG - 2026-05-15 21:38:06 --> Session: Class initialized using 'CodeIgniter\Session\Handlers\FileHandler' driver.
WARNING - 2026-05-15 21:38:13 --> [DEPRECATED] Creation of dynamic property CodeIgniter\Shield\Controllers\LoginController::$db is deprecated in APPPATH\Controllers\BaseController.php on line 57.
 1 SYSTEMPATH\CodeIgniter.php(904): App\Controllers\BaseController->initController(Object(CodeIgniter\HTTP\IncomingRequest), Object(CodeIgniter\HTTP\Response), Object(CodeIgniter\Log\Logger))
 2 SYSTEMPATH\CodeIgniter.php(498): CodeIgniter\CodeIgniter->createController()
 3 SYSTEMPATH\CodeIgniter.php(354): CodeIgniter\CodeIgniter->handleRequest(null, Object(Config\Cache), false)
 4 SYSTEMPATH\Boot.php(334): CodeIgniter\CodeIgniter->run()
 5 SYSTEMPATH\Boot.php(67): CodeIgniter\Boot::runCodeIgniter(Object(CodeIgniter\CodeIgniter))
 6 FCPATH\index.php(56): CodeIgniter\Boot::bootWeb(Object(Config\Paths))
DEBUG - 2026-05-15 21:38:13 --> Session: Class initialized using 'CodeIgniter\Session\Handlers\FileHandler' driver.
WARNING - 2026-05-15 21:38:40 --> [DEPRECATED] Creation of dynamic property CodeIgniter\Shield\Controllers\LoginController::$db is deprecated in APPPATH\Controllers\BaseController.php on line 57.
 1 SYSTEMPATH\CodeIgniter.php(904): App\Controllers\BaseController->initController(Object(CodeIgniter\HTTP\IncomingRequest), Object(CodeIgniter\HTTP\Response), Object(CodeIgniter\Log\Logger))
 2 SYSTEMPATH\CodeIgniter.php(498): CodeIgniter\CodeIgniter->createController()
 3 SYSTEMPATH\CodeIgniter.php(354): CodeIgniter\CodeIgniter->handleRequest(null, Object(Config\Cache), false)
 4 SYSTEMPATH\Boot.php(334): CodeIgniter\CodeIgniter->run()
 5 SYSTEMPATH\Boot.php(67): CodeIgniter\Boot::runCodeIgniter(Object(CodeIgniter\CodeIgniter))
 6 FCPATH\index.php(56): CodeIgniter\Boot::bootWeb(Object(Config\Paths))
DEBUG - 2026-05-15 21:38:40 --> Session: Class initialized using 'CodeIgniter\Session\Handlers\FileHandler' driver.
DEBUG - 2026-05-15 21:38:40 --> Session: Class initialized using 'CodeIgniter\Session\Handlers\FileHandler' driver.
WARNING - 2026-05-15 21:39:45 --> [DEPRECATED] Creation of dynamic property CodeIgniter\Shield\Controllers\LoginController::$db is deprecated in APPPATH\Controllers\BaseController.php on line 57.
 1 SYSTEMPATH\CodeIgniter.php(904): App\Controllers\BaseController->initController(Object(CodeIgniter\HTTP\IncomingRequest), Object(CodeIgniter\HTTP\Response), Object(CodeIgniter\Log\Logger))
 2 SYSTEMPATH\CodeIgniter.php(498): CodeIgniter\CodeIgniter->createController()
 3 SYSTEMPATH\CodeIgniter.php(354): CodeIgniter\CodeIgniter->handleRequest(null, Object(Config\Cache), false)
 4 SYSTEMPATH\Boot.php(334): CodeIgniter\CodeIgniter->run()
 5 SYSTEMPATH\Boot.php(67): CodeIgniter\Boot::runCodeIgniter(Object(CodeIgniter\CodeIgniter))
 6 FCPATH\index.php(56): CodeIgniter\Boot::bootWeb(Object(Config\Paths))
DEBUG - 2026-05-15 21:39:45 --> Session: Class initialized using 'CodeIgniter\Session\Handlers\FileHandler' driver.
DEBUG - 2026-05-15 21:39:46 --> Session: Class initialized using 'CodeIgniter\Session\Handlers\FileHandler' driver.
WARNING - 2026-05-15 21:39:47 --> [DEPRECATED] Creation of dynamic property CodeIgniter\Shield\Controllers\LoginController::$db is deprecated in APPPATH\Controllers\BaseController.php on line 57.
 1 SYSTEMPATH\CodeIgniter.php(904): App\Controllers\BaseController->initController(Object(CodeIgniter\HTTP\IncomingRequest), Object(CodeIgniter\HTTP\Response), Object(CodeIgniter\Log\Logger))
 2 SYSTEMPATH\CodeIgniter.php(498): CodeIgniter\CodeIgniter->createController()
 3 SYSTEMPATH\CodeIgniter.php(354): CodeIgniter\CodeIgniter->handleRequest(null, Object(Config\Cache), false)
 4 SYSTEMPATH\Boot.php(334): CodeIgniter\CodeIgniter->run()
 5 SYSTEMPATH\Boot.php(67): CodeIgniter\Boot::runCodeIgniter(Object(CodeIgniter\CodeIgniter))
 6 FCPATH\index.php(56): CodeIgniter\Boot::bootWeb(Object(Config\Paths))
DEBUG - 2026-05-15 21:39:47 --> Session: Class initialized using 'CodeIgniter\Session\Handlers\FileHandler' driver.
WARNING - 2026-05-15 21:39:47 --> [DEPRECATED] Creation of dynamic property CodeIgniter\Shield\Controllers\LoginController::$db is deprecated in APPPATH\Controllers\BaseController.php on line 57.
 1 SYSTEMPATH\CodeIgniter.php(904): App\Controllers\BaseController->initController(Object(CodeIgniter\HTTP\IncomingRequest), Object(CodeIgniter\HTTP\Response), Object(CodeIgniter\Log\Logger))
 2 SYSTEMPATH\CodeIgniter.php(498): CodeIgniter\CodeIgniter->createController()
 3 SYSTEMPATH\CodeIgniter.php(354): CodeIgniter\CodeIgniter->handleRequest(null, Object(Config\Cache), false)
 4 SYSTEMPATH\Boot.php(334): CodeIgniter\CodeIgniter->run()
 5 SYSTEMPATH\Boot.php(67): CodeIgniter\Boot::runCodeIgniter(Object(CodeIgniter\CodeIgniter))
 6 FCPATH\index.php(56): CodeIgniter\Boot::bootWeb(Object(Config\Paths))
DEBUG - 2026-05-15 21:39:47 --> Session: Class initialized using 'CodeIgniter\Session\Handlers\FileHandler' driver.
WARNING - 2026-05-15 21:39:47 --> [DEPRECATED] Creation of dynamic property CodeIgniter\Shield\Controllers\LoginController::$db is deprecated in APPPATH\Controllers\BaseController.php on line 57.
 1 SYSTEMPATH\CodeIgniter.php(904): App\Controllers\BaseController->initController(Object(CodeIgniter\HTTP\IncomingRequest), Object(CodeIgniter\HTTP\Response), Object(CodeIgniter\Log\Logger))
 2 SYSTEMPATH\CodeIgniter.php(498): CodeIgniter\CodeIgniter->createController()
 3 SYSTEMPATH\CodeIgniter.php(354): CodeIgniter\CodeIgniter->handleRequest(null, Object(Config\Cache), false)
 4 SYSTEMPATH\Boot.php(334): CodeIgniter\CodeIgniter->run()
 5 SYSTEMPATH\Boot.php(67): CodeIgniter\Boot::runCodeIgniter(Object(CodeIgniter\CodeIgniter))
 6 FCPATH\index.php(56): CodeIgniter\Boot::bootWeb(Object(Config\Paths))
DEBUG - 2026-05-15 21:39:47 --> Session: Class initialized using 'CodeIgniter\Session\Handlers\FileHandler' driver.
DEBUG - 2026-05-15 21:39:48 --> Session: Class initialized using 'CodeIgniter\Session\Handlers\FileHandler' driver.
WARNING - 2026-05-15 21:40:44 --> [DEPRECATED] Creation of dynamic property CodeIgniter\Shield\Controllers\LoginController::$db is deprecated in APPPATH\Controllers\BaseController.php on line 57.
 1 SYSTEMPATH\CodeIgniter.php(904): App\Controllers\BaseController->initController(Object(CodeIgniter\HTTP\IncomingRequest), Object(CodeIgniter\HTTP\Response), Object(CodeIgniter\Log\Logger))
 2 SYSTEMPATH\CodeIgniter.php(498): CodeIgniter\CodeIgniter->createController()
 3 SYSTEMPATH\CodeIgniter.php(354): CodeIgniter\CodeIgniter->handleRequest(null, Object(Config\Cache), false)
 4 SYSTEMPATH\Boot.php(334): CodeIgniter\CodeIgniter->run()
 5 SYSTEMPATH\Boot.php(67): CodeIgniter\Boot::runCodeIgniter(Object(CodeIgniter\CodeIgniter))
 6 FCPATH\index.php(56): CodeIgniter\Boot::bootWeb(Object(Config\Paths))
DEBUG - 2026-05-15 21:40:45 --> Session: Class initialized using 'CodeIgniter\Session\Handlers\FileHandler' driver.
DEBUG - 2026-05-15 21:40:45 --> Session: Class initialized using 'CodeIgniter\Session\Handlers\FileHandler' driver.
WARNING - 2026-05-15 21:40:59 --> [DEPRECATED] Creation of dynamic property CodeIgniter\Shield\Controllers\LoginController::$db is deprecated in APPPATH\Controllers\BaseController.php on line 57.
 1 SYSTEMPATH\CodeIgniter.php(904): App\Controllers\BaseController->initController(Object(CodeIgniter\HTTP\IncomingRequest), Object(CodeIgniter\HTTP\Response), Object(CodeIgniter\Log\Logger))
 2 SYSTEMPATH\CodeIgniter.php(498): CodeIgniter\CodeIgniter->createController()
 3 SYSTEMPATH\CodeIgniter.php(354): CodeIgniter\CodeIgniter->handleRequest(null, Object(Config\Cache), false)
 4 SYSTEMPATH\Boot.php(334): CodeIgniter\CodeIgniter->run()
 5 SYSTEMPATH\Boot.php(67): CodeIgniter\Boot::runCodeIgniter(Object(CodeIgniter\CodeIgniter))
 6 FCPATH\index.php(56): CodeIgniter\Boot::bootWeb(Object(Config\Paths))
DEBUG - 2026-05-15 21:40:59 --> Session: Class initialized using 'CodeIgniter\Session\Handlers\FileHandler' driver.
DEBUG - 2026-05-15 21:41:00 --> Session: Class initialized using 'CodeIgniter\Session\Handlers\FileHandler' driver.
WARNING - 2026-05-15 21:41:04 --> [DEPRECATED] Creation of dynamic property CodeIgniter\Shield\Controllers\LoginController::$db is deprecated in APPPATH\Controllers\BaseController.php on line 57.
 1 SYSTEMPATH\CodeIgniter.php(904): App\Controllers\BaseController->initController(Object(CodeIgniter\HTTP\IncomingRequest), Object(CodeIgniter\HTTP\Response), Object(CodeIgniter\Log\Logger))
 2 SYSTEMPATH\CodeIgniter.php(498): CodeIgniter\CodeIgniter->createController()
 3 SYSTEMPATH\CodeIgniter.php(354): CodeIgniter\CodeIgniter->handleRequest(null, Object(Config\Cache), false)
 4 SYSTEMPATH\Boot.php(334): CodeIgniter\CodeIgniter->run()
 5 SYSTEMPATH\Boot.php(67): CodeIgniter\Boot::runCodeIgniter(Object(CodeIgniter\CodeIgniter))
 6 FCPATH\index.php(56): CodeIgniter\Boot::bootWeb(Object(Config\Paths))
DEBUG - 2026-05-15 21:41:05 --> Session: Class initialized using 'CodeIgniter\Session\Handlers\FileHandler' driver.
DEBUG - 2026-05-15 21:41:05 --> Session: Class initialized using 'CodeIgniter\Session\Handlers\FileHandler' driver.
WARNING - 2026-05-15 21:41:31 --> [DEPRECATED] Creation of dynamic property CodeIgniter\Shield\Controllers\LoginController::$db is deprecated in APPPATH\Controllers\BaseController.php on line 57.
 1 SYSTEMPATH\CodeIgniter.php(904): App\Controllers\BaseController->initController(Object(CodeIgniter\HTTP\IncomingRequest), Object(CodeIgniter\HTTP\Response), Object(CodeIgniter\Log\Logger))
 2 SYSTEMPATH\CodeIgniter.php(498): CodeIgniter\CodeIgniter->createController()
 3 SYSTEMPATH\CodeIgniter.php(354): CodeIgniter\CodeIgniter->handleRequest(null, Object(Config\Cache), false)
 4 SYSTEMPATH\Boot.php(334): CodeIgniter\CodeIgniter->run()
 5 SYSTEMPATH\Boot.php(67): CodeIgniter\Boot::runCodeIgniter(Object(CodeIgniter\CodeIgniter))
 6 FCPATH\index.php(56): CodeIgniter\Boot::bootWeb(Object(Config\Paths))
DEBUG - 2026-05-15 21:41:31 --> Session: Class initialized using 'CodeIgniter\Session\Handlers\FileHandler' driver.
DEBUG - 2026-05-15 21:41:32 --> Session: Class initialized using 'CodeIgniter\Session\Handlers\FileHandler' driver.
WARNING - 2026-05-15 21:41:33 --> [DEPRECATED] Creation of dynamic property CodeIgniter\Shield\Controllers\LoginController::$db is deprecated in APPPATH\Controllers\BaseController.php on line 57.
 1 SYSTEMPATH\CodeIgniter.php(904): App\Controllers\BaseController->initController(Object(CodeIgniter\HTTP\IncomingRequest), Object(CodeIgniter\HTTP\Response), Object(CodeIgniter\Log\Logger))
 2 SYSTEMPATH\CodeIgniter.php(498): CodeIgniter\CodeIgniter->createController()
 3 SYSTEMPATH\CodeIgniter.php(354): CodeIgniter\CodeIgniter->handleRequest(null, Object(Config\Cache), false)
 4 SYSTEMPATH\Boot.php(334): CodeIgniter\CodeIgniter->run()
 5 SYSTEMPATH\Boot.php(67): CodeIgniter\Boot::runCodeIgniter(Object(CodeIgniter\CodeIgniter))
 6 FCPATH\index.php(56): CodeIgniter\Boot::bootWeb(Object(Config\Paths))
DEBUG - 2026-05-15 21:41:33 --> Session: Class initialized using 'CodeIgniter\Session\Handlers\FileHandler' driver.
DEBUG - 2026-05-15 21:41:33 --> Session: Class initialized using 'CodeIgniter\Session\Handlers\FileHandler' driver.
WARNING - 2026-05-15 21:41:41 --> [DEPRECATED] Creation of dynamic property CodeIgniter\Shield\Controllers\LoginController::$db is deprecated in APPPATH\Controllers\BaseController.php on line 57.
 1 SYSTEMPATH\CodeIgniter.php(904): App\Controllers\BaseController->initController(Object(CodeIgniter\HTTP\IncomingRequest), Object(CodeIgniter\HTTP\Response), Object(CodeIgniter\Log\Logger))
 2 SYSTEMPATH\CodeIgniter.php(498): CodeIgniter\CodeIgniter->createController()
 3 SYSTEMPATH\CodeIgniter.php(354): CodeIgniter\CodeIgniter->handleRequest(null, Object(Config\Cache), false)
 4 SYSTEMPATH\Boot.php(334): CodeIgniter\CodeIgniter->run()
 5 SYSTEMPATH\Boot.php(67): CodeIgniter\Boot::runCodeIgniter(Object(CodeIgniter\CodeIgniter))
 6 FCPATH\index.php(56): CodeIgniter\Boot::bootWeb(Object(Config\Paths))
DEBUG - 2026-05-15 21:41:41 --> Session: Class initialized using 'CodeIgniter\Session\Handlers\FileHandler' driver.
DEBUG - 2026-05-15 21:41:41 --> Session: Class initialized using 'CodeIgniter\Session\Handlers\FileHandler' driver.
WARNING - 2026-05-15 21:41:42 --> [DEPRECATED] Creation of dynamic property CodeIgniter\Shield\Controllers\LoginController::$db is deprecated in APPPATH\Controllers\BaseController.php on line 57.
 1 SYSTEMPATH\CodeIgniter.php(904): App\Controllers\BaseController->initController(Object(CodeIgniter\HTTP\IncomingRequest), Object(CodeIgniter\HTTP\Response), Object(CodeIgniter\Log\Logger))
 2 SYSTEMPATH\CodeIgniter.php(498): CodeIgniter\CodeIgniter->createController()
 3 SYSTEMPATH\CodeIgniter.php(354): CodeIgniter\CodeIgniter->handleRequest(null, Object(Config\Cache), false)
 4 SYSTEMPATH\Boot.php(334): CodeIgniter\CodeIgniter->run()
 5 SYSTEMPATH\Boot.php(67): CodeIgniter\Boot::runCodeIgniter(Object(CodeIgniter\CodeIgniter))
 6 FCPATH\index.php(56): CodeIgniter\Boot::bootWeb(Object(Config\Paths))
DEBUG - 2026-05-15 21:41:42 --> Session: Class initialized using 'CodeIgniter\Session\Handlers\FileHandler' driver.
WARNING - 2026-05-15 21:41:42 --> [DEPRECATED] Creation of dynamic property CodeIgniter\Shield\Controllers\LoginController::$db is deprecated in APPPATH\Controllers\BaseController.php on line 57.
 1 SYSTEMPATH\CodeIgniter.php(904): App\Controllers\BaseController->initController(Object(CodeIgniter\HTTP\IncomingRequest), Object(CodeIgniter\HTTP\Response), Object(CodeIgniter\Log\Logger))
 2 SYSTEMPATH\CodeIgniter.php(498): CodeIgniter\CodeIgniter->createController()
 3 SYSTEMPATH\CodeIgniter.php(354): CodeIgniter\CodeIgniter->handleRequest(null, Object(Config\Cache), false)
 4 SYSTEMPATH\Boot.php(334): CodeIgniter\CodeIgniter->run()
 5 SYSTEMPATH\Boot.php(67): CodeIgniter\Boot::runCodeIgniter(Object(CodeIgniter\CodeIgniter))
 6 FCPATH\index.php(56): CodeIgniter\Boot::bootWeb(Object(Config\Paths))
DEBUG - 2026-05-15 21:41:42 --> Session: Class initialized using 'CodeIgniter\Session\Handlers\FileHandler' driver.
WARNING - 2026-05-15 21:41:42 --> [DEPRECATED] Creation of dynamic property CodeIgniter\Shield\Controllers\LoginController::$db is deprecated in APPPATH\Controllers\BaseController.php on line 57.
 1 SYSTEMPATH\CodeIgniter.php(904): App\Controllers\BaseController->initController(Object(CodeIgniter\HTTP\IncomingRequest), Object(CodeIgniter\HTTP\Response), Object(CodeIgniter\Log\Logger))
 2 SYSTEMPATH\CodeIgniter.php(498): CodeIgniter\CodeIgniter->createController()
 3 SYSTEMPATH\CodeIgniter.php(354): CodeIgniter\CodeIgniter->handleRequest(null, Object(Config\Cache), false)
 4 SYSTEMPATH\Boot.php(334): CodeIgniter\CodeIgniter->run()
 5 SYSTEMPATH\Boot.php(67): CodeIgniter\Boot::runCodeIgniter(Object(CodeIgniter\CodeIgniter))
 6 FCPATH\index.php(56): CodeIgniter\Boot::bootWeb(Object(Config\Paths))
DEBUG - 2026-05-15 21:41:42 --> Session: Class initialized using 'CodeIgniter\Session\Handlers\FileHandler' driver.
DEBUG - 2026-05-15 21:41:43 --> Session: Class initialized using 'CodeIgniter\Session\Handlers\FileHandler' driver.
WARNING - 2026-05-15 21:41:51 --> [DEPRECATED] Creation of dynamic property CodeIgniter\Shield\Controllers\LoginController::$db is deprecated in APPPATH\Controllers\BaseController.php on line 57.
 1 SYSTEMPATH\CodeIgniter.php(904): App\Controllers\BaseController->initController(Object(CodeIgniter\HTTP\IncomingRequest), Object(CodeIgniter\HTTP\Response), Object(CodeIgniter\Log\Logger))
 2 SYSTEMPATH\CodeIgniter.php(498): CodeIgniter\CodeIgniter->createController()
 3 SYSTEMPATH\CodeIgniter.php(354): CodeIgniter\CodeIgniter->handleRequest(null, Object(Config\Cache), false)
 4 SYSTEMPATH\Boot.php(334): CodeIgniter\CodeIgniter->run()
 5 SYSTEMPATH\Boot.php(67): CodeIgniter\Boot::runCodeIgniter(Object(CodeIgniter\CodeIgniter))
 6 FCPATH\index.php(56): CodeIgniter\Boot::bootWeb(Object(Config\Paths))
DEBUG - 2026-05-15 21:41:51 --> Session: Class initialized using 'CodeIgniter\Session\Handlers\FileHandler' driver.
DEBUG - 2026-05-15 21:41:52 --> Session: Class initialized using 'CodeIgniter\Session\Handlers\FileHandler' driver.
WARNING - 2026-05-15 21:42:14 --> [DEPRECATED] Creation of dynamic property CodeIgniter\Shield\Controllers\LoginController::$db is deprecated in APPPATH\Controllers\BaseController.php on line 57.
 1 SYSTEMPATH\CodeIgniter.php(904): App\Controllers\BaseController->initController(Object(CodeIgniter\HTTP\IncomingRequest), Object(CodeIgniter\HTTP\Response), Object(CodeIgniter\Log\Logger))
 2 SYSTEMPATH\CodeIgniter.php(498): CodeIgniter\CodeIgniter->createController()
 3 SYSTEMPATH\CodeIgniter.php(354): CodeIgniter\CodeIgniter->handleRequest(null, Object(Config\Cache), false)
 4 SYSTEMPATH\Boot.php(334): CodeIgniter\CodeIgniter->run()
 5 SYSTEMPATH\Boot.php(67): CodeIgniter\Boot::runCodeIgniter(Object(CodeIgniter\CodeIgniter))
 6 FCPATH\index.php(56): CodeIgniter\Boot::bootWeb(Object(Config\Paths))
DEBUG - 2026-05-15 21:42:14 --> Session: Class initialized using 'CodeIgniter\Session\Handlers\FileHandler' driver.
DEBUG - 2026-05-15 21:42:14 --> Session: Class initialized using 'CodeIgniter\Session\Handlers\FileHandler' driver.
WARNING - 2026-05-15 21:42:15 --> [DEPRECATED] Creation of dynamic property CodeIgniter\Shield\Controllers\LoginController::$db is deprecated in APPPATH\Controllers\BaseController.php on line 57.
 1 SYSTEMPATH\CodeIgniter.php(904): App\Controllers\BaseController->initController(Object(CodeIgniter\HTTP\IncomingRequest), Object(CodeIgniter\HTTP\Response), Object(CodeIgniter\Log\Logger))
 2 SYSTEMPATH\CodeIgniter.php(498): CodeIgniter\CodeIgniter->createController()
 3 SYSTEMPATH\CodeIgniter.php(354): CodeIgniter\CodeIgniter->handleRequest(null, Object(Config\Cache), false)
 4 SYSTEMPATH\Boot.php(334): CodeIgniter\CodeIgniter->run()
 5 SYSTEMPATH\Boot.php(67): CodeIgniter\Boot::runCodeIgniter(Object(CodeIgniter\CodeIgniter))
 6 FCPATH\index.php(56): CodeIgniter\Boot::bootWeb(Object(Config\Paths))
DEBUG - 2026-05-15 21:42:15 --> Session: Class initialized using 'CodeIgniter\Session\Handlers\FileHandler' driver.
WARNING - 2026-05-15 21:42:15 --> [DEPRECATED] Creation of dynamic property CodeIgniter\Shield\Controllers\LoginController::$db is deprecated in APPPATH\Controllers\BaseController.php on line 57.
 1 SYSTEMPATH\CodeIgniter.php(904): App\Controllers\BaseController->initController(Object(CodeIgniter\HTTP\IncomingRequest), Object(CodeIgniter\HTTP\Response), Object(CodeIgniter\Log\Logger))
 2 SYSTEMPATH\CodeIgniter.php(498): CodeIgniter\CodeIgniter->createController()
 3 SYSTEMPATH\CodeIgniter.php(354): CodeIgniter\CodeIgniter->handleRequest(null, Object(Config\Cache), false)
 4 SYSTEMPATH\Boot.php(334): CodeIgniter\CodeIgniter->run()
 5 SYSTEMPATH\Boot.php(67): CodeIgniter\Boot::runCodeIgniter(Object(CodeIgniter\CodeIgniter))
 6 FCPATH\index.php(56): CodeIgniter\Boot::bootWeb(Object(Config\Paths))
DEBUG - 2026-05-15 21:42:15 --> Session: Class initialized using 'CodeIgniter\Session\Handlers\FileHandler' driver.
WARNING - 2026-05-15 21:42:16 --> [DEPRECATED] Creation of dynamic property CodeIgniter\Shield\Controllers\LoginController::$db is deprecated in APPPATH\Controllers\BaseController.php on line 57.
 1 SYSTEMPATH\CodeIgniter.php(904): App\Controllers\BaseController->initController(Object(CodeIgniter\HTTP\IncomingRequest), Object(CodeIgniter\HTTP\Response), Object(CodeIgniter\Log\Logger))
 2 SYSTEMPATH\CodeIgniter.php(498): CodeIgniter\CodeIgniter->createController()
 3 SYSTEMPATH\CodeIgniter.php(354): CodeIgniter\CodeIgniter->handleRequest(null, Object(Config\Cache), false)
 4 SYSTEMPATH\Boot.php(334): CodeIgniter\CodeIgniter->run()
 5 SYSTEMPATH\Boot.php(67): CodeIgniter\Boot::runCodeIgniter(Object(CodeIgniter\CodeIgniter))
 6 FCPATH\index.php(56): CodeIgniter\Boot::bootWeb(Object(Config\Paths))
DEBUG - 2026-05-15 21:42:16 --> Session: Class initialized using 'CodeIgniter\Session\Handlers\FileHandler' driver.
WARNING - 2026-05-15 21:42:16 --> [DEPRECATED] Creation of dynamic property CodeIgniter\Shield\Controllers\LoginController::$db is deprecated in APPPATH\Controllers\BaseController.php on line 57.
 1 SYSTEMPATH\CodeIgniter.php(904): App\Controllers\BaseController->initController(Object(CodeIgniter\HTTP\IncomingRequest), Object(CodeIgniter\HTTP\Response), Object(CodeIgniter\Log\Logger))
 2 SYSTEMPATH\CodeIgniter.php(498): CodeIgniter\CodeIgniter->createController()
 3 SYSTEMPATH\CodeIgniter.php(354): CodeIgniter\CodeIgniter->handleRequest(null, Object(Config\Cache), false)
 4 SYSTEMPATH\Boot.php(334): CodeIgniter\CodeIgniter->run()
 5 SYSTEMPATH\Boot.php(67): CodeIgniter\Boot::runCodeIgniter(Object(CodeIgniter\CodeIgniter))
 6 FCPATH\index.php(56): CodeIgniter\Boot::bootWeb(Object(Config\Paths))
DEBUG - 2026-05-15 21:42:16 --> Session: Class initialized using 'CodeIgniter\Session\Handlers\FileHandler' driver.
WARNING - 2026-05-15 21:42:16 --> [DEPRECATED] Creation of dynamic property CodeIgniter\Shield\Controllers\LoginController::$db is deprecated in APPPATH\Controllers\BaseController.php on line 57.
 1 SYSTEMPATH\CodeIgniter.php(904): App\Controllers\BaseController->initController(Object(CodeIgniter\HTTP\IncomingRequest), Object(CodeIgniter\HTTP\Response), Object(CodeIgniter\Log\Logger))
 2 SYSTEMPATH\CodeIgniter.php(498): CodeIgniter\CodeIgniter->createController()
 3 SYSTEMPATH\CodeIgniter.php(354): CodeIgniter\CodeIgniter->handleRequest(null, Object(Config\Cache), false)
 4 SYSTEMPATH\Boot.php(334): CodeIgniter\CodeIgniter->run()
 5 SYSTEMPATH\Boot.php(67): CodeIgniter\Boot::runCodeIgniter(Object(CodeIgniter\CodeIgniter))
 6 FCPATH\index.php(56): CodeIgniter\Boot::bootWeb(Object(Config\Paths))
DEBUG - 2026-05-15 21:42:16 --> Session: Class initialized using 'CodeIgniter\Session\Handlers\FileHandler' driver.
DEBUG - 2026-05-15 21:42:16 --> Session: Class initialized using 'CodeIgniter\Session\Handlers\FileHandler' driver.
WARNING - 2026-05-15 21:42:21 --> [DEPRECATED] Creation of dynamic property CodeIgniter\Shield\Controllers\LoginController::$db is deprecated in APPPATH\Controllers\BaseController.php on line 57.
 1 SYSTEMPATH\CodeIgniter.php(904): App\Controllers\BaseController->initController(Object(CodeIgniter\HTTP\IncomingRequest), Object(CodeIgniter\HTTP\Response), Object(CodeIgniter\Log\Logger))
 2 SYSTEMPATH\CodeIgniter.php(498): CodeIgniter\CodeIgniter->createController()
 3 SYSTEMPATH\CodeIgniter.php(354): CodeIgniter\CodeIgniter->handleRequest(null, Object(Config\Cache), false)
 4 SYSTEMPATH\Boot.php(334): CodeIgniter\CodeIgniter->run()
 5 SYSTEMPATH\Boot.php(67): CodeIgniter\Boot::runCodeIgniter(Object(CodeIgniter\CodeIgniter))
 6 FCPATH\index.php(56): CodeIgniter\Boot::bootWeb(Object(Config\Paths))
DEBUG - 2026-05-15 21:42:21 --> Session: Class initialized using 'CodeIgniter\Session\Handlers\FileHandler' driver.
DEBUG - 2026-05-15 21:42:21 --> Session: Class initialized using 'CodeIgniter\Session\Handlers\FileHandler' driver.
WARNING - 2026-05-15 21:43:30 --> [DEPRECATED] Creation of dynamic property CodeIgniter\Shield\Controllers\LoginController::$db is deprecated in APPPATH\Controllers\BaseController.php on line 57.
 1 SYSTEMPATH\CodeIgniter.php(904): App\Controllers\BaseController->initController(Object(CodeIgniter\HTTP\IncomingRequest), Object(CodeIgniter\HTTP\Response), Object(CodeIgniter\Log\Logger))
 2 SYSTEMPATH\CodeIgniter.php(498): CodeIgniter\CodeIgniter->createController()
 3 SYSTEMPATH\CodeIgniter.php(354): CodeIgniter\CodeIgniter->handleRequest(null, Object(Config\Cache), false)
 4 SYSTEMPATH\Boot.php(334): CodeIgniter\CodeIgniter->run()
 5 SYSTEMPATH\Boot.php(67): CodeIgniter\Boot::runCodeIgniter(Object(CodeIgniter\CodeIgniter))
 6 FCPATH\index.php(56): CodeIgniter\Boot::bootWeb(Object(Config\Paths))
DEBUG - 2026-05-15 21:43:30 --> Session: Class initialized using 'CodeIgniter\Session\Handlers\FileHandler' driver.
WARNING - 2026-05-15 21:43:30 --> [DEPRECATED] Creation of dynamic property CodeIgniter\Shield\Controllers\LoginController::$db is deprecated in APPPATH\Controllers\BaseController.php on line 57.
 1 SYSTEMPATH\CodeIgniter.php(904): App\Controllers\BaseController->initController(Object(CodeIgniter\HTTP\IncomingRequest), Object(CodeIgniter\HTTP\Response), Object(CodeIgniter\Log\Logger))
 2 SYSTEMPATH\CodeIgniter.php(498): CodeIgniter\CodeIgniter->createController()
 3 SYSTEMPATH\CodeIgniter.php(354): CodeIgniter\CodeIgniter->handleRequest(null, Object(Config\Cache), false)
 4 SYSTEMPATH\Boot.php(334): CodeIgniter\CodeIgniter->run()
 5 SYSTEMPATH\Boot.php(67): CodeIgniter\Boot::runCodeIgniter(Object(CodeIgniter\CodeIgniter))
 6 FCPATH\index.php(56): CodeIgniter\Boot::bootWeb(Object(Config\Paths))
DEBUG - 2026-05-15 21:43:30 --> Session: Class initialized using 'CodeIgniter\Session\Handlers\FileHandler' driver.
DEBUG - 2026-05-15 21:43:31 --> Session: Class initialized using 'CodeIgniter\Session\Handlers\FileHandler' driver.
WARNING - 2026-05-15 21:43:54 --> [DEPRECATED] Creation of dynamic property CodeIgniter\Shield\Controllers\LoginController::$db is deprecated in APPPATH\Controllers\BaseController.php on line 57.
 1 SYSTEMPATH\CodeIgniter.php(904): App\Controllers\BaseController->initController(Object(CodeIgniter\HTTP\IncomingRequest), Object(CodeIgniter\HTTP\Response), Object(CodeIgniter\Log\Logger))
 2 SYSTEMPATH\CodeIgniter.php(498): CodeIgniter\CodeIgniter->createController()
 3 SYSTEMPATH\CodeIgniter.php(354): CodeIgniter\CodeIgniter->handleRequest(null, Object(Config\Cache), false)
 4 SYSTEMPATH\Boot.php(334): CodeIgniter\CodeIgniter->run()
 5 SYSTEMPATH\Boot.php(67): CodeIgniter\Boot::runCodeIgniter(Object(CodeIgniter\CodeIgniter))
 6 FCPATH\index.php(56): CodeIgniter\Boot::bootWeb(Object(Config\Paths))
DEBUG - 2026-05-15 21:43:54 --> Session: Class initialized using 'CodeIgniter\Session\Handlers\FileHandler' driver.
DEBUG - 2026-05-15 21:43:55 --> Session: Class initialized using 'CodeIgniter\Session\Handlers\FileHandler' driver.
WARNING - 2026-05-15 21:44:06 --> [DEPRECATED] Creation of dynamic property CodeIgniter\Shield\Controllers\LoginController::$db is deprecated in APPPATH\Controllers\BaseController.php on line 57.
 1 SYSTEMPATH\CodeIgniter.php(904): App\Controllers\BaseController->initController(Object(CodeIgniter\HTTP\IncomingRequest), Object(CodeIgniter\HTTP\Response), Object(CodeIgniter\Log\Logger))
 2 SYSTEMPATH\CodeIgniter.php(498): CodeIgniter\CodeIgniter->createController()
 3 SYSTEMPATH\CodeIgniter.php(354): CodeIgniter\CodeIgniter->handleRequest(null, Object(Config\Cache), false)
 4 SYSTEMPATH\Boot.php(334): CodeIgniter\CodeIgniter->run()
 5 SYSTEMPATH\Boot.php(67): CodeIgniter\Boot::runCodeIgniter(Object(CodeIgniter\CodeIgniter))
 6 FCPATH\index.php(56): CodeIgniter\Boot::bootWeb(Object(Config\Paths))
DEBUG - 2026-05-15 21:44:07 --> Session: Class initialized using 'CodeIgniter\Session\Handlers\FileHandler' driver.
DEBUG - 2026-05-15 21:44:07 --> Session: Class initialized using 'CodeIgniter\Session\Handlers\FileHandler' driver.
WARNING - 2026-05-15 21:44:17 --> [DEPRECATED] Creation of dynamic property CodeIgniter\Shield\Controllers\LoginController::$db is deprecated in APPPATH\Controllers\BaseController.php on line 57.
 1 SYSTEMPATH\CodeIgniter.php(904): App\Controllers\BaseController->initController(Object(CodeIgniter\HTTP\IncomingRequest), Object(CodeIgniter\HTTP\Response), Object(CodeIgniter\Log\Logger))
 2 SYSTEMPATH\CodeIgniter.php(498): CodeIgniter\CodeIgniter->createController()
 3 SYSTEMPATH\CodeIgniter.php(354): CodeIgniter\CodeIgniter->handleRequest(null, Object(Config\Cache), false)
 4 SYSTEMPATH\Boot.php(334): CodeIgniter\CodeIgniter->run()
 5 SYSTEMPATH\Boot.php(67): CodeIgniter\Boot::runCodeIgniter(Object(CodeIgniter\CodeIgniter))
 6 FCPATH\index.php(56): CodeIgniter\Boot::bootWeb(Object(Config\Paths))
DEBUG - 2026-05-15 21:44:17 --> Session: Class initialized using 'CodeIgniter\Session\Handlers\FileHandler' driver.
DEBUG - 2026-05-15 21:44:18 --> Session: Class initialized using 'CodeIgniter\Session\Handlers\FileHandler' driver.
WARNING - 2026-05-15 21:45:01 --> [DEPRECATED] Creation of dynamic property CodeIgniter\Shield\Controllers\LoginController::$db is deprecated in APPPATH\Controllers\BaseController.php on line 57.
 1 SYSTEMPATH\CodeIgniter.php(904): App\Controllers\BaseController->initController(Object(CodeIgniter\HTTP\IncomingRequest), Object(CodeIgniter\HTTP\Response), Object(CodeIgniter\Log\Logger))
 2 SYSTEMPATH\CodeIgniter.php(498): CodeIgniter\CodeIgniter->createController()
 3 SYSTEMPATH\CodeIgniter.php(354): CodeIgniter\CodeIgniter->handleRequest(null, Object(Config\Cache), false)
 4 SYSTEMPATH\Boot.php(334): CodeIgniter\CodeIgniter->run()
 5 SYSTEMPATH\Boot.php(67): CodeIgniter\Boot::runCodeIgniter(Object(CodeIgniter\CodeIgniter))
 6 FCPATH\index.php(56): CodeIgniter\Boot::bootWeb(Object(Config\Paths))
DEBUG - 2026-05-15 21:45:01 --> Session: Class initialized using 'CodeIgniter\Session\Handlers\FileHandler' driver.
DEBUG - 2026-05-15 21:45:02 --> Session: Class initialized using 'CodeIgniter\Session\Handlers\FileHandler' driver.
WARNING - 2026-05-15 21:46:01 --> [DEPRECATED] Creation of dynamic property CodeIgniter\Shield\Controllers\LoginController::$db is deprecated in APPPATH\Controllers\BaseController.php on line 57.
 1 SYSTEMPATH\CodeIgniter.php(904): App\Controllers\BaseController->initController(Object(CodeIgniter\HTTP\IncomingRequest), Object(CodeIgniter\HTTP\Response), Object(CodeIgniter\Log\Logger))
 2 SYSTEMPATH\CodeIgniter.php(498): CodeIgniter\CodeIgniter->createController()
 3 SYSTEMPATH\CodeIgniter.php(354): CodeIgniter\CodeIgniter->handleRequest(null, Object(Config\Cache), false)
 4 SYSTEMPATH\Boot.php(334): CodeIgniter\CodeIgniter->run()
 5 SYSTEMPATH\Boot.php(67): CodeIgniter\Boot::runCodeIgniter(Object(CodeIgniter\CodeIgniter))
 6 FCPATH\index.php(56): CodeIgniter\Boot::bootWeb(Object(Config\Paths))
DEBUG - 2026-05-15 21:46:01 --> Session: Class initialized using 'CodeIgniter\Session\Handlers\FileHandler' driver.
DEBUG - 2026-05-15 21:46:01 --> Session: Class initialized using 'CodeIgniter\Session\Handlers\FileHandler' driver.
WARNING - 2026-05-15 21:46:06 --> [DEPRECATED] Creation of dynamic property CodeIgniter\Shield\Controllers\LoginController::$db is deprecated in APPPATH\Controllers\BaseController.php on line 57.
 1 SYSTEMPATH\CodeIgniter.php(904): App\Controllers\BaseController->initController(Object(CodeIgniter\HTTP\IncomingRequest), Object(CodeIgniter\HTTP\Response), Object(CodeIgniter\Log\Logger))
 2 SYSTEMPATH\CodeIgniter.php(498): CodeIgniter\CodeIgniter->createController()
 3 SYSTEMPATH\CodeIgniter.php(354): CodeIgniter\CodeIgniter->handleRequest(null, Object(Config\Cache), false)
 4 SYSTEMPATH\Boot.php(334): CodeIgniter\CodeIgniter->run()
 5 SYSTEMPATH\Boot.php(67): CodeIgniter\Boot::runCodeIgniter(Object(CodeIgniter\CodeIgniter))
 6 FCPATH\index.php(56): CodeIgniter\Boot::bootWeb(Object(Config\Paths))
DEBUG - 2026-05-15 21:46:06 --> Session: Class initialized using 'CodeIgniter\Session\Handlers\FileHandler' driver.
WARNING - 2026-05-15 21:46:07 --> [DEPRECATED] Creation of dynamic property CodeIgniter\Shield\Controllers\LoginController::$db is deprecated in APPPATH\Controllers\BaseController.php on line 57.
 1 SYSTEMPATH\CodeIgniter.php(904): App\Controllers\BaseController->initController(Object(CodeIgniter\HTTP\IncomingRequest), Object(CodeIgniter\HTTP\Response), Object(CodeIgniter\Log\Logger))
 2 SYSTEMPATH\CodeIgniter.php(498): CodeIgniter\CodeIgniter->createController()
 3 SYSTEMPATH\CodeIgniter.php(354): CodeIgniter\CodeIgniter->handleRequest(null, Object(Config\Cache), false)
 4 SYSTEMPATH\Boot.php(334): CodeIgniter\CodeIgniter->run()
 5 SYSTEMPATH\Boot.php(67): CodeIgniter\Boot::runCodeIgniter(Object(CodeIgniter\CodeIgniter))
 6 FCPATH\index.php(56): CodeIgniter\Boot::bootWeb(Object(Config\Paths))
DEBUG - 2026-05-15 21:46:07 --> Session: Class initialized using 'CodeIgniter\Session\Handlers\FileHandler' driver.
DEBUG - 2026-05-15 21:46:07 --> Session: Class initialized using 'CodeIgniter\Session\Handlers\FileHandler' driver.
WARNING - 2026-05-15 21:46:43 --> [DEPRECATED] Creation of dynamic property CodeIgniter\Shield\Controllers\LoginController::$db is deprecated in APPPATH\Controllers\BaseController.php on line 57.
 1 SYSTEMPATH\CodeIgniter.php(904): App\Controllers\BaseController->initController(Object(CodeIgniter\HTTP\IncomingRequest), Object(CodeIgniter\HTTP\Response), Object(CodeIgniter\Log\Logger))
 2 SYSTEMPATH\CodeIgniter.php(498): CodeIgniter\CodeIgniter->createController()
 3 SYSTEMPATH\CodeIgniter.php(354): CodeIgniter\CodeIgniter->handleRequest(null, Object(Config\Cache), false)
 4 SYSTEMPATH\Boot.php(334): CodeIgniter\CodeIgniter->run()
 5 SYSTEMPATH\Boot.php(67): CodeIgniter\Boot::runCodeIgniter(Object(CodeIgniter\CodeIgniter))
 6 FCPATH\index.php(56): CodeIgniter\Boot::bootWeb(Object(Config\Paths))
DEBUG - 2026-05-15 21:46:43 --> Session: Class initialized using 'CodeIgniter\Session\Handlers\FileHandler' driver.
DEBUG - 2026-05-15 21:46:43 --> Session: Class initialized using 'CodeIgniter\Session\Handlers\FileHandler' driver.
ERROR - 2026-05-15 21:46:43 --> mysqli_sql_exception: Table 'dbgscgea3.tbldownloads' doesn't exist in C:\xampp\htdocs\gscgeavotingsystem\vendor\codeigniter4\framework\system\Database\MySQLi\Connection.php:327
Stack trace:
#0 C:\xampp\htdocs\gscgeavotingsystem\vendor\codeigniter4\framework\system\Database\MySQLi\Connection.php(327): mysqli->query('SELECT *\nFROM `...', 0)
#1 C:\xampp\htdocs\gscgeavotingsystem\vendor\codeigniter4\framework\system\Database\BaseConnection.php(738): CodeIgniter\Database\MySQLi\Connection->execute('SELECT *\nFROM `...')
#2 C:\xampp\htdocs\gscgeavotingsystem\vendor\codeigniter4\framework\system\Database\BaseConnection.php(652): CodeIgniter\Database\BaseConnection->simpleQuery('SELECT *\nFROM `...')
#3 C:\xampp\htdocs\gscgeavotingsystem\vendor\codeigniter4\framework\system\Database\BaseBuilder.php(1649): CodeIgniter\Database\BaseConnection->query('SELECT *\nFROM `...', Array, false)
#4 C:\xampp\htdocs\gscgeavotingsystem\app\Controllers\Downloads.php(39): CodeIgniter\Database\BaseBuilder->get()
#5 C:\xampp\htdocs\gscgeavotingsystem\vendor\codeigniter4\framework\system\CodeIgniter.php(933): App\Controllers\Downloads->getIndex()
#6 C:\xampp\htdocs\gscgeavotingsystem\vendor\codeigniter4\framework\system\CodeIgniter.php(507): CodeIgniter\CodeIgniter->runController(Object(App\Controllers\Downloads))
#7 C:\xampp\htdocs\gscgeavotingsystem\vendor\codeigniter4\framework\system\CodeIgniter.php(354): CodeIgniter\CodeIgniter->handleRequest(NULL, Object(Config\Cache), false)
#8 C:\xampp\htdocs\gscgeavotingsystem\vendor\codeigniter4\framework\system\Boot.php(334): CodeIgniter\CodeIgniter->run()
#9 C:\xampp\htdocs\gscgeavotingsystem\vendor\codeigniter4\framework\system\Boot.php(67): CodeIgniter\Boot::runCodeIgniter(Object(CodeIgniter\CodeIgniter))
#10 C:\xampp\htdocs\gscgeavotingsystem\public\index.php(56): CodeIgniter\Boot::bootWeb(Object(Config\Paths))
#11 {main}
CRITICAL - 2026-05-15 21:46:43 --> CodeIgniter\Database\Exceptions\DatabaseException: Table 'dbgscgea3.tbldownloads' doesn't exist
[Method: GET, Route: downloads]
in SYSTEMPATH\Database\BaseConnection.php on line 692.
 1 SYSTEMPATH\Database\BaseBuilder.php(1649): CodeIgniter\Database\BaseConnection->query('SELECT *
FROM `tbldownloads`
WHERE IFNULL(IsActive, 0) = :IFNULL(IsActive, 0):
AND  CONCAT(Category, FileName) LIKE :CONCAT(Category, FileName): ESCAPE \'!\'
ORDER BY `Category` DESC, `FileName` DESC
 LIMIT 300', [...], false)
 2 APPPATH\Controllers\Downloads.php(39): CodeIgniter\Database\BaseBuilder->get()
 3 SYSTEMPATH\CodeIgniter.php(933): App\Controllers\Downloads->getIndex()
 4 SYSTEMPATH\CodeIgniter.php(507): CodeIgniter\CodeIgniter->runController(Object(App\Controllers\Downloads))
 5 SYSTEMPATH\CodeIgniter.php(354): CodeIgniter\CodeIgniter->handleRequest(null, Object(Config\Cache), false)
 6 SYSTEMPATH\Boot.php(334): CodeIgniter\CodeIgniter->run()
 7 SYSTEMPATH\Boot.php(67): CodeIgniter\Boot::runCodeIgniter(Object(CodeIgniter\CodeIgniter))
 8 FCPATH\index.php(56): CodeIgniter\Boot::bootWeb(Object(Config\Paths))
CRITICAL - 2026-05-15 21:46:43 --> [Caused by] CodeIgniter\Database\Exceptions\DatabaseException: Table 'dbgscgea3.tbldownloads' doesn't exist
in SYSTEMPATH\Database\MySQLi\Connection.php on line 332.
 1 SYSTEMPATH\Database\BaseConnection.php(738): CodeIgniter\Database\MySQLi\Connection->execute('SELECT *
FROM `tbldownloads`
WHERE IFNULL(IsActive, 0) = \'1\'
AND  CONCAT(Category, FileName) LIKE \'%%\' ESCAPE \'!\'
ORDER BY `Category` DESC, `FileName` DESC
 LIMIT 300')
 2 SYSTEMPATH\Database\BaseConnection.php(652): CodeIgniter\Database\BaseConnection->simpleQuery('SELECT *
FROM `tbldownloads`
WHERE IFNULL(IsActive, 0) = \'1\'
AND  CONCAT(Category, FileName) LIKE \'%%\' ESCAPE \'!\'
ORDER BY `Category` DESC, `FileName` DESC
 LIMIT 300')
 3 SYSTEMPATH\Database\BaseBuilder.php(1649): CodeIgniter\Database\BaseConnection->query('SELECT *
FROM `tbldownloads`
WHERE IFNULL(IsActive, 0) = :IFNULL(IsActive, 0):
AND  CONCAT(Category, FileName) LIKE :CONCAT(Category, FileName): ESCAPE \'!\'
ORDER BY `Category` DESC, `FileName` DESC
 LIMIT 300', [...], false)
 4 APPPATH\Controllers\Downloads.php(39): CodeIgniter\Database\BaseBuilder->get()
 5 SYSTEMPATH\CodeIgniter.php(933): App\Controllers\Downloads->getIndex()
 6 SYSTEMPATH\CodeIgniter.php(507): CodeIgniter\CodeIgniter->runController(Object(App\Controllers\Downloads))
 7 SYSTEMPATH\CodeIgniter.php(354): CodeIgniter\CodeIgniter->handleRequest(null, Object(Config\Cache), false)
 8 SYSTEMPATH\Boot.php(334): CodeIgniter\CodeIgniter->run()
 9 SYSTEMPATH\Boot.php(67): CodeIgniter\Boot::runCodeIgniter(Object(CodeIgniter\CodeIgniter))
10 FCPATH\index.php(56): CodeIgniter\Boot::bootWeb(Object(Config\Paths))
CRITICAL - 2026-05-15 21:46:43 --> [Caused by] mysqli_sql_exception: Table 'dbgscgea3.tbldownloads' doesn't exist
in SYSTEMPATH\Database\MySQLi\Connection.php on line 327.
 1 SYSTEMPATH\Database\MySQLi\Connection.php(327): mysqli->query('SELECT *
FROM `tbldownloads`
WHERE IFNULL(IsActive, 0) = \'1\'
AND  CONCAT(Category, FileName) LIKE \'%%\' ESCAPE \'!\'
ORDER BY `Category` DESC, `FileName` DESC
 LIMIT 300', 0)
 2 SYSTEMPATH\Database\BaseConnection.php(738): CodeIgniter\Database\MySQLi\Connection->execute('SELECT *
FROM `tbldownloads`
WHERE IFNULL(IsActive, 0) = \'1\'
AND  CONCAT(Category, FileName) LIKE \'%%\' ESCAPE \'!\'
ORDER BY `Category` DESC, `FileName` DESC
 LIMIT 300')
 3 SYSTEMPATH\Database\BaseConnection.php(652): CodeIgniter\Database\BaseConnection->simpleQuery('SELECT *
FROM `tbldownloads`
WHERE IFNULL(IsActive, 0) = \'1\'
AND  CONCAT(Category, FileName) LIKE \'%%\' ESCAPE \'!\'
ORDER BY `Category` DESC, `FileName` DESC
 LIMIT 300')
 4 SYSTEMPATH\Database\BaseBuilder.php(1649): CodeIgniter\Database\BaseConnection->query('SELECT *
FROM `tbldownloads`
WHERE IFNULL(IsActive, 0) = :IFNULL(IsActive, 0):
AND  CONCAT(Category, FileName) LIKE :CONCAT(Category, FileName): ESCAPE \'!\'
ORDER BY `Category` DESC, `FileName` DESC
 LIMIT 300', [...], false)
 5 APPPATH\Controllers\Downloads.php(39): CodeIgniter\Database\BaseBuilder->get()
 6 SYSTEMPATH\CodeIgniter.php(933): App\Controllers\Downloads->getIndex()
 7 SYSTEMPATH\CodeIgniter.php(507): CodeIgniter\CodeIgniter->runController(Object(App\Controllers\Downloads))
 8 SYSTEMPATH\CodeIgniter.php(354): CodeIgniter\CodeIgniter->handleRequest(null, Object(Config\Cache), false)
 9 SYSTEMPATH\Boot.php(334): CodeIgniter\CodeIgniter->run()
10 SYSTEMPATH\Boot.php(67): CodeIgniter\Boot::runCodeIgniter(Object(CodeIgniter\CodeIgniter))
11 FCPATH\index.php(56): CodeIgniter\Boot::bootWeb(Object(Config\Paths))
WARNING - 2026-05-15 21:46:48 --> [DEPRECATED] Creation of dynamic property CodeIgniter\Shield\Controllers\LoginController::$db is deprecated in APPPATH\Controllers\BaseController.php on line 57.
 1 SYSTEMPATH\CodeIgniter.php(904): App\Controllers\BaseController->initController(Object(CodeIgniter\HTTP\IncomingRequest), Object(CodeIgniter\HTTP\Response), Object(CodeIgniter\Log\Logger))
 2 SYSTEMPATH\CodeIgniter.php(498): CodeIgniter\CodeIgniter->createController()
 3 SYSTEMPATH\CodeIgniter.php(354): CodeIgniter\CodeIgniter->handleRequest(null, Object(Config\Cache), false)
 4 SYSTEMPATH\Boot.php(334): CodeIgniter\CodeIgniter->run()
 5 SYSTEMPATH\Boot.php(67): CodeIgniter\Boot::runCodeIgniter(Object(CodeIgniter\CodeIgniter))
 6 FCPATH\index.php(56): CodeIgniter\Boot::bootWeb(Object(Config\Paths))
DEBUG - 2026-05-15 21:46:48 --> Session: Class initialized using 'CodeIgniter\Session\Handlers\FileHandler' driver.
DEBUG - 2026-05-15 21:46:48 --> Session: Class initialized using 'CodeIgniter\Session\Handlers\FileHandler' driver.
ERROR - 2026-05-15 21:46:48 --> mysqli_sql_exception: Table 'dbgscgea3.tbldownloads' doesn't exist in C:\xampp\htdocs\gscgeavotingsystem\vendor\codeigniter4\framework\system\Database\MySQLi\Connection.php:327
Stack trace:
#0 C:\xampp\htdocs\gscgeavotingsystem\vendor\codeigniter4\framework\system\Database\MySQLi\Connection.php(327): mysqli->query('SELECT *\nFROM `...', 0)
#1 C:\xampp\htdocs\gscgeavotingsystem\vendor\codeigniter4\framework\system\Database\BaseConnection.php(738): CodeIgniter\Database\MySQLi\Connection->execute('SELECT *\nFROM `...')
#2 C:\xampp\htdocs\gscgeavotingsystem\vendor\codeigniter4\framework\system\Database\BaseConnection.php(652): CodeIgniter\Database\BaseConnection->simpleQuery('SELECT *\nFROM `...')
#3 C:\xampp\htdocs\gscgeavotingsystem\vendor\codeigniter4\framework\system\Database\BaseBuilder.php(1649): CodeIgniter\Database\BaseConnection->query('SELECT *\nFROM `...', Array, false)
#4 C:\xampp\htdocs\gscgeavotingsystem\app\Controllers\Downloads.php(39): CodeIgniter\Database\BaseBuilder->get()
#5 C:\xampp\htdocs\gscgeavotingsystem\vendor\codeigniter4\framework\system\CodeIgniter.php(933): App\Controllers\Downloads->getIndex()
#6 C:\xampp\htdocs\gscgeavotingsystem\vendor\codeigniter4\framework\system\CodeIgniter.php(507): CodeIgniter\CodeIgniter->runController(Object(App\Controllers\Downloads))
#7 C:\xampp\htdocs\gscgeavotingsystem\vendor\codeigniter4\framework\system\CodeIgniter.php(354): CodeIgniter\CodeIgniter->handleRequest(NULL, Object(Config\Cache), false)
#8 C:\xampp\htdocs\gscgeavotingsystem\vendor\codeigniter4\framework\system\Boot.php(334): CodeIgniter\CodeIgniter->run()
#9 C:\xampp\htdocs\gscgeavotingsystem\vendor\codeigniter4\framework\system\Boot.php(67): CodeIgniter\Boot::runCodeIgniter(Object(CodeIgniter\CodeIgniter))
#10 C:\xampp\htdocs\gscgeavotingsystem\public\index.php(56): CodeIgniter\Boot::bootWeb(Object(Config\Paths))
#11 {main}
CRITICAL - 2026-05-15 21:46:48 --> CodeIgniter\Database\Exceptions\DatabaseException: Table 'dbgscgea3.tbldownloads' doesn't exist
[Method: GET, Route: downloads]
in SYSTEMPATH\Database\BaseConnection.php on line 692.
 1 SYSTEMPATH\Database\BaseBuilder.php(1649): CodeIgniter\Database\BaseConnection->query('SELECT *
FROM `tbldownloads`
WHERE IFNULL(IsActive, 0) = :IFNULL(IsActive, 0):
AND  CONCAT(Category, FileName) LIKE :CONCAT(Category, FileName): ESCAPE \'!\'
ORDER BY `Category` DESC, `FileName` DESC
 LIMIT 300', [...], false)
 2 APPPATH\Controllers\Downloads.php(39): CodeIgniter\Database\BaseBuilder->get()
 3 SYSTEMPATH\CodeIgniter.php(933): App\Controllers\Downloads->getIndex()
 4 SYSTEMPATH\CodeIgniter.php(507): CodeIgniter\CodeIgniter->runController(Object(App\Controllers\Downloads))
 5 SYSTEMPATH\CodeIgniter.php(354): CodeIgniter\CodeIgniter->handleRequest(null, Object(Config\Cache), false)
 6 SYSTEMPATH\Boot.php(334): CodeIgniter\CodeIgniter->run()
 7 SYSTEMPATH\Boot.php(67): CodeIgniter\Boot::runCodeIgniter(Object(CodeIgniter\CodeIgniter))
 8 FCPATH\index.php(56): CodeIgniter\Boot::bootWeb(Object(Config\Paths))
CRITICAL - 2026-05-15 21:46:48 --> [Caused by] CodeIgniter\Database\Exceptions\DatabaseException: Table 'dbgscgea3.tbldownloads' doesn't exist
in SYSTEMPATH\Database\MySQLi\Connection.php on line 332.
 1 SYSTEMPATH\Database\BaseConnection.php(738): CodeIgniter\Database\MySQLi\Connection->execute('SELECT *
FROM `tbldownloads`
WHERE IFNULL(IsActive, 0) = \'1\'
AND  CONCAT(Category, FileName) LIKE \'%%\' ESCAPE \'!\'
ORDER BY `Category` DESC, `FileName` DESC
 LIMIT 300')
 2 SYSTEMPATH\Database\BaseConnection.php(652): CodeIgniter\Database\BaseConnection->simpleQuery('SELECT *
FROM `tbldownloads`
WHERE IFNULL(IsActive, 0) = \'1\'
AND  CONCAT(Category, FileName) LIKE \'%%\' ESCAPE \'!\'
ORDER BY `Category` DESC, `FileName` DESC
 LIMIT 300')
 3 SYSTEMPATH\Database\BaseBuilder.php(1649): CodeIgniter\Database\BaseConnection->query('SELECT *
FROM `tbldownloads`
WHERE IFNULL(IsActive, 0) = :IFNULL(IsActive, 0):
AND  CONCAT(Category, FileName) LIKE :CONCAT(Category, FileName): ESCAPE \'!\'
ORDER BY `Category` DESC, `FileName` DESC
 LIMIT 300', [...], false)
 4 APPPATH\Controllers\Downloads.php(39): CodeIgniter\Database\BaseBuilder->get()
 5 SYSTEMPATH\CodeIgniter.php(933): App\Controllers\Downloads->getIndex()
 6 SYSTEMPATH\CodeIgniter.php(507): CodeIgniter\CodeIgniter->runController(Object(App\Controllers\Downloads))
 7 SYSTEMPATH\CodeIgniter.php(354): CodeIgniter\CodeIgniter->handleRequest(null, Object(Config\Cache), false)
 8 SYSTEMPATH\Boot.php(334): CodeIgniter\CodeIgniter->run()
 9 SYSTEMPATH\Boot.php(67): CodeIgniter\Boot::runCodeIgniter(Object(CodeIgniter\CodeIgniter))
10 FCPATH\index.php(56): CodeIgniter\Boot::bootWeb(Object(Config\Paths))
CRITICAL - 2026-05-15 21:46:48 --> [Caused by] mysqli_sql_exception: Table 'dbgscgea3.tbldownloads' doesn't exist
in SYSTEMPATH\Database\MySQLi\Connection.php on line 327.
 1 SYSTEMPATH\Database\MySQLi\Connection.php(327): mysqli->query('SELECT *
FROM `tbldownloads`
WHERE IFNULL(IsActive, 0) = \'1\'
AND  CONCAT(Category, FileName) LIKE \'%%\' ESCAPE \'!\'
ORDER BY `Category` DESC, `FileName` DESC
 LIMIT 300', 0)
 2 SYSTEMPATH\Database\BaseConnection.php(738): CodeIgniter\Database\MySQLi\Connection->execute('SELECT *
FROM `tbldownloads`
WHERE IFNULL(IsActive, 0) = \'1\'
AND  CONCAT(Category, FileName) LIKE \'%%\' ESCAPE \'!\'
ORDER BY `Category` DESC, `FileName` DESC
 LIMIT 300')
 3 SYSTEMPATH\Database\BaseConnection.php(652): CodeIgniter\Database\BaseConnection->simpleQuery('SELECT *
FROM `tbldownloads`
WHERE IFNULL(IsActive, 0) = \'1\'
AND  CONCAT(Category, FileName) LIKE \'%%\' ESCAPE \'!\'
ORDER BY `Category` DESC, `FileName` DESC
 LIMIT 300')
 4 SYSTEMPATH\Database\BaseBuilder.php(1649): CodeIgniter\Database\BaseConnection->query('SELECT *
FROM `tbldownloads`
WHERE IFNULL(IsActive, 0) = :IFNULL(IsActive, 0):
AND  CONCAT(Category, FileName) LIKE :CONCAT(Category, FileName): ESCAPE \'!\'
ORDER BY `Category` DESC, `FileName` DESC
 LIMIT 300', [...], false)
 5 APPPATH\Controllers\Downloads.php(39): CodeIgniter\Database\BaseBuilder->get()
 6 SYSTEMPATH\CodeIgniter.php(933): App\Controllers\Downloads->getIndex()
 7 SYSTEMPATH\CodeIgniter.php(507): CodeIgniter\CodeIgniter->runController(Object(App\Controllers\Downloads))
 8 SYSTEMPATH\CodeIgniter.php(354): CodeIgniter\CodeIgniter->handleRequest(null, Object(Config\Cache), false)
 9 SYSTEMPATH\Boot.php(334): CodeIgniter\CodeIgniter->run()
10 SYSTEMPATH\Boot.php(67): CodeIgniter\Boot::runCodeIgniter(Object(CodeIgniter\CodeIgniter))
11 FCPATH\index.php(56): CodeIgniter\Boot::bootWeb(Object(Config\Paths))
DEBUG - 2026-05-15 21:51:58 --> Session: Class initialized using 'CodeIgniter\Session\Handlers\FileHandler' driver.
ERROR - 2026-05-15 21:51:58 --> mysqli_sql_exception: Table 'dbgscgea3.tbldownloads' doesn't exist in C:\xampp\htdocs\gscgeavotingsystem\vendor\codeigniter4\framework\system\Database\MySQLi\Connection.php:327
Stack trace:
#0 C:\xampp\htdocs\gscgeavotingsystem\vendor\codeigniter4\framework\system\Database\MySQLi\Connection.php(327): mysqli->query('SELECT *\nFROM `...', 0)
#1 C:\xampp\htdocs\gscgeavotingsystem\vendor\codeigniter4\framework\system\Database\BaseConnection.php(738): CodeIgniter\Database\MySQLi\Connection->execute('SELECT *\nFROM `...')
#2 C:\xampp\htdocs\gscgeavotingsystem\vendor\codeigniter4\framework\system\Database\BaseConnection.php(652): CodeIgniter\Database\BaseConnection->simpleQuery('SELECT *\nFROM `...')
#3 C:\xampp\htdocs\gscgeavotingsystem\vendor\codeigniter4\framework\system\Database\BaseBuilder.php(1649): CodeIgniter\Database\BaseConnection->query('SELECT *\nFROM `...', Array, false)
#4 C:\xampp\htdocs\gscgeavotingsystem\app\Controllers\Downloads.php(39): CodeIgniter\Database\BaseBuilder->get()
#5 C:\xampp\htdocs\gscgeavotingsystem\vendor\codeigniter4\framework\system\CodeIgniter.php(933): App\Controllers\Downloads->getIndex()
#6 C:\xampp\htdocs\gscgeavotingsystem\vendor\codeigniter4\framework\system\CodeIgniter.php(507): CodeIgniter\CodeIgniter->runController(Object(App\Controllers\Downloads))
#7 C:\xampp\htdocs\gscgeavotingsystem\vendor\codeigniter4\framework\system\CodeIgniter.php(354): CodeIgniter\CodeIgniter->handleRequest(NULL, Object(Config\Cache), false)
#8 C:\xampp\htdocs\gscgeavotingsystem\vendor\codeigniter4\framework\system\Boot.php(334): CodeIgniter\CodeIgniter->run()
#9 C:\xampp\htdocs\gscgeavotingsystem\vendor\codeigniter4\framework\system\Boot.php(67): CodeIgniter\Boot::runCodeIgniter(Object(CodeIgniter\CodeIgniter))
#10 C:\xampp\htdocs\gscgeavotingsystem\public\index.php(56): CodeIgniter\Boot::bootWeb(Object(Config\Paths))
#11 {main}
CRITICAL - 2026-05-15 21:51:58 --> CodeIgniter\Database\Exceptions\DatabaseException: Table 'dbgscgea3.tbldownloads' doesn't exist
[Method: GET, Route: downloads]
in SYSTEMPATH\Database\BaseConnection.php on line 692.
 1 SYSTEMPATH\Database\BaseBuilder.php(1649): CodeIgniter\Database\BaseConnection->query('SELECT *
FROM `tbldownloads`
WHERE IFNULL(IsActive, 0) = :IFNULL(IsActive, 0):
AND  CONCAT(Category, FileName) LIKE :CONCAT(Category, FileName): ESCAPE \'!\'
ORDER BY `Category` DESC, `FileName` DESC
 LIMIT 300', [...], false)
 2 APPPATH\Controllers\Downloads.php(39): CodeIgniter\Database\BaseBuilder->get()
 3 SYSTEMPATH\CodeIgniter.php(933): App\Controllers\Downloads->getIndex()
 4 SYSTEMPATH\CodeIgniter.php(507): CodeIgniter\CodeIgniter->runController(Object(App\Controllers\Downloads))
 5 SYSTEMPATH\CodeIgniter.php(354): CodeIgniter\CodeIgniter->handleRequest(null, Object(Config\Cache), false)
 6 SYSTEMPATH\Boot.php(334): CodeIgniter\CodeIgniter->run()
 7 SYSTEMPATH\Boot.php(67): CodeIgniter\Boot::runCodeIgniter(Object(CodeIgniter\CodeIgniter))
 8 FCPATH\index.php(56): CodeIgniter\Boot::bootWeb(Object(Config\Paths))
CRITICAL - 2026-05-15 21:51:58 --> [Caused by] CodeIgniter\Database\Exceptions\DatabaseException: Table 'dbgscgea3.tbldownloads' doesn't exist
in SYSTEMPATH\Database\MySQLi\Connection.php on line 332.
 1 SYSTEMPATH\Database\BaseConnection.php(738): CodeIgniter\Database\MySQLi\Connection->execute('SELECT *
FROM `tbldownloads`
WHERE IFNULL(IsActive, 0) = \'1\'
AND  CONCAT(Category, FileName) LIKE \'%%\' ESCAPE \'!\'
ORDER BY `Category` DESC, `FileName` DESC
 LIMIT 300')
 2 SYSTEMPATH\Database\BaseConnection.php(652): CodeIgniter\Database\BaseConnection->simpleQuery('SELECT *
FROM `tbldownloads`
WHERE IFNULL(IsActive, 0) = \'1\'
AND  CONCAT(Category, FileName) LIKE \'%%\' ESCAPE \'!\'
ORDER BY `Category` DESC, `FileName` DESC
 LIMIT 300')
 3 SYSTEMPATH\Database\BaseBuilder.php(1649): CodeIgniter\Database\BaseConnection->query('SELECT *
FROM `tbldownloads`
WHERE IFNULL(IsActive, 0) = :IFNULL(IsActive, 0):
AND  CONCAT(Category, FileName) LIKE :CONCAT(Category, FileName): ESCAPE \'!\'
ORDER BY `Category` DESC, `FileName` DESC
 LIMIT 300', [...], false)
 4 APPPATH\Controllers\Downloads.php(39): CodeIgniter\Database\BaseBuilder->get()
 5 SYSTEMPATH\CodeIgniter.php(933): App\Controllers\Downloads->getIndex()
 6 SYSTEMPATH\CodeIgniter.php(507): CodeIgniter\CodeIgniter->runController(Object(App\Controllers\Downloads))
 7 SYSTEMPATH\CodeIgniter.php(354): CodeIgniter\CodeIgniter->handleRequest(null, Object(Config\Cache), false)
 8 SYSTEMPATH\Boot.php(334): CodeIgniter\CodeIgniter->run()
 9 SYSTEMPATH\Boot.php(67): CodeIgniter\Boot::runCodeIgniter(Object(CodeIgniter\CodeIgniter))
10 FCPATH\index.php(56): CodeIgniter\Boot::bootWeb(Object(Config\Paths))
CRITICAL - 2026-05-15 21:51:58 --> [Caused by] mysqli_sql_exception: Table 'dbgscgea3.tbldownloads' doesn't exist
in SYSTEMPATH\Database\MySQLi\Connection.php on line 327.
 1 SYSTEMPATH\Database\MySQLi\Connection.php(327): mysqli->query('SELECT *
FROM `tbldownloads`
WHERE IFNULL(IsActive, 0) = \'1\'
AND  CONCAT(Category, FileName) LIKE \'%%\' ESCAPE \'!\'
ORDER BY `Category` DESC, `FileName` DESC
 LIMIT 300', 0)
 2 SYSTEMPATH\Database\BaseConnection.php(738): CodeIgniter\Database\MySQLi\Connection->execute('SELECT *
FROM `tbldownloads`
WHERE IFNULL(IsActive, 0) = \'1\'
AND  CONCAT(Category, FileName) LIKE \'%%\' ESCAPE \'!\'
ORDER BY `Category` DESC, `FileName` DESC
 LIMIT 300')
 3 SYSTEMPATH\Database\BaseConnection.php(652): CodeIgniter\Database\BaseConnection->simpleQuery('SELECT *
FROM `tbldownloads`
WHERE IFNULL(IsActive, 0) = \'1\'
AND  CONCAT(Category, FileName) LIKE \'%%\' ESCAPE \'!\'
ORDER BY `Category` DESC, `FileName` DESC
 LIMIT 300')
 4 SYSTEMPATH\Database\BaseBuilder.php(1649): CodeIgniter\Database\BaseConnection->query('SELECT *
FROM `tbldownloads`
WHERE IFNULL(IsActive, 0) = :IFNULL(IsActive, 0):
AND  CONCAT(Category, FileName) LIKE :CONCAT(Category, FileName): ESCAPE \'!\'
ORDER BY `Category` DESC, `FileName` DESC
 LIMIT 300', [...], false)
 5 APPPATH\Controllers\Downloads.php(39): CodeIgniter\Database\BaseBuilder->get()
 6 SYSTEMPATH\CodeIgniter.php(933): App\Controllers\Downloads->getIndex()
 7 SYSTEMPATH\CodeIgniter.php(507): CodeIgniter\CodeIgniter->runController(Object(App\Controllers\Downloads))
 8 SYSTEMPATH\CodeIgniter.php(354): CodeIgniter\CodeIgniter->handleRequest(null, Object(Config\Cache), false)
 9 SYSTEMPATH\Boot.php(334): CodeIgniter\CodeIgniter->run()
10 SYSTEMPATH\Boot.php(67): CodeIgniter\Boot::runCodeIgniter(Object(CodeIgniter\CodeIgniter))
11 FCPATH\index.php(56): CodeIgniter\Boot::bootWeb(Object(Config\Paths))
DEBUG - 2026-05-15 21:54:21 --> Session: Class initialized using 'CodeIgniter\Session\Handlers\FileHandler' driver.
ERROR - 2026-05-15 21:54:21 --> mysqli_sql_exception: Table 'dbgscgea3.tbldownloads' doesn't exist in C:\xampp\htdocs\gscgeavotingsystem\vendor\codeigniter4\framework\system\Database\MySQLi\Connection.php:327
Stack trace:
#0 C:\xampp\htdocs\gscgeavotingsystem\vendor\codeigniter4\framework\system\Database\MySQLi\Connection.php(327): mysqli->query('SELECT *\nFROM `...', 0)
#1 C:\xampp\htdocs\gscgeavotingsystem\vendor\codeigniter4\framework\system\Database\BaseConnection.php(738): CodeIgniter\Database\MySQLi\Connection->execute('SELECT *\nFROM `...')
#2 C:\xampp\htdocs\gscgeavotingsystem\vendor\codeigniter4\framework\system\Database\BaseConnection.php(652): CodeIgniter\Database\BaseConnection->simpleQuery('SELECT *\nFROM `...')
#3 C:\xampp\htdocs\gscgeavotingsystem\vendor\codeigniter4\framework\system\Database\BaseBuilder.php(1649): CodeIgniter\Database\BaseConnection->query('SELECT *\nFROM `...', Array, false)
#4 C:\xampp\htdocs\gscgeavotingsystem\app\Controllers\Downloads.php(39): CodeIgniter\Database\BaseBuilder->get()
#5 C:\xampp\htdocs\gscgeavotingsystem\vendor\codeigniter4\framework\system\CodeIgniter.php(933): App\Controllers\Downloads->getIndex()
#6 C:\xampp\htdocs\gscgeavotingsystem\vendor\codeigniter4\framework\system\CodeIgniter.php(507): CodeIgniter\CodeIgniter->runController(Object(App\Controllers\Downloads))
#7 C:\xampp\htdocs\gscgeavotingsystem\vendor\codeigniter4\framework\system\CodeIgniter.php(354): CodeIgniter\CodeIgniter->handleRequest(NULL, Object(Config\Cache), false)
#8 C:\xampp\htdocs\gscgeavotingsystem\vendor\codeigniter4\framework\system\Boot.php(334): CodeIgniter\CodeIgniter->run()
#9 C:\xampp\htdocs\gscgeavotingsystem\vendor\codeigniter4\framework\system\Boot.php(67): CodeIgniter\Boot::runCodeIgniter(Object(CodeIgniter\CodeIgniter))
#10 C:\xampp\htdocs\gscgeavotingsystem\public\index.php(56): CodeIgniter\Boot::bootWeb(Object(Config\Paths))
#11 {main}
CRITICAL - 2026-05-15 21:54:21 --> CodeIgniter\Database\Exceptions\DatabaseException: Table 'dbgscgea3.tbldownloads' doesn't exist
[Method: GET, Route: downloads]
in SYSTEMPATH\Database\BaseConnection.php on line 692.
 1 SYSTEMPATH\Database\BaseBuilder.php(1649): CodeIgniter\Database\BaseConnection->query('SELECT *
FROM `tbldownloads`
WHERE IFNULL(IsActive, 0) = :IFNULL(IsActive, 0):
AND  CONCAT(Category, FileName) LIKE :CONCAT(Category, FileName): ESCAPE \'!\'
ORDER BY `Category` DESC, `FileName` DESC
 LIMIT 300', [...], false)
 2 APPPATH\Controllers\Downloads.php(39): CodeIgniter\Database\BaseBuilder->get()
 3 SYSTEMPATH\CodeIgniter.php(933): App\Controllers\Downloads->getIndex()
 4 SYSTEMPATH\CodeIgniter.php(507): CodeIgniter\CodeIgniter->runController(Object(App\Controllers\Downloads))
 5 SYSTEMPATH\CodeIgniter.php(354): CodeIgniter\CodeIgniter->handleRequest(null, Object(Config\Cache), false)
 6 SYSTEMPATH\Boot.php(334): CodeIgniter\CodeIgniter->run()
 7 SYSTEMPATH\Boot.php(67): CodeIgniter\Boot::runCodeIgniter(Object(CodeIgniter\CodeIgniter))
 8 FCPATH\index.php(56): CodeIgniter\Boot::bootWeb(Object(Config\Paths))
CRITICAL - 2026-05-15 21:54:21 --> [Caused by] CodeIgniter\Database\Exceptions\DatabaseException: Table 'dbgscgea3.tbldownloads' doesn't exist
in SYSTEMPATH\Database\MySQLi\Connection.php on line 332.
 1 SYSTEMPATH\Database\BaseConnection.php(738): CodeIgniter\Database\MySQLi\Connection->execute('SELECT *
FROM `tbldownloads`
WHERE IFNULL(IsActive, 0) = \'1\'
AND  CONCAT(Category, FileName) LIKE \'%%\' ESCAPE \'!\'
ORDER BY `Category` DESC, `FileName` DESC
 LIMIT 300')
 2 SYSTEMPATH\Database\BaseConnection.php(652): CodeIgniter\Database\BaseConnection->simpleQuery('SELECT *
FROM `tbldownloads`
WHERE IFNULL(IsActive, 0) = \'1\'
AND  CONCAT(Category, FileName) LIKE \'%%\' ESCAPE \'!\'
ORDER BY `Category` DESC, `FileName` DESC
 LIMIT 300')
 3 SYSTEMPATH\Database\BaseBuilder.php(1649): CodeIgniter\Database\BaseConnection->query('SELECT *
FROM `tbldownloads`
WHERE IFNULL(IsActive, 0) = :IFNULL(IsActive, 0):
AND  CONCAT(Category, FileName) LIKE :CONCAT(Category, FileName): ESCAPE \'!\'
ORDER BY `Category` DESC, `FileName` DESC
 LIMIT 300', [...], false)
 4 APPPATH\Controllers\Downloads.php(39): CodeIgniter\Database\BaseBuilder->get()
 5 SYSTEMPATH\CodeIgniter.php(933): App\Controllers\Downloads->getIndex()
 6 SYSTEMPATH\CodeIgniter.php(507): CodeIgniter\CodeIgniter->runController(Object(App\Controllers\Downloads))
 7 SYSTEMPATH\CodeIgniter.php(354): CodeIgniter\CodeIgniter->handleRequest(null, Object(Config\Cache), false)
 8 SYSTEMPATH\Boot.php(334): CodeIgniter\CodeIgniter->run()
 9 SYSTEMPATH\Boot.php(67): CodeIgniter\Boot::runCodeIgniter(Object(CodeIgniter\CodeIgniter))
10 FCPATH\index.php(56): CodeIgniter\Boot::bootWeb(Object(Config\Paths))
CRITICAL - 2026-05-15 21:54:21 --> [Caused by] mysqli_sql_exception: Table 'dbgscgea3.tbldownloads' doesn't exist
in SYSTEMPATH\Database\MySQLi\Connection.php on line 327.
 1 SYSTEMPATH\Database\MySQLi\Connection.php(327): mysqli->query('SELECT *
FROM `tbldownloads`
WHERE IFNULL(IsActive, 0) = \'1\'
AND  CONCAT(Category, FileName) LIKE \'%%\' ESCAPE \'!\'
ORDER BY `Category` DESC, `FileName` DESC
 LIMIT 300', 0)
 2 SYSTEMPATH\Database\BaseConnection.php(738): CodeIgniter\Database\MySQLi\Connection->execute('SELECT *
FROM `tbldownloads`
WHERE IFNULL(IsActive, 0) = \'1\'
AND  CONCAT(Category, FileName) LIKE \'%%\' ESCAPE \'!\'
ORDER BY `Category` DESC, `FileName` DESC
 LIMIT 300')
 3 SYSTEMPATH\Database\BaseConnection.php(652): CodeIgniter\Database\BaseConnection->simpleQuery('SELECT *
FROM `tbldownloads`
WHERE IFNULL(IsActive, 0) = \'1\'
AND  CONCAT(Category, FileName) LIKE \'%%\' ESCAPE \'!\'
ORDER BY `Category` DESC, `FileName` DESC
 LIMIT 300')
 4 SYSTEMPATH\Database\BaseBuilder.php(1649): CodeIgniter\Database\BaseConnection->query('SELECT *
FROM `tbldownloads`
WHERE IFNULL(IsActive, 0) = :IFNULL(IsActive, 0):
AND  CONCAT(Category, FileName) LIKE :CONCAT(Category, FileName): ESCAPE \'!\'
ORDER BY `Category` DESC, `FileName` DESC
 LIMIT 300', [...], false)
 5 APPPATH\Controllers\Downloads.php(39): CodeIgniter\Database\BaseBuilder->get()
 6 SYSTEMPATH\CodeIgniter.php(933): App\Controllers\Downloads->getIndex()
 7 SYSTEMPATH\CodeIgniter.php(507): CodeIgniter\CodeIgniter->runController(Object(App\Controllers\Downloads))
 8 SYSTEMPATH\CodeIgniter.php(354): CodeIgniter\CodeIgniter->handleRequest(null, Object(Config\Cache), false)
 9 SYSTEMPATH\Boot.php(334): CodeIgniter\CodeIgniter->run()
10 SYSTEMPATH\Boot.php(67): CodeIgniter\Boot::runCodeIgniter(Object(CodeIgniter\CodeIgniter))
11 FCPATH\index.php(56): CodeIgniter\Boot::bootWeb(Object(Config\Paths))
DEBUG - 2026-05-15 21:54:28 --> Session: Class initialized using 'CodeIgniter\Session\Handlers\FileHandler' driver.
WARNING - 2026-05-15 21:54:28 --> [DEPRECATED] Creation of dynamic property CodeIgniter\Shield\Controllers\LoginController::$db is deprecated in APPPATH\Controllers\BaseController.php on line 57.
 1 SYSTEMPATH\CodeIgniter.php(904): App\Controllers\BaseController->initController(Object(CodeIgniter\HTTP\IncomingRequest), Object(CodeIgniter\HTTP\Response), Object(CodeIgniter\Log\Logger))
 2 SYSTEMPATH\CodeIgniter.php(498): CodeIgniter\CodeIgniter->createController()
 3 SYSTEMPATH\CodeIgniter.php(354): CodeIgniter\CodeIgniter->handleRequest(null, Object(Config\Cache), false)
 4 SYSTEMPATH\Boot.php(334): CodeIgniter\CodeIgniter->run()
 5 SYSTEMPATH\Boot.php(67): CodeIgniter\Boot::runCodeIgniter(Object(CodeIgniter\CodeIgniter))
 6 FCPATH\index.php(56): CodeIgniter\Boot::bootWeb(Object(Config\Paths))
DEBUG - 2026-05-15 21:54:28 --> Session: Class initialized using 'CodeIgniter\Session\Handlers\FileHandler' driver.
DEBUG - 2026-05-15 21:56:27 --> Session: Class initialized using 'CodeIgniter\Session\Handlers\FileHandler' driver.
ERROR - 2026-05-15 21:56:27 --> mysqli_sql_exception: Table 'dbgscgea3.tbldownloads' doesn't exist in C:\xampp\htdocs\gscgeavotingsystem\vendor\codeigniter4\framework\system\Database\MySQLi\Connection.php:327
Stack trace:
#0 C:\xampp\htdocs\gscgeavotingsystem\vendor\codeigniter4\framework\system\Database\MySQLi\Connection.php(327): mysqli->query('SELECT *\nFROM `...', 0)
#1 C:\xampp\htdocs\gscgeavotingsystem\vendor\codeigniter4\framework\system\Database\BaseConnection.php(738): CodeIgniter\Database\MySQLi\Connection->execute('SELECT *\nFROM `...')
#2 C:\xampp\htdocs\gscgeavotingsystem\vendor\codeigniter4\framework\system\Database\BaseConnection.php(652): CodeIgniter\Database\BaseConnection->simpleQuery('SELECT *\nFROM `...')
#3 C:\xampp\htdocs\gscgeavotingsystem\vendor\codeigniter4\framework\system\Database\BaseBuilder.php(1649): CodeIgniter\Database\BaseConnection->query('SELECT *\nFROM `...', Array, false)
#4 C:\xampp\htdocs\gscgeavotingsystem\app\Controllers\Securityquestion.php(35): CodeIgniter\Database\BaseBuilder->get()
#5 C:\xampp\htdocs\gscgeavotingsystem\vendor\codeigniter4\framework\system\CodeIgniter.php(933): App\Controllers\Securityquestion->getIndex()
#6 C:\xampp\htdocs\gscgeavotingsystem\vendor\codeigniter4\framework\system\CodeIgniter.php(507): CodeIgniter\CodeIgniter->runController(Object(App\Controllers\Securityquestion))
#7 C:\xampp\htdocs\gscgeavotingsystem\vendor\codeigniter4\framework\system\CodeIgniter.php(354): CodeIgniter\CodeIgniter->handleRequest(NULL, Object(Config\Cache), false)
#8 C:\xampp\htdocs\gscgeavotingsystem\vendor\codeigniter4\framework\system\Boot.php(334): CodeIgniter\CodeIgniter->run()
#9 C:\xampp\htdocs\gscgeavotingsystem\vendor\codeigniter4\framework\system\Boot.php(67): CodeIgniter\Boot::runCodeIgniter(Object(CodeIgniter\CodeIgniter))
#10 C:\xampp\htdocs\gscgeavotingsystem\public\index.php(56): CodeIgniter\Boot::bootWeb(Object(Config\Paths))
#11 {main}
CRITICAL - 2026-05-15 21:56:27 --> CodeIgniter\Database\Exceptions\DatabaseException: Table 'dbgscgea3.tbldownloads' doesn't exist
[Method: GET, Route: securityquestion]
in SYSTEMPATH\Database\BaseConnection.php on line 692.
 1 SYSTEMPATH\Database\BaseBuilder.php(1649): CodeIgniter\Database\BaseConnection->query('SELECT *
FROM `tbldownloads`
WHERE IFNULL(IsActive, 0) = :IFNULL(IsActive, 0):
AND  CONCAT(Category, FileName) LIKE :CONCAT(Category, FileName): ESCAPE \'!\'
ORDER BY `Category` DESC, `FileName` DESC
 LIMIT 300', [...], false)
 2 APPPATH\Controllers\Securityquestion.php(35): CodeIgniter\Database\BaseBuilder->get()
 3 SYSTEMPATH\CodeIgniter.php(933): App\Controllers\Securityquestion->getIndex()
 4 SYSTEMPATH\CodeIgniter.php(507): CodeIgniter\CodeIgniter->runController(Object(App\Controllers\Securityquestion))
 5 SYSTEMPATH\CodeIgniter.php(354): CodeIgniter\CodeIgniter->handleRequest(null, Object(Config\Cache), false)
 6 SYSTEMPATH\Boot.php(334): CodeIgniter\CodeIgniter->run()
 7 SYSTEMPATH\Boot.php(67): CodeIgniter\Boot::runCodeIgniter(Object(CodeIgniter\CodeIgniter))
 8 FCPATH\index.php(56): CodeIgniter\Boot::bootWeb(Object(Config\Paths))
CRITICAL - 2026-05-15 21:56:27 --> [Caused by] CodeIgniter\Database\Exceptions\DatabaseException: Table 'dbgscgea3.tbldownloads' doesn't exist
in SYSTEMPATH\Database\MySQLi\Connection.php on line 332.
 1 SYSTEMPATH\Database\BaseConnection.php(738): CodeIgniter\Database\MySQLi\Connection->execute('SELECT *
FROM `tbldownloads`
WHERE IFNULL(IsActive, 0) = \'1\'
AND  CONCAT(Category, FileName) LIKE \'%%\' ESCAPE \'!\'
ORDER BY `Category` DESC, `FileName` DESC
 LIMIT 300')
 2 SYSTEMPATH\Database\BaseConnection.php(652): CodeIgniter\Database\BaseConnection->simpleQuery('SELECT *
FROM `tbldownloads`
WHERE IFNULL(IsActive, 0) = \'1\'
AND  CONCAT(Category, FileName) LIKE \'%%\' ESCAPE \'!\'
ORDER BY `Category` DESC, `FileName` DESC
 LIMIT 300')
 3 SYSTEMPATH\Database\BaseBuilder.php(1649): CodeIgniter\Database\BaseConnection->query('SELECT *
FROM `tbldownloads`
WHERE IFNULL(IsActive, 0) = :IFNULL(IsActive, 0):
AND  CONCAT(Category, FileName) LIKE :CONCAT(Category, FileName): ESCAPE \'!\'
ORDER BY `Category` DESC, `FileName` DESC
 LIMIT 300', [...], false)
 4 APPPATH\Controllers\Securityquestion.php(35): CodeIgniter\Database\BaseBuilder->get()
 5 SYSTEMPATH\CodeIgniter.php(933): App\Controllers\Securityquestion->getIndex()
 6 SYSTEMPATH\CodeIgniter.php(507): CodeIgniter\CodeIgniter->runController(Object(App\Controllers\Securityquestion))
 7 SYSTEMPATH\CodeIgniter.php(354): CodeIgniter\CodeIgniter->handleRequest(null, Object(Config\Cache), false)
 8 SYSTEMPATH\Boot.php(334): CodeIgniter\CodeIgniter->run()
 9 SYSTEMPATH\Boot.php(67): CodeIgniter\Boot::runCodeIgniter(Object(CodeIgniter\CodeIgniter))
10 FCPATH\index.php(56): CodeIgniter\Boot::bootWeb(Object(Config\Paths))
CRITICAL - 2026-05-15 21:56:27 --> [Caused by] mysqli_sql_exception: Table 'dbgscgea3.tbldownloads' doesn't exist
in SYSTEMPATH\Database\MySQLi\Connection.php on line 327.
 1 SYSTEMPATH\Database\MySQLi\Connection.php(327): mysqli->query('SELECT *
FROM `tbldownloads`
WHERE IFNULL(IsActive, 0) = \'1\'
AND  CONCAT(Category, FileName) LIKE \'%%\' ESCAPE \'!\'
ORDER BY `Category` DESC, `FileName` DESC
 LIMIT 300', 0)
 2 SYSTEMPATH\Database\BaseConnection.php(738): CodeIgniter\Database\MySQLi\Connection->execute('SELECT *
FROM `tbldownloads`
WHERE IFNULL(IsActive, 0) = \'1\'
AND  CONCAT(Category, FileName) LIKE \'%%\' ESCAPE \'!\'
ORDER BY `Category` DESC, `FileName` DESC
 LIMIT 300')
 3 SYSTEMPATH\Database\BaseConnection.php(652): CodeIgniter\Database\BaseConnection->simpleQuery('SELECT *
FROM `tbldownloads`
WHERE IFNULL(IsActive, 0) = \'1\'
AND  CONCAT(Category, FileName) LIKE \'%%\' ESCAPE \'!\'
ORDER BY `Category` DESC, `FileName` DESC
 LIMIT 300')
 4 SYSTEMPATH\Database\BaseBuilder.php(1649): CodeIgniter\Database\BaseConnection->query('SELECT *
FROM `tbldownloads`
WHERE IFNULL(IsActive, 0) = :IFNULL(IsActive, 0):
AND  CONCAT(Category, FileName) LIKE :CONCAT(Category, FileName): ESCAPE \'!\'
ORDER BY `Category` DESC, `FileName` DESC
 LIMIT 300', [...], false)
 5 APPPATH\Controllers\Securityquestion.php(35): CodeIgniter\Database\BaseBuilder->get()
 6 SYSTEMPATH\CodeIgniter.php(933): App\Controllers\Securityquestion->getIndex()
 7 SYSTEMPATH\CodeIgniter.php(507): CodeIgniter\CodeIgniter->runController(Object(App\Controllers\Securityquestion))
 8 SYSTEMPATH\CodeIgniter.php(354): CodeIgniter\CodeIgniter->handleRequest(null, Object(Config\Cache), false)
 9 SYSTEMPATH\Boot.php(334): CodeIgniter\CodeIgniter->run()
10 SYSTEMPATH\Boot.php(67): CodeIgniter\Boot::runCodeIgniter(Object(CodeIgniter\CodeIgniter))
11 FCPATH\index.php(56): CodeIgniter\Boot::bootWeb(Object(Config\Paths))
DEBUG - 2026-05-15 22:00:54 --> Session: Class initialized using 'CodeIgniter\Session\Handlers\FileHandler' driver.
CRITICAL - 2026-05-15 22:00:54 --> Error: Call to a member function isBrowser() on null
[Method: GET, Route: securityquestion]
in APPPATH\Controllers\Securityquestion.php on line 44.
 1 SYSTEMPATH\CodeIgniter.php(933): App\Controllers\Securityquestion->getIndex()
 2 SYSTEMPATH\CodeIgniter.php(507): CodeIgniter\CodeIgniter->runController(Object(App\Controllers\Securityquestion))
 3 SYSTEMPATH\CodeIgniter.php(354): CodeIgniter\CodeIgniter->handleRequest(null, Object(Config\Cache), false)
 4 SYSTEMPATH\Boot.php(334): CodeIgniter\CodeIgniter->run()
 5 SYSTEMPATH\Boot.php(67): CodeIgniter\Boot::runCodeIgniter(Object(CodeIgniter\CodeIgniter))
 6 FCPATH\index.php(56): CodeIgniter\Boot::bootWeb(Object(Config\Paths))
DEBUG - 2026-05-15 22:02:47 --> Session: Class initialized using 'CodeIgniter\Session\Handlers\FileHandler' driver.
CRITICAL - 2026-05-15 22:02:47 --> Error: Call to a member function isBrowser() on null
[Method: GET, Route: securityquestion]
in APPPATH\Controllers\Securityquestion.php on line 44.
 1 SYSTEMPATH\CodeIgniter.php(933): App\Controllers\Securityquestion->getIndex()
 2 SYSTEMPATH\CodeIgniter.php(507): CodeIgniter\CodeIgniter->runController(Object(App\Controllers\Securityquestion))
 3 SYSTEMPATH\CodeIgniter.php(354): CodeIgniter\CodeIgniter->handleRequest(null, Object(Config\Cache), false)
 4 SYSTEMPATH\Boot.php(334): CodeIgniter\CodeIgniter->run()
 5 SYSTEMPATH\Boot.php(67): CodeIgniter\Boot::runCodeIgniter(Object(CodeIgniter\CodeIgniter))
 6 FCPATH\index.php(56): CodeIgniter\Boot::bootWeb(Object(Config\Paths))
DEBUG - 2026-05-15 22:03:23 --> Session: Class initialized using 'CodeIgniter\Session\Handlers\FileHandler' driver.
CRITICAL - 2026-05-15 22:03:23 --> Error: Call to a member function isBrowser() on null
[Method: GET, Route: securityquestion]
in APPPATH\Controllers\Securityquestion.php on line 44.
 1 SYSTEMPATH\CodeIgniter.php(933): App\Controllers\Securityquestion->getIndex()
 2 SYSTEMPATH\CodeIgniter.php(507): CodeIgniter\CodeIgniter->runController(Object(App\Controllers\Securityquestion))
 3 SYSTEMPATH\CodeIgniter.php(354): CodeIgniter\CodeIgniter->handleRequest(null, Object(Config\Cache), false)
 4 SYSTEMPATH\Boot.php(334): CodeIgniter\CodeIgniter->run()
 5 SYSTEMPATH\Boot.php(67): CodeIgniter\Boot::runCodeIgniter(Object(CodeIgniter\CodeIgniter))
 6 FCPATH\index.php(56): CodeIgniter\Boot::bootWeb(Object(Config\Paths))
DEBUG - 2026-05-15 22:06:29 --> Session: Class initialized using 'CodeIgniter\Session\Handlers\FileHandler' driver.
DEBUG - 2026-05-15 22:10:01 --> Session: Class initialized using 'CodeIgniter\Session\Handlers\FileHandler' driver.
CRITICAL - 2026-05-15 22:10:01 --> ErrorException: Undefined variable $ChartTitle
[Method: GET, Route: main]
in APPPATH\Views\dashboard.php on line 51.
 1 APPPATH\Views\dashboard.php(51): CodeIgniter\Debug\Exceptions->errorHandler(2, 'Undefined variable $ChartTitle', 'C:\\xampp\\htdocs\\gscgeavotingsystem\\app\\Views\\dashboard.php', 51)
 2 SYSTEMPATH\View\View.php(224): include('C:\\xampp\\htdocs\\gscgeavotingsystem\\app\\Views\\dashboard.php')
 3 SYSTEMPATH\View\View.php(227): CodeIgniter\View\View->{closure:CodeIgniter\View\View::render():221}()
 4 SYSTEMPATH\Common.php(1173): CodeIgniter\View\View->render('dashboard', [], true)
 5 APPPATH\Views\main.php(229): view('dashboard')
 6 SYSTEMPATH\View\View.php(224): include('C:\\xampp\\htdocs\\gscgeavotingsystem\\app\\Views\\main.php')
 7 SYSTEMPATH\View\View.php(227): CodeIgniter\View\View->{closure:CodeIgniter\View\View::render():221}()
 8 SYSTEMPATH\Common.php(1173): CodeIgniter\View\View->render('main', [], true)
 9 APPPATH\Controllers\Main.php(141): view('main', [...])
10 SYSTEMPATH\CodeIgniter.php(933): App\Controllers\Main->getIndex()
11 SYSTEMPATH\CodeIgniter.php(507): CodeIgniter\CodeIgniter->runController(Object(App\Controllers\Main))
12 SYSTEMPATH\CodeIgniter.php(354): CodeIgniter\CodeIgniter->handleRequest(null, Object(Config\Cache), false)
13 SYSTEMPATH\Boot.php(334): CodeIgniter\CodeIgniter->run()
14 SYSTEMPATH\Boot.php(67): CodeIgniter\Boot::runCodeIgniter(Object(CodeIgniter\CodeIgniter))
15 FCPATH\index.php(56): CodeIgniter\Boot::bootWeb(Object(Config\Paths))
DEBUG - 2026-05-15 22:11:22 --> Session: Class initialized using 'CodeIgniter\Session\Handlers\FileHandler' driver.
CRITICAL - 2026-05-15 22:11:22 --> ErrorException: Undefined property: CodeIgniter\View\View::$load
[Method: GET, Route: main]
in APPPATH\Views\dashboard.php on line 70.
 1 APPPATH\Views\dashboard.php(70): CodeIgniter\Debug\Exceptions->errorHandler(2, 'Undefined property: CodeIgniter\\View\\View::$load', 'C:\\xampp\\htdocs\\gscgeavotingsystem\\app\\Views\\dashboard.php', 70)
 2 SYSTEMPATH\View\View.php(224): include('C:\\xampp\\htdocs\\gscgeavotingsystem\\app\\Views\\dashboard.php')
 3 SYSTEMPATH\View\View.php(227): CodeIgniter\View\View->{closure:CodeIgniter\View\View::render():221}()
 4 SYSTEMPATH\Common.php(1173): CodeIgniter\View\View->render('dashboard', [], true)
 5 APPPATH\Views\main.php(229): view('dashboard')
 6 SYSTEMPATH\View\View.php(224): include('C:\\xampp\\htdocs\\gscgeavotingsystem\\app\\Views\\main.php')
 7 SYSTEMPATH\View\View.php(227): CodeIgniter\View\View->{closure:CodeIgniter\View\View::render():221}()
 8 SYSTEMPATH\Common.php(1173): CodeIgniter\View\View->render('main', [], true)
 9 APPPATH\Controllers\Main.php(141): view('main', [...])
10 SYSTEMPATH\CodeIgniter.php(933): App\Controllers\Main->getIndex()
11 SYSTEMPATH\CodeIgniter.php(507): CodeIgniter\CodeIgniter->runController(Object(App\Controllers\Main))
12 SYSTEMPATH\CodeIgniter.php(354): CodeIgniter\CodeIgniter->handleRequest(null, Object(Config\Cache), false)
13 SYSTEMPATH\Boot.php(334): CodeIgniter\CodeIgniter->run()
14 SYSTEMPATH\Boot.php(67): CodeIgniter\Boot::runCodeIgniter(Object(CodeIgniter\CodeIgniter))
15 FCPATH\index.php(56): CodeIgniter\Boot::bootWeb(Object(Config\Paths))
DEBUG - 2026-05-15 22:11:56 --> Session: Class initialized using 'CodeIgniter\Session\Handlers\FileHandler' driver.
CRITICAL - 2026-05-15 22:11:56 --> ErrorException: Undefined property: CodeIgniter\View\View::$db
[Method: GET, Route: main]
in APPPATH\Views\main.php on line 58.
 1 APPPATH\Views\main.php(58): CodeIgniter\Debug\Exceptions->errorHandler(2, 'Undefined property: CodeIgniter\\View\\View::$db', 'C:\\xampp\\htdocs\\gscgeavotingsystem\\app\\Views\\main.php', 58)
 2 SYSTEMPATH\View\View.php(224): include('C:\\xampp\\htdocs\\gscgeavotingsystem\\app\\Views\\main.php')
 3 SYSTEMPATH\View\View.php(227): CodeIgniter\View\View->{closure:CodeIgniter\View\View::render():221}()
 4 SYSTEMPATH\Common.php(1173): CodeIgniter\View\View->render('main', [], true)
 5 APPPATH\Controllers\Main.php(141): view('main', [...])
 6 SYSTEMPATH\CodeIgniter.php(933): App\Controllers\Main->getIndex()
 7 SYSTEMPATH\CodeIgniter.php(507): CodeIgniter\CodeIgniter->runController(Object(App\Controllers\Main))
 8 SYSTEMPATH\CodeIgniter.php(354): CodeIgniter\CodeIgniter->handleRequest(null, Object(Config\Cache), false)
 9 SYSTEMPATH\Boot.php(334): CodeIgniter\CodeIgniter->run()
10 SYSTEMPATH\Boot.php(67): CodeIgniter\Boot::runCodeIgniter(Object(CodeIgniter\CodeIgniter))
11 FCPATH\index.php(56): CodeIgniter\Boot::bootWeb(Object(Config\Paths))
DEBUG - 2026-05-15 22:12:47 --> Session: Class initialized using 'CodeIgniter\Session\Handlers\FileHandler' driver.
WARNING - 2026-05-15 22:12:47 --> [DEPRECATED] Creation of dynamic property CodeIgniter\View\View::$db is deprecated in APPPATH\Views\main.php on line 57.
 1 SYSTEMPATH\View\View.php(224): include('C:\\xampp\\htdocs\\gscgeavotingsystem\\app\\Views\\main.php')
 2 SYSTEMPATH\View\View.php(227): CodeIgniter\View\View->{closure:CodeIgniter\View\View::render():221}()
 3 SYSTEMPATH\Common.php(1173): CodeIgniter\View\View->render('main', [], true)
 4 APPPATH\Controllers\Main.php(141): view('main', [...])
 5 SYSTEMPATH\CodeIgniter.php(933): App\Controllers\Main->getIndex()
 6 SYSTEMPATH\CodeIgniter.php(507): CodeIgniter\CodeIgniter->runController(Object(App\Controllers\Main))
 7 SYSTEMPATH\CodeIgniter.php(354): CodeIgniter\CodeIgniter->handleRequest(null, Object(Config\Cache), false)
 8 SYSTEMPATH\Boot.php(334): CodeIgniter\CodeIgniter->run()
 9 SYSTEMPATH\Boot.php(67): CodeIgniter\Boot::runCodeIgniter(Object(CodeIgniter\CodeIgniter))
10 FCPATH\index.php(56): CodeIgniter\Boot::bootWeb(Object(Config\Paths))
CRITICAL - 2026-05-15 22:12:47 --> Error: Call to undefined method CodeIgniter\Database\MySQLi\Result::num_rows()
[Method: GET, Route: main]
in APPPATH\Views\main.php on line 59.
 1 SYSTEMPATH\View\View.php(224): include()
 2 SYSTEMPATH\View\View.php(227): CodeIgniter\View\View->{closure:CodeIgniter\View\View::render():221}()
 3 SYSTEMPATH\Common.php(1173): CodeIgniter\View\View->render('main', [], true)
 4 APPPATH\Controllers\Main.php(141): view('main', [...])
 5 SYSTEMPATH\CodeIgniter.php(933): App\Controllers\Main->getIndex()
 6 SYSTEMPATH\CodeIgniter.php(507): CodeIgniter\CodeIgniter->runController(Object(App\Controllers\Main))
 7 SYSTEMPATH\CodeIgniter.php(354): CodeIgniter\CodeIgniter->handleRequest(null, Object(Config\Cache), false)
 8 SYSTEMPATH\Boot.php(334): CodeIgniter\CodeIgniter->run()
 9 SYSTEMPATH\Boot.php(67): CodeIgniter\Boot::runCodeIgniter(Object(CodeIgniter\CodeIgniter))
10 FCPATH\index.php(56): CodeIgniter\Boot::bootWeb(Object(Config\Paths))
DEBUG - 2026-05-15 22:13:38 --> Session: Class initialized using 'CodeIgniter\Session\Handlers\FileHandler' driver.
CRITICAL - 2026-05-15 22:13:38 --> ErrorException: Undefined property: CodeIgniter\View\View::$load
[Method: GET, Route: main]
in APPPATH\Views\main.php on line 179.
 1 APPPATH\Views\main.php(179): CodeIgniter\Debug\Exceptions->errorHandler(2, 'Undefined property: CodeIgniter\\View\\View::$load', 'C:\\xampp\\htdocs\\gscgeavotingsystem\\app\\Views\\main.php', 179)
 2 SYSTEMPATH\View\View.php(224): include('C:\\xampp\\htdocs\\gscgeavotingsystem\\app\\Views\\main.php')
 3 SYSTEMPATH\View\View.php(227): CodeIgniter\View\View->{closure:CodeIgniter\View\View::render():221}()
 4 SYSTEMPATH\Common.php(1173): CodeIgniter\View\View->render('main', [], true)
 5 APPPATH\Controllers\Main.php(141): view('main', [...])
 6 SYSTEMPATH\CodeIgniter.php(933): App\Controllers\Main->getIndex()
 7 SYSTEMPATH\CodeIgniter.php(507): CodeIgniter\CodeIgniter->runController(Object(App\Controllers\Main))
 8 SYSTEMPATH\CodeIgniter.php(354): CodeIgniter\CodeIgniter->handleRequest(null, Object(Config\Cache), false)
 9 SYSTEMPATH\Boot.php(334): CodeIgniter\CodeIgniter->run()
10 SYSTEMPATH\Boot.php(67): CodeIgniter\Boot::runCodeIgniter(Object(CodeIgniter\CodeIgniter))
11 FCPATH\index.php(56): CodeIgniter\Boot::bootWeb(Object(Config\Paths))
DEBUG - 2026-05-15 22:15:07 --> Session: Class initialized using 'CodeIgniter\Session\Handlers\FileHandler' driver.
CRITICAL - 2026-05-15 22:15:07 --> ErrorException: Undefined property: CodeIgniter\View\View::$load
[Method: GET, Route: main]
in APPPATH\Views\dashboard.php on line 70.
 1 APPPATH\Views\dashboard.php(70): CodeIgniter\Debug\Exceptions->errorHandler(2, 'Undefined property: CodeIgniter\\View\\View::$load', 'C:\\xampp\\htdocs\\gscgeavotingsystem\\app\\Views\\dashboard.php', 70)
 2 SYSTEMPATH\View\View.php(224): include('C:\\xampp\\htdocs\\gscgeavotingsystem\\app\\Views\\dashboard.php')
 3 SYSTEMPATH\View\View.php(227): CodeIgniter\View\View->{closure:CodeIgniter\View\View::render():221}()
 4 SYSTEMPATH\Common.php(1173): CodeIgniter\View\View->render('dashboard', [], true)
 5 APPPATH\Views\main.php(204): view('dashboard', [])
 6 SYSTEMPATH\View\View.php(224): include('C:\\xampp\\htdocs\\gscgeavotingsystem\\app\\Views\\main.php')
 7 SYSTEMPATH\View\View.php(227): CodeIgniter\View\View->{closure:CodeIgniter\View\View::render():221}()
 8 SYSTEMPATH\Common.php(1173): CodeIgniter\View\View->render('main', [], true)
 9 APPPATH\Controllers\Main.php(141): view('main', [...])
10 SYSTEMPATH\CodeIgniter.php(933): App\Controllers\Main->getIndex()
11 SYSTEMPATH\CodeIgniter.php(507): CodeIgniter\CodeIgniter->runController(Object(App\Controllers\Main))
12 SYSTEMPATH\CodeIgniter.php(354): CodeIgniter\CodeIgniter->handleRequest(null, Object(Config\Cache), false)
13 SYSTEMPATH\Boot.php(334): CodeIgniter\CodeIgniter->run()
14 SYSTEMPATH\Boot.php(67): CodeIgniter\Boot::runCodeIgniter(Object(CodeIgniter\CodeIgniter))
15 FCPATH\index.php(56): CodeIgniter\Boot::bootWeb(Object(Config\Paths))
DEBUG - 2026-05-15 22:15:41 --> Session: Class initialized using 'CodeIgniter\Session\Handlers\FileHandler' driver.
CRITICAL - 2026-05-15 22:15:42 --> CodeIgniter\View\Exceptions\ViewException: Invalid file: "dashboard_wide.php"
[Method: GET, Route: main]
in SYSTEMPATH\Exceptions\FrameworkException.php on line 39.
 1 SYSTEMPATH\View\View.php(212): CodeIgniter\Exceptions\FrameworkException::forInvalidFile('dashboard_wide.php')
 2 SYSTEMPATH\Common.php(1173): CodeIgniter\View\View->render('dashboard_wide', [], true)
 3 APPPATH\Views\dashboard.php(70): view('dashboard_wide')
 4 SYSTEMPATH\View\View.php(224): include('C:\\xampp\\htdocs\\gscgeavotingsystem\\app\\Views\\dashboard.php')
 5 SYSTEMPATH\View\View.php(227): CodeIgniter\View\View->{closure:CodeIgniter\View\View::render():221}()
 6 SYSTEMPATH\Common.php(1173): CodeIgniter\View\View->render('dashboard', [], true)
 7 APPPATH\Views\main.php(204): view('dashboard', [])
 8 SYSTEMPATH\View\View.php(224): include('C:\\xampp\\htdocs\\gscgeavotingsystem\\app\\Views\\main.php')
 9 SYSTEMPATH\View\View.php(227): CodeIgniter\View\View->{closure:CodeIgniter\View\View::render():221}()
10 SYSTEMPATH\Common.php(1173): CodeIgniter\View\View->render('main', [], true)
11 APPPATH\Controllers\Main.php(141): view('main', [...])
12 SYSTEMPATH\CodeIgniter.php(933): App\Controllers\Main->getIndex()
13 SYSTEMPATH\CodeIgniter.php(507): CodeIgniter\CodeIgniter->runController(Object(App\Controllers\Main))
14 SYSTEMPATH\CodeIgniter.php(354): CodeIgniter\CodeIgniter->handleRequest(null, Object(Config\Cache), false)
15 SYSTEMPATH\Boot.php(334): CodeIgniter\CodeIgniter->run()
16 SYSTEMPATH\Boot.php(67): CodeIgniter\Boot::runCodeIgniter(Object(CodeIgniter\CodeIgniter))
17 FCPATH\index.php(56): CodeIgniter\Boot::bootWeb(Object(Config\Paths))
DEBUG - 2026-05-15 22:16:48 --> Session: Class initialized using 'CodeIgniter\Session\Handlers\FileHandler' driver.
DEBUG - 2026-05-15 22:16:49 --> Session: Class initialized using 'CodeIgniter\Session\Handlers\FileHandler' driver.
DEBUG - 2026-05-15 22:19:09 --> Session: Class initialized using 'CodeIgniter\Session\Handlers\FileHandler' driver.
DEBUG - 2026-05-15 22:19:09 --> Session: Class initialized using 'CodeIgniter\Session\Handlers\FileHandler' driver.
DEBUG - 2026-05-15 22:20:13 --> Session: Class initialized using 'CodeIgniter\Session\Handlers\FileHandler' driver.
DEBUG - 2026-05-15 22:20:14 --> Session: Class initialized using 'CodeIgniter\Session\Handlers\FileHandler' driver.
DEBUG - 2026-05-15 22:20:51 --> Session: Class initialized using 'CodeIgniter\Session\Handlers\FileHandler' driver.
DEBUG - 2026-05-15 22:20:52 --> Session: Class initialized using 'CodeIgniter\Session\Handlers\FileHandler' driver.
DEBUG - 2026-05-15 22:21:00 --> Session: Class initialized using 'CodeIgniter\Session\Handlers\FileHandler' driver.
DEBUG - 2026-05-15 22:21:01 --> Session: Class initialized using 'CodeIgniter\Session\Handlers\FileHandler' driver.
DEBUG - 2026-05-15 22:28:18 --> Session: Class initialized using 'CodeIgniter\Session\Handlers\FileHandler' driver.
DEBUG - 2026-05-15 22:28:19 --> Session: Class initialized using 'CodeIgniter\Session\Handlers\FileHandler' driver.
DEBUG - 2026-05-15 22:30:14 --> Session: Class initialized using 'CodeIgniter\Session\Handlers\FileHandler' driver.
DEBUG - 2026-05-15 22:30:16 --> Session: Class initialized using 'CodeIgniter\Session\Handlers\FileHandler' driver.
DEBUG - 2026-05-15 22:31:17 --> Session: Class initialized using 'CodeIgniter\Session\Handlers\FileHandler' driver.
DEBUG - 2026-05-15 22:31:30 --> Session: Class initialized using 'CodeIgniter\Session\Handlers\FileHandler' driver.
DEBUG - 2026-05-15 22:31:31 --> Session: Class initialized using 'CodeIgniter\Session\Handlers\FileHandler' driver.
DEBUG - 2026-05-15 22:31:31 --> Session: Class initialized using 'CodeIgniter\Session\Handlers\FileHandler' driver.
DEBUG - 2026-05-15 22:31:41 --> Session: Class initialized using 'CodeIgniter\Session\Handlers\FileHandler' driver.
DEBUG - 2026-05-15 22:31:51 --> Session: Class initialized using 'CodeIgniter\Session\Handlers\FileHandler' driver.
DEBUG - 2026-05-15 22:31:55 --> Session: Class initialized using 'CodeIgniter\Session\Handlers\FileHandler' driver.
DEBUG - 2026-05-15 22:31:57 --> Session: Class initialized using 'CodeIgniter\Session\Handlers\FileHandler' driver.
DEBUG - 2026-05-15 22:31:57 --> Session: Class initialized using 'CodeIgniter\Session\Handlers\FileHandler' driver.
DEBUG - 2026-05-15 22:32:07 --> Session: Class initialized using 'CodeIgniter\Session\Handlers\FileHandler' driver.
DEBUG - 2026-05-15 22:32:17 --> Session: Class initialized using 'CodeIgniter\Session\Handlers\FileHandler' driver.
DEBUG - 2026-05-15 22:32:27 --> Session: Class initialized using 'CodeIgniter\Session\Handlers\FileHandler' driver.
DEBUG - 2026-05-15 22:32:37 --> Session: Class initialized using 'CodeIgniter\Session\Handlers\FileHandler' driver.
DEBUG - 2026-05-15 22:32:47 --> Session: Class initialized using 'CodeIgniter\Session\Handlers\FileHandler' driver.
DEBUG - 2026-05-15 22:32:58 --> Session: Class initialized using 'CodeIgniter\Session\Handlers\FileHandler' driver.
DEBUG - 2026-05-15 22:33:08 --> Session: Class initialized using 'CodeIgniter\Session\Handlers\FileHandler' driver.
DEBUG - 2026-05-15 22:33:16 --> Session: Class initialized using 'CodeIgniter\Session\Handlers\FileHandler' driver.
DEBUG - 2026-05-15 22:33:17 --> Session: Class initialized using 'CodeIgniter\Session\Handlers\FileHandler' driver.
DEBUG - 2026-05-15 22:33:17 --> Session: Class initialized using 'CodeIgniter\Session\Handlers\FileHandler' driver.
DEBUG - 2026-05-15 22:33:27 --> Session: Class initialized using 'CodeIgniter\Session\Handlers\FileHandler' driver.
DEBUG - 2026-05-15 22:33:38 --> Session: Class initialized using 'CodeIgniter\Session\Handlers\FileHandler' driver.
DEBUG - 2026-05-15 22:33:48 --> Session: Class initialized using 'CodeIgniter\Session\Handlers\FileHandler' driver.
DEBUG - 2026-05-15 22:33:58 --> Session: Class initialized using 'CodeIgniter\Session\Handlers\FileHandler' driver.
DEBUG - 2026-05-15 22:34:08 --> Session: Class initialized using 'CodeIgniter\Session\Handlers\FileHandler' driver.
DEBUG - 2026-05-15 22:34:18 --> Session: Class initialized using 'CodeIgniter\Session\Handlers\FileHandler' driver.
DEBUG - 2026-05-15 22:34:28 --> Session: Class initialized using 'CodeIgniter\Session\Handlers\FileHandler' driver.
DEBUG - 2026-05-15 22:34:38 --> Session: Class initialized using 'CodeIgniter\Session\Handlers\FileHandler' driver.
DEBUG - 2026-05-15 22:34:49 --> Session: Class initialized using 'CodeIgniter\Session\Handlers\FileHandler' driver.
DEBUG - 2026-05-15 22:34:59 --> Session: Class initialized using 'CodeIgniter\Session\Handlers\FileHandler' driver.
DEBUG - 2026-05-15 22:35:10 --> Session: Class initialized using 'CodeIgniter\Session\Handlers\FileHandler' driver.
DEBUG - 2026-05-15 22:35:20 --> Session: Class initialized using 'CodeIgniter\Session\Handlers\FileHandler' driver.
DEBUG - 2026-05-15 22:35:30 --> Session: Class initialized using 'CodeIgniter\Session\Handlers\FileHandler' driver.
DEBUG - 2026-05-15 22:35:41 --> Session: Class initialized using 'CodeIgniter\Session\Handlers\FileHandler' driver.
DEBUG - 2026-05-15 22:35:51 --> Session: Class initialized using 'CodeIgniter\Session\Handlers\FileHandler' driver.
DEBUG - 2026-05-15 22:36:02 --> Session: Class initialized using 'CodeIgniter\Session\Handlers\FileHandler' driver.
DEBUG - 2026-05-15 22:36:12 --> Session: Class initialized using 'CodeIgniter\Session\Handlers\FileHandler' driver.
DEBUG - 2026-05-15 22:36:23 --> Session: Class initialized using 'CodeIgniter\Session\Handlers\FileHandler' driver.
DEBUG - 2026-05-15 22:36:33 --> Session: Class initialized using 'CodeIgniter\Session\Handlers\FileHandler' driver.
DEBUG - 2026-05-15 22:36:43 --> Session: Class initialized using 'CodeIgniter\Session\Handlers\FileHandler' driver.
DEBUG - 2026-05-15 22:36:54 --> Session: Class initialized using 'CodeIgniter\Session\Handlers\FileHandler' driver.
DEBUG - 2026-05-15 22:37:04 --> Session: Class initialized using 'CodeIgniter\Session\Handlers\FileHandler' driver.
DEBUG - 2026-05-15 22:37:15 --> Session: Class initialized using 'CodeIgniter\Session\Handlers\FileHandler' driver.
DEBUG - 2026-05-15 22:37:25 --> Session: Class initialized using 'CodeIgniter\Session\Handlers\FileHandler' driver.
DEBUG - 2026-05-15 22:37:27 --> Session: Class initialized using 'CodeIgniter\Session\Handlers\FileHandler' driver.
DEBUG - 2026-05-15 22:37:29 --> Session: Class initialized using 'CodeIgniter\Session\Handlers\FileHandler' driver.
DEBUG - 2026-05-15 22:37:29 --> Session: Class initialized using 'CodeIgniter\Session\Handlers\FileHandler' driver.
DEBUG - 2026-05-15 22:37:39 --> Session: Class initialized using 'CodeIgniter\Session\Handlers\FileHandler' driver.
DEBUG - 2026-05-15 22:37:49 --> Session: Class initialized using 'CodeIgniter\Session\Handlers\FileHandler' driver.
DEBUG - 2026-05-15 22:37:59 --> Session: Class initialized using 'CodeIgniter\Session\Handlers\FileHandler' driver.
DEBUG - 2026-05-15 22:38:10 --> Session: Class initialized using 'CodeIgniter\Session\Handlers\FileHandler' driver.
DEBUG - 2026-05-15 22:38:20 --> Session: Class initialized using 'CodeIgniter\Session\Handlers\FileHandler' driver.
DEBUG - 2026-05-15 22:38:30 --> Session: Class initialized using 'CodeIgniter\Session\Handlers\FileHandler' driver.
DEBUG - 2026-05-15 22:38:35 --> Session: Class initialized using 'CodeIgniter\Session\Handlers\FileHandler' driver.
DEBUG - 2026-05-15 22:38:37 --> Session: Class initialized using 'CodeIgniter\Session\Handlers\FileHandler' driver.
DEBUG - 2026-05-15 22:38:37 --> Session: Class initialized using 'CodeIgniter\Session\Handlers\FileHandler' driver.
DEBUG - 2026-05-15 22:38:47 --> Session: Class initialized using 'CodeIgniter\Session\Handlers\FileHandler' driver.
DEBUG - 2026-05-15 22:38:58 --> Session: Class initialized using 'CodeIgniter\Session\Handlers\FileHandler' driver.
DEBUG - 2026-05-15 22:39:09 --> Session: Class initialized using 'CodeIgniter\Session\Handlers\FileHandler' driver.
DEBUG - 2026-05-15 22:39:19 --> Session: Class initialized using 'CodeIgniter\Session\Handlers\FileHandler' driver.
DEBUG - 2026-05-15 22:39:29 --> Session: Class initialized using 'CodeIgniter\Session\Handlers\FileHandler' driver.
DEBUG - 2026-05-15 22:39:39 --> Session: Class initialized using 'CodeIgniter\Session\Handlers\FileHandler' driver.
DEBUG - 2026-05-15 22:39:49 --> Session: Class initialized using 'CodeIgniter\Session\Handlers\FileHandler' driver.
DEBUG - 2026-05-15 22:39:59 --> Session: Class initialized using 'CodeIgniter\Session\Handlers\FileHandler' driver.
DEBUG - 2026-05-15 22:40:10 --> Session: Class initialized using 'CodeIgniter\Session\Handlers\FileHandler' driver.
DEBUG - 2026-05-15 22:40:20 --> Session: Class initialized using 'CodeIgniter\Session\Handlers\FileHandler' driver.
DEBUG - 2026-05-15 22:40:31 --> Session: Class initialized using 'CodeIgniter\Session\Handlers\FileHandler' driver.
DEBUG - 2026-05-15 22:40:41 --> Session: Class initialized using 'CodeIgniter\Session\Handlers\FileHandler' driver.
DEBUG - 2026-05-15 22:40:51 --> Session: Class initialized using 'CodeIgniter\Session\Handlers\FileHandler' driver.
DEBUG - 2026-05-15 22:41:02 --> Session: Class initialized using 'CodeIgniter\Session\Handlers\FileHandler' driver.
DEBUG - 2026-05-15 22:41:13 --> Session: Class initialized using 'CodeIgniter\Session\Handlers\FileHandler' driver.
DEBUG - 2026-05-15 22:41:23 --> Session: Class initialized using 'CodeIgniter\Session\Handlers\FileHandler' driver.
DEBUG - 2026-05-15 22:41:33 --> Session: Class initialized using 'CodeIgniter\Session\Handlers\FileHandler' driver.
DEBUG - 2026-05-15 22:41:44 --> Session: Class initialized using 'CodeIgniter\Session\Handlers\FileHandler' driver.
DEBUG - 2026-05-15 22:41:49 --> Session: Class initialized using 'CodeIgniter\Session\Handlers\FileHandler' driver.
DEBUG - 2026-05-15 22:41:51 --> Session: Class initialized using 'CodeIgniter\Session\Handlers\FileHandler' driver.
DEBUG - 2026-05-15 22:41:51 --> Session: Class initialized using 'CodeIgniter\Session\Handlers\FileHandler' driver.
DEBUG - 2026-05-15 22:42:01 --> Session: Class initialized using 'CodeIgniter\Session\Handlers\FileHandler' driver.
DEBUG - 2026-05-15 22:42:11 --> Session: Class initialized using 'CodeIgniter\Session\Handlers\FileHandler' driver.
DEBUG - 2026-05-15 22:42:21 --> Session: Class initialized using 'CodeIgniter\Session\Handlers\FileHandler' driver.
DEBUG - 2026-05-15 22:42:31 --> Session: Class initialized using 'CodeIgniter\Session\Handlers\FileHandler' driver.
DEBUG - 2026-05-15 22:42:42 --> Session: Class initialized using 'CodeIgniter\Session\Handlers\FileHandler' driver.
DEBUG - 2026-05-15 22:42:52 --> Session: Class initialized using 'CodeIgniter\Session\Handlers\FileHandler' driver.
DEBUG - 2026-05-15 22:43:02 --> Session: Class initialized using 'CodeIgniter\Session\Handlers\FileHandler' driver.
DEBUG - 2026-05-15 22:43:13 --> Session: Class initialized using 'CodeIgniter\Session\Handlers\FileHandler' driver.
DEBUG - 2026-05-15 22:43:23 --> Session: Class initialized using 'CodeIgniter\Session\Handlers\FileHandler' driver.
DEBUG - 2026-05-15 22:43:33 --> Session: Class initialized using 'CodeIgniter\Session\Handlers\FileHandler' driver.
DEBUG - 2026-05-15 22:43:44 --> Session: Class initialized using 'CodeIgniter\Session\Handlers\FileHandler' driver.
DEBUG - 2026-05-15 22:43:54 --> Session: Class initialized using 'CodeIgniter\Session\Handlers\FileHandler' driver.
DEBUG - 2026-05-15 22:44:05 --> Session: Class initialized using 'CodeIgniter\Session\Handlers\FileHandler' driver.
DEBUG - 2026-05-15 22:44:16 --> Session: Class initialized using 'CodeIgniter\Session\Handlers\FileHandler' driver.
DEBUG - 2026-05-15 22:44:26 --> Session: Class initialized using 'CodeIgniter\Session\Handlers\FileHandler' driver.
DEBUG - 2026-05-15 22:44:36 --> Session: Class initialized using 'CodeIgniter\Session\Handlers\FileHandler' driver.
DEBUG - 2026-05-15 22:44:47 --> Session: Class initialized using 'CodeIgniter\Session\Handlers\FileHandler' driver.
DEBUG - 2026-05-15 22:44:57 --> Session: Class initialized using 'CodeIgniter\Session\Handlers\FileHandler' driver.
DEBUG - 2026-05-15 22:45:07 --> Session: Class initialized using 'CodeIgniter\Session\Handlers\FileHandler' driver.
DEBUG - 2026-05-15 22:45:17 --> Session: Class initialized using 'CodeIgniter\Session\Handlers\FileHandler' driver.
DEBUG - 2026-05-15 22:45:28 --> Session: Class initialized using 'CodeIgniter\Session\Handlers\FileHandler' driver.
DEBUG - 2026-05-15 22:45:38 --> Session: Class initialized using 'CodeIgniter\Session\Handlers\FileHandler' driver.
DEBUG - 2026-05-15 22:45:48 --> Session: Class initialized using 'CodeIgniter\Session\Handlers\FileHandler' driver.
DEBUG - 2026-05-15 22:45:59 --> Session: Class initialized using 'CodeIgniter\Session\Handlers\FileHandler' driver.
DEBUG - 2026-05-15 22:46:09 --> Session: Class initialized using 'CodeIgniter\Session\Handlers\FileHandler' driver.
ERROR - 2026-05-15 22:46:09 --> mysqli_sql_exception: Unknown column 'tvm.PositionName' in 'field list' in C:\xampp\htdocs\gscgeavotingsystem\vendor\codeigniter4\framework\system\Database\MySQLi\Connection.php:327
Stack trace:
#0 C:\xampp\htdocs\gscgeavotingsystem\vendor\codeigniter4\framework\system\Database\MySQLi\Connection.php(327): mysqli->query('\r\n        SELEC...', 0)
#1 C:\xampp\htdocs\gscgeavotingsystem\vendor\codeigniter4\framework\system\Database\BaseConnection.php(738): CodeIgniter\Database\MySQLi\Connection->execute('\r\n        SELEC...')
#2 C:\xampp\htdocs\gscgeavotingsystem\vendor\codeigniter4\framework\system\Database\BaseConnection.php(652): CodeIgniter\Database\BaseConnection->simpleQuery('\r\n        SELEC...')
#3 C:\xampp\htdocs\gscgeavotingsystem\app\Controllers\Main.php(153): CodeIgniter\Database\BaseConnection->query('\r\n        SELEC...')
#4 C:\xampp\htdocs\gscgeavotingsystem\vendor\codeigniter4\framework\system\CodeIgniter.php(933): App\Controllers\Main->getDashboarddata()
#5 C:\xampp\htdocs\gscgeavotingsystem\vendor\codeigniter4\framework\system\CodeIgniter.php(507): CodeIgniter\CodeIgniter->runController(Object(App\Controllers\Main))
#6 C:\xampp\htdocs\gscgeavotingsystem\vendor\codeigniter4\framework\system\CodeIgniter.php(354): CodeIgniter\CodeIgniter->handleRequest(NULL, Object(Config\Cache), false)
#7 C:\xampp\htdocs\gscgeavotingsystem\vendor\codeigniter4\framework\system\Boot.php(334): CodeIgniter\CodeIgniter->run()
#8 C:\xampp\htdocs\gscgeavotingsystem\vendor\codeigniter4\framework\system\Boot.php(67): CodeIgniter\Boot::runCodeIgniter(Object(CodeIgniter\CodeIgniter))
#9 C:\xampp\htdocs\gscgeavotingsystem\public\index.php(56): CodeIgniter\Boot::bootWeb(Object(Config\Paths))
#10 {main}
CRITICAL - 2026-05-15 22:46:09 --> CodeIgniter\Database\Exceptions\DatabaseException: Unknown column 'tvm.PositionName' in 'field list'
[Method: GET, Route: main/dashboarddata]
in SYSTEMPATH\Database\BaseConnection.php on line 692.
 1 APPPATH\Controllers\Main.php(153): CodeIgniter\Database\BaseConnection->query('
        SELECT 
            tvn.id,
            tvn.Candidate,
            tvn.CandidateImage,
            tvm.PositionName,
            COUNT(tv.id) AS NumberOfVotes
        FROM tblvotetrn tvn
        LEFT JOIN tblvote tv 
            ON tv.votetrnid = tvn.id
            AND tv.IsActive = 1
        LEFT JOIN tblvotemst tvm
            ON tvm.id = tvn.votemstid
        GROUP BY tvn.id
    ')
 2 SYSTEMPATH\CodeIgniter.php(933): App\Controllers\Main->getDashboarddata()
 3 SYSTEMPATH\CodeIgniter.php(507): CodeIgniter\CodeIgniter->runController(Object(App\Controllers\Main))
 4 SYSTEMPATH\CodeIgniter.php(354): CodeIgniter\CodeIgniter->handleRequest(null, Object(Config\Cache), false)
 5 SYSTEMPATH\Boot.php(334): CodeIgniter\CodeIgniter->run()
 6 SYSTEMPATH\Boot.php(67): CodeIgniter\Boot::runCodeIgniter(Object(CodeIgniter\CodeIgniter))
 7 FCPATH\index.php(56): CodeIgniter\Boot::bootWeb(Object(Config\Paths))
CRITICAL - 2026-05-15 22:46:09 --> [Caused by] CodeIgniter\Database\Exceptions\DatabaseException: Unknown column 'tvm.PositionName' in 'field list'
in SYSTEMPATH\Database\MySQLi\Connection.php on line 332.
 1 SYSTEMPATH\Database\BaseConnection.php(738): CodeIgniter\Database\MySQLi\Connection->execute('
        SELECT 
            tvn.id,
            tvn.Candidate,
            tvn.CandidateImage,
            tvm.PositionName,
            COUNT(tv.id) AS NumberOfVotes
        FROM tblvotetrn tvn
        LEFT JOIN tblvote tv 
            ON tv.votetrnid = tvn.id
            AND tv.IsActive = 1
        LEFT JOIN tblvotemst tvm
            ON tvm.id = tvn.votemstid
        GROUP BY tvn.id
    ')
 2 SYSTEMPATH\Database\BaseConnection.php(652): CodeIgniter\Database\BaseConnection->simpleQuery('
        SELECT 
            tvn.id,
            tvn.Candidate,
            tvn.CandidateImage,
            tvm.PositionName,
            COUNT(tv.id) AS NumberOfVotes
        FROM tblvotetrn tvn
        LEFT JOIN tblvote tv 
            ON tv.votetrnid = tvn.id
            AND tv.IsActive = 1
        LEFT JOIN tblvotemst tvm
            ON tvm.id = tvn.votemstid
        GROUP BY tvn.id
    ')
 3 APPPATH\Controllers\Main.php(153): CodeIgniter\Database\BaseConnection->query('
        SELECT 
            tvn.id,
            tvn.Candidate,
            tvn.CandidateImage,
            tvm.PositionName,
            COUNT(tv.id) AS NumberOfVotes
        FROM tblvotetrn tvn
        LEFT JOIN tblvote tv 
            ON tv.votetrnid = tvn.id
            AND tv.IsActive = 1
        LEFT JOIN tblvotemst tvm
            ON tvm.id = tvn.votemstid
        GROUP BY tvn.id
    ')
 4 SYSTEMPATH\CodeIgniter.php(933): App\Controllers\Main->getDashboarddata()
 5 SYSTEMPATH\CodeIgniter.php(507): CodeIgniter\CodeIgniter->runController(Object(App\Controllers\Main))
 6 SYSTEMPATH\CodeIgniter.php(354): CodeIgniter\CodeIgniter->handleRequest(null, Object(Config\Cache), false)
 7 SYSTEMPATH\Boot.php(334): CodeIgniter\CodeIgniter->run()
 8 SYSTEMPATH\Boot.php(67): CodeIgniter\Boot::runCodeIgniter(Object(CodeIgniter\CodeIgniter))
 9 FCPATH\index.php(56): CodeIgniter\Boot::bootWeb(Object(Config\Paths))
CRITICAL - 2026-05-15 22:46:09 --> [Caused by] mysqli_sql_exception: Unknown column 'tvm.PositionName' in 'field list'
in SYSTEMPATH\Database\MySQLi\Connection.php on line 327.
 1 SYSTEMPATH\Database\MySQLi\Connection.php(327): mysqli->query('
        SELECT 
            tvn.id,
            tvn.Candidate,
            tvn.CandidateImage,
            tvm.PositionName,
            COUNT(tv.id) AS NumberOfVotes
        FROM tblvotetrn tvn
        LEFT JOIN tblvote tv 
            ON tv.votetrnid = tvn.id
            AND tv.IsActive = 1
        LEFT JOIN tblvotemst tvm
            ON tvm.id = tvn.votemstid
        GROUP BY tvn.id
    ', 0)
 2 SYSTEMPATH\Database\BaseConnection.php(738): CodeIgniter\Database\MySQLi\Connection->execute('
        SELECT 
            tvn.id,
            tvn.Candidate,
            tvn.CandidateImage,
            tvm.PositionName,
            COUNT(tv.id) AS NumberOfVotes
        FROM tblvotetrn tvn
        LEFT JOIN tblvote tv 
            ON tv.votetrnid = tvn.id
            AND tv.IsActive = 1
        LEFT JOIN tblvotemst tvm
            ON tvm.id = tvn.votemstid
        GROUP BY tvn.id
    ')
 3 SYSTEMPATH\Database\BaseConnection.php(652): CodeIgniter\Database\BaseConnection->simpleQuery('
        SELECT 
            tvn.id,
            tvn.Candidate,
            tvn.CandidateImage,
            tvm.PositionName,
            COUNT(tv.id) AS NumberOfVotes
        FROM tblvotetrn tvn
        LEFT JOIN tblvote tv 
            ON tv.votetrnid = tvn.id
            AND tv.IsActive = 1
        LEFT JOIN tblvotemst tvm
            ON tvm.id = tvn.votemstid
        GROUP BY tvn.id
    ')
 4 APPPATH\Controllers\Main.php(153): CodeIgniter\Database\BaseConnection->query('
        SELECT 
            tvn.id,
            tvn.Candidate,
            tvn.CandidateImage,
            tvm.PositionName,
            COUNT(tv.id) AS NumberOfVotes
        FROM tblvotetrn tvn
        LEFT JOIN tblvote tv 
            ON tv.votetrnid = tvn.id
            AND tv.IsActive = 1
        LEFT JOIN tblvotemst tvm
            ON tvm.id = tvn.votemstid
        GROUP BY tvn.id
    ')
 5 SYSTEMPATH\CodeIgniter.php(933): App\Controllers\Main->getDashboarddata()
 6 SYSTEMPATH\CodeIgniter.php(507): CodeIgniter\CodeIgniter->runController(Object(App\Controllers\Main))
 7 SYSTEMPATH\CodeIgniter.php(354): CodeIgniter\CodeIgniter->handleRequest(null, Object(Config\Cache), false)
 8 SYSTEMPATH\Boot.php(334): CodeIgniter\CodeIgniter->run()
 9 SYSTEMPATH\Boot.php(67): CodeIgniter\Boot::runCodeIgniter(Object(CodeIgniter\CodeIgniter))
10 FCPATH\index.php(56): CodeIgniter\Boot::bootWeb(Object(Config\Paths))
DEBUG - 2026-05-15 22:46:10 --> Session: Class initialized using 'CodeIgniter\Session\Handlers\FileHandler' driver.
DEBUG - 2026-05-15 22:46:12 --> Session: Class initialized using 'CodeIgniter\Session\Handlers\FileHandler' driver.
ERROR - 2026-05-15 22:46:12 --> mysqli_sql_exception: Unknown column 'tvm.PositionName' in 'field list' in C:\xampp\htdocs\gscgeavotingsystem\vendor\codeigniter4\framework\system\Database\MySQLi\Connection.php:327
Stack trace:
#0 C:\xampp\htdocs\gscgeavotingsystem\vendor\codeigniter4\framework\system\Database\MySQLi\Connection.php(327): mysqli->query('\r\n        SELEC...', 0)
#1 C:\xampp\htdocs\gscgeavotingsystem\vendor\codeigniter4\framework\system\Database\BaseConnection.php(738): CodeIgniter\Database\MySQLi\Connection->execute('\r\n        SELEC...')
#2 C:\xampp\htdocs\gscgeavotingsystem\vendor\codeigniter4\framework\system\Database\BaseConnection.php(652): CodeIgniter\Database\BaseConnection->simpleQuery('\r\n        SELEC...')
#3 C:\xampp\htdocs\gscgeavotingsystem\app\Controllers\Main.php(153): CodeIgniter\Database\BaseConnection->query('\r\n        SELEC...')
#4 C:\xampp\htdocs\gscgeavotingsystem\vendor\codeigniter4\framework\system\CodeIgniter.php(933): App\Controllers\Main->getDashboarddata()
#5 C:\xampp\htdocs\gscgeavotingsystem\vendor\codeigniter4\framework\system\CodeIgniter.php(507): CodeIgniter\CodeIgniter->runController(Object(App\Controllers\Main))
#6 C:\xampp\htdocs\gscgeavotingsystem\vendor\codeigniter4\framework\system\CodeIgniter.php(354): CodeIgniter\CodeIgniter->handleRequest(NULL, Object(Config\Cache), false)
#7 C:\xampp\htdocs\gscgeavotingsystem\vendor\codeigniter4\framework\system\Boot.php(334): CodeIgniter\CodeIgniter->run()
#8 C:\xampp\htdocs\gscgeavotingsystem\vendor\codeigniter4\framework\system\Boot.php(67): CodeIgniter\Boot::runCodeIgniter(Object(CodeIgniter\CodeIgniter))
#9 C:\xampp\htdocs\gscgeavotingsystem\public\index.php(56): CodeIgniter\Boot::bootWeb(Object(Config\Paths))
#10 {main}
CRITICAL - 2026-05-15 22:46:12 --> CodeIgniter\Database\Exceptions\DatabaseException: Unknown column 'tvm.PositionName' in 'field list'
[Method: GET, Route: main/dashboarddata]
in SYSTEMPATH\Database\BaseConnection.php on line 692.
 1 APPPATH\Controllers\Main.php(153): CodeIgniter\Database\BaseConnection->query('
        SELECT 
            tvn.id,
            tvn.Candidate,
            tvn.CandidateImage,
            tvm.PositionName,
            COUNT(tv.id) AS NumberOfVotes
        FROM tblvotetrn tvn
        LEFT JOIN tblvote tv 
            ON tv.votetrnid = tvn.id
            AND tv.IsActive = 1
        LEFT JOIN tblvotemst tvm
            ON tvm.id = tvn.votemstid
        GROUP BY tvn.id
    ')
 2 SYSTEMPATH\CodeIgniter.php(933): App\Controllers\Main->getDashboarddata()
 3 SYSTEMPATH\CodeIgniter.php(507): CodeIgniter\CodeIgniter->runController(Object(App\Controllers\Main))
 4 SYSTEMPATH\CodeIgniter.php(354): CodeIgniter\CodeIgniter->handleRequest(null, Object(Config\Cache), false)
 5 SYSTEMPATH\Boot.php(334): CodeIgniter\CodeIgniter->run()
 6 SYSTEMPATH\Boot.php(67): CodeIgniter\Boot::runCodeIgniter(Object(CodeIgniter\CodeIgniter))
 7 FCPATH\index.php(56): CodeIgniter\Boot::bootWeb(Object(Config\Paths))
CRITICAL - 2026-05-15 22:46:12 --> [Caused by] CodeIgniter\Database\Exceptions\DatabaseException: Unknown column 'tvm.PositionName' in 'field list'
in SYSTEMPATH\Database\MySQLi\Connection.php on line 332.
 1 SYSTEMPATH\Database\BaseConnection.php(738): CodeIgniter\Database\MySQLi\Connection->execute('
        SELECT 
            tvn.id,
            tvn.Candidate,
            tvn.CandidateImage,
            tvm.PositionName,
            COUNT(tv.id) AS NumberOfVotes
        FROM tblvotetrn tvn
        LEFT JOIN tblvote tv 
            ON tv.votetrnid = tvn.id
            AND tv.IsActive = 1
        LEFT JOIN tblvotemst tvm
            ON tvm.id = tvn.votemstid
        GROUP BY tvn.id
    ')
 2 SYSTEMPATH\Database\BaseConnection.php(652): CodeIgniter\Database\BaseConnection->simpleQuery('
        SELECT 
            tvn.id,
            tvn.Candidate,
            tvn.CandidateImage,
            tvm.PositionName,
            COUNT(tv.id) AS NumberOfVotes
        FROM tblvotetrn tvn
        LEFT JOIN tblvote tv 
            ON tv.votetrnid = tvn.id
            AND tv.IsActive = 1
        LEFT JOIN tblvotemst tvm
            ON tvm.id = tvn.votemstid
        GROUP BY tvn.id
    ')
 3 APPPATH\Controllers\Main.php(153): CodeIgniter\Database\BaseConnection->query('
        SELECT 
            tvn.id,
            tvn.Candidate,
            tvn.CandidateImage,
            tvm.PositionName,
            COUNT(tv.id) AS NumberOfVotes
        FROM tblvotetrn tvn
        LEFT JOIN tblvote tv 
            ON tv.votetrnid = tvn.id
            AND tv.IsActive = 1
        LEFT JOIN tblvotemst tvm
            ON tvm.id = tvn.votemstid
        GROUP BY tvn.id
    ')
 4 SYSTEMPATH\CodeIgniter.php(933): App\Controllers\Main->getDashboarddata()
 5 SYSTEMPATH\CodeIgniter.php(507): CodeIgniter\CodeIgniter->runController(Object(App\Controllers\Main))
 6 SYSTEMPATH\CodeIgniter.php(354): CodeIgniter\CodeIgniter->handleRequest(null, Object(Config\Cache), false)
 7 SYSTEMPATH\Boot.php(334): CodeIgniter\CodeIgniter->run()
 8 SYSTEMPATH\Boot.php(67): CodeIgniter\Boot::runCodeIgniter(Object(CodeIgniter\CodeIgniter))
 9 FCPATH\index.php(56): CodeIgniter\Boot::bootWeb(Object(Config\Paths))
CRITICAL - 2026-05-15 22:46:12 --> [Caused by] mysqli_sql_exception: Unknown column 'tvm.PositionName' in 'field list'
in SYSTEMPATH\Database\MySQLi\Connection.php on line 327.
 1 SYSTEMPATH\Database\MySQLi\Connection.php(327): mysqli->query('
        SELECT 
            tvn.id,
            tvn.Candidate,
            tvn.CandidateImage,
            tvm.PositionName,
            COUNT(tv.id) AS NumberOfVotes
        FROM tblvotetrn tvn
        LEFT JOIN tblvote tv 
            ON tv.votetrnid = tvn.id
            AND tv.IsActive = 1
        LEFT JOIN tblvotemst tvm
            ON tvm.id = tvn.votemstid
        GROUP BY tvn.id
    ', 0)
 2 SYSTEMPATH\Database\BaseConnection.php(738): CodeIgniter\Database\MySQLi\Connection->execute('
        SELECT 
            tvn.id,
            tvn.Candidate,
            tvn.CandidateImage,
            tvm.PositionName,
            COUNT(tv.id) AS NumberOfVotes
        FROM tblvotetrn tvn
        LEFT JOIN tblvote tv 
            ON tv.votetrnid = tvn.id
            AND tv.IsActive = 1
        LEFT JOIN tblvotemst tvm
            ON tvm.id = tvn.votemstid
        GROUP BY tvn.id
    ')
 3 SYSTEMPATH\Database\BaseConnection.php(652): CodeIgniter\Database\BaseConnection->simpleQuery('
        SELECT 
            tvn.id,
            tvn.Candidate,
            tvn.CandidateImage,
            tvm.PositionName,
            COUNT(tv.id) AS NumberOfVotes
        FROM tblvotetrn tvn
        LEFT JOIN tblvote tv 
            ON tv.votetrnid = tvn.id
            AND tv.IsActive = 1
        LEFT JOIN tblvotemst tvm
            ON tvm.id = tvn.votemstid
        GROUP BY tvn.id
    ')
 4 APPPATH\Controllers\Main.php(153): CodeIgniter\Database\BaseConnection->query('
        SELECT 
            tvn.id,
            tvn.Candidate,
            tvn.CandidateImage,
            tvm.PositionName,
            COUNT(tv.id) AS NumberOfVotes
        FROM tblvotetrn tvn
        LEFT JOIN tblvote tv 
            ON tv.votetrnid = tvn.id
            AND tv.IsActive = 1
        LEFT JOIN tblvotemst tvm
            ON tvm.id = tvn.votemstid
        GROUP BY tvn.id
    ')
 5 SYSTEMPATH\CodeIgniter.php(933): App\Controllers\Main->getDashboarddata()
 6 SYSTEMPATH\CodeIgniter.php(507): CodeIgniter\CodeIgniter->runController(Object(App\Controllers\Main))
 7 SYSTEMPATH\CodeIgniter.php(354): CodeIgniter\CodeIgniter->handleRequest(null, Object(Config\Cache), false)
 8 SYSTEMPATH\Boot.php(334): CodeIgniter\CodeIgniter->run()
 9 SYSTEMPATH\Boot.php(67): CodeIgniter\Boot::runCodeIgniter(Object(CodeIgniter\CodeIgniter))
10 FCPATH\index.php(56): CodeIgniter\Boot::bootWeb(Object(Config\Paths))
DEBUG - 2026-05-15 22:46:12 --> Session: Class initialized using 'CodeIgniter\Session\Handlers\FileHandler' driver.
DEBUG - 2026-05-15 22:46:22 --> Session: Class initialized using 'CodeIgniter\Session\Handlers\FileHandler' driver.
ERROR - 2026-05-15 22:46:22 --> mysqli_sql_exception: Unknown column 'tvm.PositionName' in 'field list' in C:\xampp\htdocs\gscgeavotingsystem\vendor\codeigniter4\framework\system\Database\MySQLi\Connection.php:327
Stack trace:
#0 C:\xampp\htdocs\gscgeavotingsystem\vendor\codeigniter4\framework\system\Database\MySQLi\Connection.php(327): mysqli->query('\r\n        SELEC...', 0)
#1 C:\xampp\htdocs\gscgeavotingsystem\vendor\codeigniter4\framework\system\Database\BaseConnection.php(738): CodeIgniter\Database\MySQLi\Connection->execute('\r\n        SELEC...')
#2 C:\xampp\htdocs\gscgeavotingsystem\vendor\codeigniter4\framework\system\Database\BaseConnection.php(652): CodeIgniter\Database\BaseConnection->simpleQuery('\r\n        SELEC...')
#3 C:\xampp\htdocs\gscgeavotingsystem\app\Controllers\Main.php(153): CodeIgniter\Database\BaseConnection->query('\r\n        SELEC...')
#4 C:\xampp\htdocs\gscgeavotingsystem\vendor\codeigniter4\framework\system\CodeIgniter.php(933): App\Controllers\Main->getDashboarddata()
#5 C:\xampp\htdocs\gscgeavotingsystem\vendor\codeigniter4\framework\system\CodeIgniter.php(507): CodeIgniter\CodeIgniter->runController(Object(App\Controllers\Main))
#6 C:\xampp\htdocs\gscgeavotingsystem\vendor\codeigniter4\framework\system\CodeIgniter.php(354): CodeIgniter\CodeIgniter->handleRequest(NULL, Object(Config\Cache), false)
#7 C:\xampp\htdocs\gscgeavotingsystem\vendor\codeigniter4\framework\system\Boot.php(334): CodeIgniter\CodeIgniter->run()
#8 C:\xampp\htdocs\gscgeavotingsystem\vendor\codeigniter4\framework\system\Boot.php(67): CodeIgniter\Boot::runCodeIgniter(Object(CodeIgniter\CodeIgniter))
#9 C:\xampp\htdocs\gscgeavotingsystem\public\index.php(56): CodeIgniter\Boot::bootWeb(Object(Config\Paths))
#10 {main}
CRITICAL - 2026-05-15 22:46:22 --> CodeIgniter\Database\Exceptions\DatabaseException: Unknown column 'tvm.PositionName' in 'field list'
[Method: GET, Route: main/dashboarddata]
in SYSTEMPATH\Database\BaseConnection.php on line 692.
 1 APPPATH\Controllers\Main.php(153): CodeIgniter\Database\BaseConnection->query('
        SELECT 
            tvn.id,
            tvn.Candidate,
            tvn.CandidateImage,
            tvm.PositionName,
            COUNT(tv.id) AS NumberOfVotes
        FROM tblvotetrn tvn
        LEFT JOIN tblvote tv 
            ON tv.votetrnid = tvn.id
            AND tv.IsActive = 1
        LEFT JOIN tblvotemst tvm
            ON tvm.id = tvn.votemstid
        GROUP BY tvn.id
    ')
 2 SYSTEMPATH\CodeIgniter.php(933): App\Controllers\Main->getDashboarddata()
 3 SYSTEMPATH\CodeIgniter.php(507): CodeIgniter\CodeIgniter->runController(Object(App\Controllers\Main))
 4 SYSTEMPATH\CodeIgniter.php(354): CodeIgniter\CodeIgniter->handleRequest(null, Object(Config\Cache), false)
 5 SYSTEMPATH\Boot.php(334): CodeIgniter\CodeIgniter->run()
 6 SYSTEMPATH\Boot.php(67): CodeIgniter\Boot::runCodeIgniter(Object(CodeIgniter\CodeIgniter))
 7 FCPATH\index.php(56): CodeIgniter\Boot::bootWeb(Object(Config\Paths))
CRITICAL - 2026-05-15 22:46:22 --> [Caused by] CodeIgniter\Database\Exceptions\DatabaseException: Unknown column 'tvm.PositionName' in 'field list'
in SYSTEMPATH\Database\MySQLi\Connection.php on line 332.
 1 SYSTEMPATH\Database\BaseConnection.php(738): CodeIgniter\Database\MySQLi\Connection->execute('
        SELECT 
            tvn.id,
            tvn.Candidate,
            tvn.CandidateImage,
            tvm.PositionName,
            COUNT(tv.id) AS NumberOfVotes
        FROM tblvotetrn tvn
        LEFT JOIN tblvote tv 
            ON tv.votetrnid = tvn.id
            AND tv.IsActive = 1
        LEFT JOIN tblvotemst tvm
            ON tvm.id = tvn.votemstid
        GROUP BY tvn.id
    ')
 2 SYSTEMPATH\Database\BaseConnection.php(652): CodeIgniter\Database\BaseConnection->simpleQuery('
        SELECT 
            tvn.id,
            tvn.Candidate,
            tvn.CandidateImage,
            tvm.PositionName,
            COUNT(tv.id) AS NumberOfVotes
        FROM tblvotetrn tvn
        LEFT JOIN tblvote tv 
            ON tv.votetrnid = tvn.id
            AND tv.IsActive = 1
        LEFT JOIN tblvotemst tvm
            ON tvm.id = tvn.votemstid
        GROUP BY tvn.id
    ')
 3 APPPATH\Controllers\Main.php(153): CodeIgniter\Database\BaseConnection->query('
        SELECT 
            tvn.id,
            tvn.Candidate,
            tvn.CandidateImage,
            tvm.PositionName,
            COUNT(tv.id) AS NumberOfVotes
        FROM tblvotetrn tvn
        LEFT JOIN tblvote tv 
            ON tv.votetrnid = tvn.id
            AND tv.IsActive = 1
        LEFT JOIN tblvotemst tvm
            ON tvm.id = tvn.votemstid
        GROUP BY tvn.id
    ')
 4 SYSTEMPATH\CodeIgniter.php(933): App\Controllers\Main->getDashboarddata()
 5 SYSTEMPATH\CodeIgniter.php(507): CodeIgniter\CodeIgniter->runController(Object(App\Controllers\Main))
 6 SYSTEMPATH\CodeIgniter.php(354): CodeIgniter\CodeIgniter->handleRequest(null, Object(Config\Cache), false)
 7 SYSTEMPATH\Boot.php(334): CodeIgniter\CodeIgniter->run()
 8 SYSTEMPATH\Boot.php(67): CodeIgniter\Boot::runCodeIgniter(Object(CodeIgniter\CodeIgniter))
 9 FCPATH\index.php(56): CodeIgniter\Boot::bootWeb(Object(Config\Paths))
CRITICAL - 2026-05-15 22:46:22 --> [Caused by] mysqli_sql_exception: Unknown column 'tvm.PositionName' in 'field list'
in SYSTEMPATH\Database\MySQLi\Connection.php on line 327.
 1 SYSTEMPATH\Database\MySQLi\Connection.php(327): mysqli->query('
        SELECT 
            tvn.id,
            tvn.Candidate,
            tvn.CandidateImage,
            tvm.PositionName,
            COUNT(tv.id) AS NumberOfVotes
        FROM tblvotetrn tvn
        LEFT JOIN tblvote tv 
            ON tv.votetrnid = tvn.id
            AND tv.IsActive = 1
        LEFT JOIN tblvotemst tvm
            ON tvm.id = tvn.votemstid
        GROUP BY tvn.id
    ', 0)
 2 SYSTEMPATH\Database\BaseConnection.php(738): CodeIgniter\Database\MySQLi\Connection->execute('
        SELECT 
            tvn.id,
            tvn.Candidate,
            tvn.CandidateImage,
            tvm.PositionName,
            COUNT(tv.id) AS NumberOfVotes
        FROM tblvotetrn tvn
        LEFT JOIN tblvote tv 
            ON tv.votetrnid = tvn.id
            AND tv.IsActive = 1
        LEFT JOIN tblvotemst tvm
            ON tvm.id = tvn.votemstid
        GROUP BY tvn.id
    ')
 3 SYSTEMPATH\Database\BaseConnection.php(652): CodeIgniter\Database\BaseConnection->simpleQuery('
        SELECT 
            tvn.id,
            tvn.Candidate,
            tvn.CandidateImage,
            tvm.PositionName,
            COUNT(tv.id) AS NumberOfVotes
        FROM tblvotetrn tvn
        LEFT JOIN tblvote tv 
            ON tv.votetrnid = tvn.id
            AND tv.IsActive = 1
        LEFT JOIN tblvotemst tvm
            ON tvm.id = tvn.votemstid
        GROUP BY tvn.id
    ')
 4 APPPATH\Controllers\Main.php(153): CodeIgniter\Database\BaseConnection->query('
        SELECT 
            tvn.id,
            tvn.Candidate,
            tvn.CandidateImage,
            tvm.PositionName,
            COUNT(tv.id) AS NumberOfVotes
        FROM tblvotetrn tvn
        LEFT JOIN tblvote tv 
            ON tv.votetrnid = tvn.id
            AND tv.IsActive = 1
        LEFT JOIN tblvotemst tvm
            ON tvm.id = tvn.votemstid
        GROUP BY tvn.id
    ')
 5 SYSTEMPATH\CodeIgniter.php(933): App\Controllers\Main->getDashboarddata()
 6 SYSTEMPATH\CodeIgniter.php(507): CodeIgniter\CodeIgniter->runController(Object(App\Controllers\Main))
 7 SYSTEMPATH\CodeIgniter.php(354): CodeIgniter\CodeIgniter->handleRequest(null, Object(Config\Cache), false)
 8 SYSTEMPATH\Boot.php(334): CodeIgniter\CodeIgniter->run()
 9 SYSTEMPATH\Boot.php(67): CodeIgniter\Boot::runCodeIgniter(Object(CodeIgniter\CodeIgniter))
10 FCPATH\index.php(56): CodeIgniter\Boot::bootWeb(Object(Config\Paths))
DEBUG - 2026-05-15 22:46:32 --> Session: Class initialized using 'CodeIgniter\Session\Handlers\FileHandler' driver.
ERROR - 2026-05-15 22:46:32 --> mysqli_sql_exception: Unknown column 'tvm.PositionName' in 'field list' in C:\xampp\htdocs\gscgeavotingsystem\vendor\codeigniter4\framework\system\Database\MySQLi\Connection.php:327
Stack trace:
#0 C:\xampp\htdocs\gscgeavotingsystem\vendor\codeigniter4\framework\system\Database\MySQLi\Connection.php(327): mysqli->query('\r\n        SELEC...', 0)
#1 C:\xampp\htdocs\gscgeavotingsystem\vendor\codeigniter4\framework\system\Database\BaseConnection.php(738): CodeIgniter\Database\MySQLi\Connection->execute('\r\n        SELEC...')
#2 C:\xampp\htdocs\gscgeavotingsystem\vendor\codeigniter4\framework\system\Database\BaseConnection.php(652): CodeIgniter\Database\BaseConnection->simpleQuery('\r\n        SELEC...')
#3 C:\xampp\htdocs\gscgeavotingsystem\app\Controllers\Main.php(153): CodeIgniter\Database\BaseConnection->query('\r\n        SELEC...')
#4 C:\xampp\htdocs\gscgeavotingsystem\vendor\codeigniter4\framework\system\CodeIgniter.php(933): App\Controllers\Main->getDashboarddata()
#5 C:\xampp\htdocs\gscgeavotingsystem\vendor\codeigniter4\framework\system\CodeIgniter.php(507): CodeIgniter\CodeIgniter->runController(Object(App\Controllers\Main))
#6 C:\xampp\htdocs\gscgeavotingsystem\vendor\codeigniter4\framework\system\CodeIgniter.php(354): CodeIgniter\CodeIgniter->handleRequest(NULL, Object(Config\Cache), false)
#7 C:\xampp\htdocs\gscgeavotingsystem\vendor\codeigniter4\framework\system\Boot.php(334): CodeIgniter\CodeIgniter->run()
#8 C:\xampp\htdocs\gscgeavotingsystem\vendor\codeigniter4\framework\system\Boot.php(67): CodeIgniter\Boot::runCodeIgniter(Object(CodeIgniter\CodeIgniter))
#9 C:\xampp\htdocs\gscgeavotingsystem\public\index.php(56): CodeIgniter\Boot::bootWeb(Object(Config\Paths))
#10 {main}
CRITICAL - 2026-05-15 22:46:32 --> CodeIgniter\Database\Exceptions\DatabaseException: Unknown column 'tvm.PositionName' in 'field list'
[Method: GET, Route: main/dashboarddata]
in SYSTEMPATH\Database\BaseConnection.php on line 692.
 1 APPPATH\Controllers\Main.php(153): CodeIgniter\Database\BaseConnection->query('
        SELECT 
            tvn.id,
            tvn.Candidate,
            tvn.CandidateImage,
            tvm.PositionName,
            COUNT(tv.id) AS NumberOfVotes
        FROM tblvotetrn tvn
        LEFT JOIN tblvote tv 
            ON tv.votetrnid = tvn.id
            AND tv.IsActive = 1
        LEFT JOIN tblvotemst tvm
            ON tvm.id = tvn.votemstid
        GROUP BY tvn.id
    ')
 2 SYSTEMPATH\CodeIgniter.php(933): App\Controllers\Main->getDashboarddata()
 3 SYSTEMPATH\CodeIgniter.php(507): CodeIgniter\CodeIgniter->runController(Object(App\Controllers\Main))
 4 SYSTEMPATH\CodeIgniter.php(354): CodeIgniter\CodeIgniter->handleRequest(null, Object(Config\Cache), false)
 5 SYSTEMPATH\Boot.php(334): CodeIgniter\CodeIgniter->run()
 6 SYSTEMPATH\Boot.php(67): CodeIgniter\Boot::runCodeIgniter(Object(CodeIgniter\CodeIgniter))
 7 FCPATH\index.php(56): CodeIgniter\Boot::bootWeb(Object(Config\Paths))
CRITICAL - 2026-05-15 22:46:32 --> [Caused by] CodeIgniter\Database\Exceptions\DatabaseException: Unknown column 'tvm.PositionName' in 'field list'
in SYSTEMPATH\Database\MySQLi\Connection.php on line 332.
 1 SYSTEMPATH\Database\BaseConnection.php(738): CodeIgniter\Database\MySQLi\Connection->execute('
        SELECT 
            tvn.id,
            tvn.Candidate,
            tvn.CandidateImage,
            tvm.PositionName,
            COUNT(tv.id) AS NumberOfVotes
        FROM tblvotetrn tvn
        LEFT JOIN tblvote tv 
            ON tv.votetrnid = tvn.id
            AND tv.IsActive = 1
        LEFT JOIN tblvotemst tvm
            ON tvm.id = tvn.votemstid
        GROUP BY tvn.id
    ')
 2 SYSTEMPATH\Database\BaseConnection.php(652): CodeIgniter\Database\BaseConnection->simpleQuery('
        SELECT 
            tvn.id,
            tvn.Candidate,
            tvn.CandidateImage,
            tvm.PositionName,
            COUNT(tv.id) AS NumberOfVotes
        FROM tblvotetrn tvn
        LEFT JOIN tblvote tv 
            ON tv.votetrnid = tvn.id
            AND tv.IsActive = 1
        LEFT JOIN tblvotemst tvm
            ON tvm.id = tvn.votemstid
        GROUP BY tvn.id
    ')
 3 APPPATH\Controllers\Main.php(153): CodeIgniter\Database\BaseConnection->query('
        SELECT 
            tvn.id,
            tvn.Candidate,
            tvn.CandidateImage,
            tvm.PositionName,
            COUNT(tv.id) AS NumberOfVotes
        FROM tblvotetrn tvn
        LEFT JOIN tblvote tv 
            ON tv.votetrnid = tvn.id
            AND tv.IsActive = 1
        LEFT JOIN tblvotemst tvm
            ON tvm.id = tvn.votemstid
        GROUP BY tvn.id
    ')
 4 SYSTEMPATH\CodeIgniter.php(933): App\Controllers\Main->getDashboarddata()
 5 SYSTEMPATH\CodeIgniter.php(507): CodeIgniter\CodeIgniter->runController(Object(App\Controllers\Main))
 6 SYSTEMPATH\CodeIgniter.php(354): CodeIgniter\CodeIgniter->handleRequest(null, Object(Config\Cache), false)
 7 SYSTEMPATH\Boot.php(334): CodeIgniter\CodeIgniter->run()
 8 SYSTEMPATH\Boot.php(67): CodeIgniter\Boot::runCodeIgniter(Object(CodeIgniter\CodeIgniter))
 9 FCPATH\index.php(56): CodeIgniter\Boot::bootWeb(Object(Config\Paths))
CRITICAL - 2026-05-15 22:46:32 --> [Caused by] mysqli_sql_exception: Unknown column 'tvm.PositionName' in 'field list'
in SYSTEMPATH\Database\MySQLi\Connection.php on line 327.
 1 SYSTEMPATH\Database\MySQLi\Connection.php(327): mysqli->query('
        SELECT 
            tvn.id,
            tvn.Candidate,
            tvn.CandidateImage,
            tvm.PositionName,
            COUNT(tv.id) AS NumberOfVotes
        FROM tblvotetrn tvn
        LEFT JOIN tblvote tv 
            ON tv.votetrnid = tvn.id
            AND tv.IsActive = 1
        LEFT JOIN tblvotemst tvm
            ON tvm.id = tvn.votemstid
        GROUP BY tvn.id
    ', 0)
 2 SYSTEMPATH\Database\BaseConnection.php(738): CodeIgniter\Database\MySQLi\Connection->execute('
        SELECT 
            tvn.id,
            tvn.Candidate,
            tvn.CandidateImage,
            tvm.PositionName,
            COUNT(tv.id) AS NumberOfVotes
        FROM tblvotetrn tvn
        LEFT JOIN tblvote tv 
            ON tv.votetrnid = tvn.id
            AND tv.IsActive = 1
        LEFT JOIN tblvotemst tvm
            ON tvm.id = tvn.votemstid
        GROUP BY tvn.id
    ')
 3 SYSTEMPATH\Database\BaseConnection.php(652): CodeIgniter\Database\BaseConnection->simpleQuery('
        SELECT 
            tvn.id,
            tvn.Candidate,
            tvn.CandidateImage,
            tvm.PositionName,
            COUNT(tv.id) AS NumberOfVotes
        FROM tblvotetrn tvn
        LEFT JOIN tblvote tv 
            ON tv.votetrnid = tvn.id
            AND tv.IsActive = 1
        LEFT JOIN tblvotemst tvm
            ON tvm.id = tvn.votemstid
        GROUP BY tvn.id
    ')
 4 APPPATH\Controllers\Main.php(153): CodeIgniter\Database\BaseConnection->query('
        SELECT 
            tvn.id,
            tvn.Candidate,
            tvn.CandidateImage,
            tvm.PositionName,
            COUNT(tv.id) AS NumberOfVotes
        FROM tblvotetrn tvn
        LEFT JOIN tblvote tv 
            ON tv.votetrnid = tvn.id
            AND tv.IsActive = 1
        LEFT JOIN tblvotemst tvm
            ON tvm.id = tvn.votemstid
        GROUP BY tvn.id
    ')
 5 SYSTEMPATH\CodeIgniter.php(933): App\Controllers\Main->getDashboarddata()
 6 SYSTEMPATH\CodeIgniter.php(507): CodeIgniter\CodeIgniter->runController(Object(App\Controllers\Main))
 7 SYSTEMPATH\CodeIgniter.php(354): CodeIgniter\CodeIgniter->handleRequest(null, Object(Config\Cache), false)
 8 SYSTEMPATH\Boot.php(334): CodeIgniter\CodeIgniter->run()
 9 SYSTEMPATH\Boot.php(67): CodeIgniter\Boot::runCodeIgniter(Object(CodeIgniter\CodeIgniter))
10 FCPATH\index.php(56): CodeIgniter\Boot::bootWeb(Object(Config\Paths))
DEBUG - 2026-05-15 22:46:42 --> Session: Class initialized using 'CodeIgniter\Session\Handlers\FileHandler' driver.
ERROR - 2026-05-15 22:46:42 --> mysqli_sql_exception: Unknown column 'tvm.PositionName' in 'field list' in C:\xampp\htdocs\gscgeavotingsystem\vendor\codeigniter4\framework\system\Database\MySQLi\Connection.php:327
Stack trace:
#0 C:\xampp\htdocs\gscgeavotingsystem\vendor\codeigniter4\framework\system\Database\MySQLi\Connection.php(327): mysqli->query('\r\n        SELEC...', 0)
#1 C:\xampp\htdocs\gscgeavotingsystem\vendor\codeigniter4\framework\system\Database\BaseConnection.php(738): CodeIgniter\Database\MySQLi\Connection->execute('\r\n        SELEC...')
#2 C:\xampp\htdocs\gscgeavotingsystem\vendor\codeigniter4\framework\system\Database\BaseConnection.php(652): CodeIgniter\Database\BaseConnection->simpleQuery('\r\n        SELEC...')
#3 C:\xampp\htdocs\gscgeavotingsystem\app\Controllers\Main.php(153): CodeIgniter\Database\BaseConnection->query('\r\n        SELEC...')
#4 C:\xampp\htdocs\gscgeavotingsystem\vendor\codeigniter4\framework\system\CodeIgniter.php(933): App\Controllers\Main->getDashboarddata()
#5 C:\xampp\htdocs\gscgeavotingsystem\vendor\codeigniter4\framework\system\CodeIgniter.php(507): CodeIgniter\CodeIgniter->runController(Object(App\Controllers\Main))
#6 C:\xampp\htdocs\gscgeavotingsystem\vendor\codeigniter4\framework\system\CodeIgniter.php(354): CodeIgniter\CodeIgniter->handleRequest(NULL, Object(Config\Cache), false)
#7 C:\xampp\htdocs\gscgeavotingsystem\vendor\codeigniter4\framework\system\Boot.php(334): CodeIgniter\CodeIgniter->run()
#8 C:\xampp\htdocs\gscgeavotingsystem\vendor\codeigniter4\framework\system\Boot.php(67): CodeIgniter\Boot::runCodeIgniter(Object(CodeIgniter\CodeIgniter))
#9 C:\xampp\htdocs\gscgeavotingsystem\public\index.php(56): CodeIgniter\Boot::bootWeb(Object(Config\Paths))
#10 {main}
CRITICAL - 2026-05-15 22:46:42 --> CodeIgniter\Database\Exceptions\DatabaseException: Unknown column 'tvm.PositionName' in 'field list'
[Method: GET, Route: main/dashboarddata]
in SYSTEMPATH\Database\BaseConnection.php on line 692.
 1 APPPATH\Controllers\Main.php(153): CodeIgniter\Database\BaseConnection->query('
        SELECT 
            tvn.id,
            tvn.Candidate,
            tvn.CandidateImage,
            tvm.PositionName,
            COUNT(tv.id) AS NumberOfVotes
        FROM tblvotetrn tvn
        LEFT JOIN tblvote tv 
            ON tv.votetrnid = tvn.id
            AND tv.IsActive = 1
        LEFT JOIN tblvotemst tvm
            ON tvm.id = tvn.votemstid
        GROUP BY tvn.id
    ')
 2 SYSTEMPATH\CodeIgniter.php(933): App\Controllers\Main->getDashboarddata()
 3 SYSTEMPATH\CodeIgniter.php(507): CodeIgniter\CodeIgniter->runController(Object(App\Controllers\Main))
 4 SYSTEMPATH\CodeIgniter.php(354): CodeIgniter\CodeIgniter->handleRequest(null, Object(Config\Cache), false)
 5 SYSTEMPATH\Boot.php(334): CodeIgniter\CodeIgniter->run()
 6 SYSTEMPATH\Boot.php(67): CodeIgniter\Boot::runCodeIgniter(Object(CodeIgniter\CodeIgniter))
 7 FCPATH\index.php(56): CodeIgniter\Boot::bootWeb(Object(Config\Paths))
CRITICAL - 2026-05-15 22:46:42 --> [Caused by] CodeIgniter\Database\Exceptions\DatabaseException: Unknown column 'tvm.PositionName' in 'field list'
in SYSTEMPATH\Database\MySQLi\Connection.php on line 332.
 1 SYSTEMPATH\Database\BaseConnection.php(738): CodeIgniter\Database\MySQLi\Connection->execute('
        SELECT 
            tvn.id,
            tvn.Candidate,
            tvn.CandidateImage,
            tvm.PositionName,
            COUNT(tv.id) AS NumberOfVotes
        FROM tblvotetrn tvn
        LEFT JOIN tblvote tv 
            ON tv.votetrnid = tvn.id
            AND tv.IsActive = 1
        LEFT JOIN tblvotemst tvm
            ON tvm.id = tvn.votemstid
        GROUP BY tvn.id
    ')
 2 SYSTEMPATH\Database\BaseConnection.php(652): CodeIgniter\Database\BaseConnection->simpleQuery('
        SELECT 
            tvn.id,
            tvn.Candidate,
            tvn.CandidateImage,
            tvm.PositionName,
            COUNT(tv.id) AS NumberOfVotes
        FROM tblvotetrn tvn
        LEFT JOIN tblvote tv 
            ON tv.votetrnid = tvn.id
            AND tv.IsActive = 1
        LEFT JOIN tblvotemst tvm
            ON tvm.id = tvn.votemstid
        GROUP BY tvn.id
    ')
 3 APPPATH\Controllers\Main.php(153): CodeIgniter\Database\BaseConnection->query('
        SELECT 
            tvn.id,
            tvn.Candidate,
            tvn.CandidateImage,
            tvm.PositionName,
            COUNT(tv.id) AS NumberOfVotes
        FROM tblvotetrn tvn
        LEFT JOIN tblvote tv 
            ON tv.votetrnid = tvn.id
            AND tv.IsActive = 1
        LEFT JOIN tblvotemst tvm
            ON tvm.id = tvn.votemstid
        GROUP BY tvn.id
    ')
 4 SYSTEMPATH\CodeIgniter.php(933): App\Controllers\Main->getDashboarddata()
 5 SYSTEMPATH\CodeIgniter.php(507): CodeIgniter\CodeIgniter->runController(Object(App\Controllers\Main))
 6 SYSTEMPATH\CodeIgniter.php(354): CodeIgniter\CodeIgniter->handleRequest(null, Object(Config\Cache), false)
 7 SYSTEMPATH\Boot.php(334): CodeIgniter\CodeIgniter->run()
 8 SYSTEMPATH\Boot.php(67): CodeIgniter\Boot::runCodeIgniter(Object(CodeIgniter\CodeIgniter))
 9 FCPATH\index.php(56): CodeIgniter\Boot::bootWeb(Object(Config\Paths))
CRITICAL - 2026-05-15 22:46:42 --> [Caused by] mysqli_sql_exception: Unknown column 'tvm.PositionName' in 'field list'
in SYSTEMPATH\Database\MySQLi\Connection.php on line 327.
 1 SYSTEMPATH\Database\MySQLi\Connection.php(327): mysqli->query('
        SELECT 
            tvn.id,
            tvn.Candidate,
            tvn.CandidateImage,
            tvm.PositionName,
            COUNT(tv.id) AS NumberOfVotes
        FROM tblvotetrn tvn
        LEFT JOIN tblvote tv 
            ON tv.votetrnid = tvn.id
            AND tv.IsActive = 1
        LEFT JOIN tblvotemst tvm
            ON tvm.id = tvn.votemstid
        GROUP BY tvn.id
    ', 0)
 2 SYSTEMPATH\Database\BaseConnection.php(738): CodeIgniter\Database\MySQLi\Connection->execute('
        SELECT 
            tvn.id,
            tvn.Candidate,
            tvn.CandidateImage,
            tvm.PositionName,
            COUNT(tv.id) AS NumberOfVotes
        FROM tblvotetrn tvn
        LEFT JOIN tblvote tv 
            ON tv.votetrnid = tvn.id
            AND tv.IsActive = 1
        LEFT JOIN tblvotemst tvm
            ON tvm.id = tvn.votemstid
        GROUP BY tvn.id
    ')
 3 SYSTEMPATH\Database\BaseConnection.php(652): CodeIgniter\Database\BaseConnection->simpleQuery('
        SELECT 
            tvn.id,
            tvn.Candidate,
            tvn.CandidateImage,
            tvm.PositionName,
            COUNT(tv.id) AS NumberOfVotes
        FROM tblvotetrn tvn
        LEFT JOIN tblvote tv 
            ON tv.votetrnid = tvn.id
            AND tv.IsActive = 1
        LEFT JOIN tblvotemst tvm
            ON tvm.id = tvn.votemstid
        GROUP BY tvn.id
    ')
 4 APPPATH\Controllers\Main.php(153): CodeIgniter\Database\BaseConnection->query('
        SELECT 
            tvn.id,
            tvn.Candidate,
            tvn.CandidateImage,
            tvm.PositionName,
            COUNT(tv.id) AS NumberOfVotes
        FROM tblvotetrn tvn
        LEFT JOIN tblvote tv 
            ON tv.votetrnid = tvn.id
            AND tv.IsActive = 1
        LEFT JOIN tblvotemst tvm
            ON tvm.id = tvn.votemstid
        GROUP BY tvn.id
    ')
 5 SYSTEMPATH\CodeIgniter.php(933): App\Controllers\Main->getDashboarddata()
 6 SYSTEMPATH\CodeIgniter.php(507): CodeIgniter\CodeIgniter->runController(Object(App\Controllers\Main))
 7 SYSTEMPATH\CodeIgniter.php(354): CodeIgniter\CodeIgniter->handleRequest(null, Object(Config\Cache), false)
 8 SYSTEMPATH\Boot.php(334): CodeIgniter\CodeIgniter->run()
 9 SYSTEMPATH\Boot.php(67): CodeIgniter\Boot::runCodeIgniter(Object(CodeIgniter\CodeIgniter))
10 FCPATH\index.php(56): CodeIgniter\Boot::bootWeb(Object(Config\Paths))
DEBUG - 2026-05-15 22:46:52 --> Session: Class initialized using 'CodeIgniter\Session\Handlers\FileHandler' driver.
ERROR - 2026-05-15 22:46:52 --> mysqli_sql_exception: Unknown column 'tvm.PositionName' in 'field list' in C:\xampp\htdocs\gscgeavotingsystem\vendor\codeigniter4\framework\system\Database\MySQLi\Connection.php:327
Stack trace:
#0 C:\xampp\htdocs\gscgeavotingsystem\vendor\codeigniter4\framework\system\Database\MySQLi\Connection.php(327): mysqli->query('\r\n        SELEC...', 0)
#1 C:\xampp\htdocs\gscgeavotingsystem\vendor\codeigniter4\framework\system\Database\BaseConnection.php(738): CodeIgniter\Database\MySQLi\Connection->execute('\r\n        SELEC...')
#2 C:\xampp\htdocs\gscgeavotingsystem\vendor\codeigniter4\framework\system\Database\BaseConnection.php(652): CodeIgniter\Database\BaseConnection->simpleQuery('\r\n        SELEC...')
#3 C:\xampp\htdocs\gscgeavotingsystem\app\Controllers\Main.php(153): CodeIgniter\Database\BaseConnection->query('\r\n        SELEC...')
#4 C:\xampp\htdocs\gscgeavotingsystem\vendor\codeigniter4\framework\system\CodeIgniter.php(933): App\Controllers\Main->getDashboarddata()
#5 C:\xampp\htdocs\gscgeavotingsystem\vendor\codeigniter4\framework\system\CodeIgniter.php(507): CodeIgniter\CodeIgniter->runController(Object(App\Controllers\Main))
#6 C:\xampp\htdocs\gscgeavotingsystem\vendor\codeigniter4\framework\system\CodeIgniter.php(354): CodeIgniter\CodeIgniter->handleRequest(NULL, Object(Config\Cache), false)
#7 C:\xampp\htdocs\gscgeavotingsystem\vendor\codeigniter4\framework\system\Boot.php(334): CodeIgniter\CodeIgniter->run()
#8 C:\xampp\htdocs\gscgeavotingsystem\vendor\codeigniter4\framework\system\Boot.php(67): CodeIgniter\Boot::runCodeIgniter(Object(CodeIgniter\CodeIgniter))
#9 C:\xampp\htdocs\gscgeavotingsystem\public\index.php(56): CodeIgniter\Boot::bootWeb(Object(Config\Paths))
#10 {main}
CRITICAL - 2026-05-15 22:46:52 --> CodeIgniter\Database\Exceptions\DatabaseException: Unknown column 'tvm.PositionName' in 'field list'
[Method: GET, Route: main/dashboarddata]
in SYSTEMPATH\Database\BaseConnection.php on line 692.
 1 APPPATH\Controllers\Main.php(153): CodeIgniter\Database\BaseConnection->query('
        SELECT 
            tvn.id,
            tvn.Candidate,
            tvn.CandidateImage,
            tvm.PositionName,
            COUNT(tv.id) AS NumberOfVotes
        FROM tblvotetrn tvn
        LEFT JOIN tblvote tv 
            ON tv.votetrnid = tvn.id
            AND tv.IsActive = 1
        LEFT JOIN tblvotemst tvm
            ON tvm.id = tvn.votemstid
        GROUP BY tvn.id
    ')
 2 SYSTEMPATH\CodeIgniter.php(933): App\Controllers\Main->getDashboarddata()
 3 SYSTEMPATH\CodeIgniter.php(507): CodeIgniter\CodeIgniter->runController(Object(App\Controllers\Main))
 4 SYSTEMPATH\CodeIgniter.php(354): CodeIgniter\CodeIgniter->handleRequest(null, Object(Config\Cache), false)
 5 SYSTEMPATH\Boot.php(334): CodeIgniter\CodeIgniter->run()
 6 SYSTEMPATH\Boot.php(67): CodeIgniter\Boot::runCodeIgniter(Object(CodeIgniter\CodeIgniter))
 7 FCPATH\index.php(56): CodeIgniter\Boot::bootWeb(Object(Config\Paths))
CRITICAL - 2026-05-15 22:46:52 --> [Caused by] CodeIgniter\Database\Exceptions\DatabaseException: Unknown column 'tvm.PositionName' in 'field list'
in SYSTEMPATH\Database\MySQLi\Connection.php on line 332.
 1 SYSTEMPATH\Database\BaseConnection.php(738): CodeIgniter\Database\MySQLi\Connection->execute('
        SELECT 
            tvn.id,
            tvn.Candidate,
            tvn.CandidateImage,
            tvm.PositionName,
            COUNT(tv.id) AS NumberOfVotes
        FROM tblvotetrn tvn
        LEFT JOIN tblvote tv 
            ON tv.votetrnid = tvn.id
            AND tv.IsActive = 1
        LEFT JOIN tblvotemst tvm
            ON tvm.id = tvn.votemstid
        GROUP BY tvn.id
    ')
 2 SYSTEMPATH\Database\BaseConnection.php(652): CodeIgniter\Database\BaseConnection->simpleQuery('
        SELECT 
            tvn.id,
            tvn.Candidate,
            tvn.CandidateImage,
            tvm.PositionName,
            COUNT(tv.id) AS NumberOfVotes
        FROM tblvotetrn tvn
        LEFT JOIN tblvote tv 
            ON tv.votetrnid = tvn.id
            AND tv.IsActive = 1
        LEFT JOIN tblvotemst tvm
            ON tvm.id = tvn.votemstid
        GROUP BY tvn.id
    ')
 3 APPPATH\Controllers\Main.php(153): CodeIgniter\Database\BaseConnection->query('
        SELECT 
            tvn.id,
            tvn.Candidate,
            tvn.CandidateImage,
            tvm.PositionName,
            COUNT(tv.id) AS NumberOfVotes
        FROM tblvotetrn tvn
        LEFT JOIN tblvote tv 
            ON tv.votetrnid = tvn.id
            AND tv.IsActive = 1
        LEFT JOIN tblvotemst tvm
            ON tvm.id = tvn.votemstid
        GROUP BY tvn.id
    ')
 4 SYSTEMPATH\CodeIgniter.php(933): App\Controllers\Main->getDashboarddata()
 5 SYSTEMPATH\CodeIgniter.php(507): CodeIgniter\CodeIgniter->runController(Object(App\Controllers\Main))
 6 SYSTEMPATH\CodeIgniter.php(354): CodeIgniter\CodeIgniter->handleRequest(null, Object(Config\Cache), false)
 7 SYSTEMPATH\Boot.php(334): CodeIgniter\CodeIgniter->run()
 8 SYSTEMPATH\Boot.php(67): CodeIgniter\Boot::runCodeIgniter(Object(CodeIgniter\CodeIgniter))
 9 FCPATH\index.php(56): CodeIgniter\Boot::bootWeb(Object(Config\Paths))
CRITICAL - 2026-05-15 22:46:52 --> [Caused by] mysqli_sql_exception: Unknown column 'tvm.PositionName' in 'field list'
in SYSTEMPATH\Database\MySQLi\Connection.php on line 327.
 1 SYSTEMPATH\Database\MySQLi\Connection.php(327): mysqli->query('
        SELECT 
            tvn.id,
            tvn.Candidate,
            tvn.CandidateImage,
            tvm.PositionName,
            COUNT(tv.id) AS NumberOfVotes
        FROM tblvotetrn tvn
        LEFT JOIN tblvote tv 
            ON tv.votetrnid = tvn.id
            AND tv.IsActive = 1
        LEFT JOIN tblvotemst tvm
            ON tvm.id = tvn.votemstid
        GROUP BY tvn.id
    ', 0)
 2 SYSTEMPATH\Database\BaseConnection.php(738): CodeIgniter\Database\MySQLi\Connection->execute('
        SELECT 
            tvn.id,
            tvn.Candidate,
            tvn.CandidateImage,
            tvm.PositionName,
            COUNT(tv.id) AS NumberOfVotes
        FROM tblvotetrn tvn
        LEFT JOIN tblvote tv 
            ON tv.votetrnid = tvn.id
            AND tv.IsActive = 1
        LEFT JOIN tblvotemst tvm
            ON tvm.id = tvn.votemstid
        GROUP BY tvn.id
    ')
 3 SYSTEMPATH\Database\BaseConnection.php(652): CodeIgniter\Database\BaseConnection->simpleQuery('
        SELECT 
            tvn.id,
            tvn.Candidate,
            tvn.CandidateImage,
            tvm.PositionName,
            COUNT(tv.id) AS NumberOfVotes
        FROM tblvotetrn tvn
        LEFT JOIN tblvote tv 
            ON tv.votetrnid = tvn.id
            AND tv.IsActive = 1
        LEFT JOIN tblvotemst tvm
            ON tvm.id = tvn.votemstid
        GROUP BY tvn.id
    ')
 4 APPPATH\Controllers\Main.php(153): CodeIgniter\Database\BaseConnection->query('
        SELECT 
            tvn.id,
            tvn.Candidate,
            tvn.CandidateImage,
            tvm.PositionName,
            COUNT(tv.id) AS NumberOfVotes
        FROM tblvotetrn tvn
        LEFT JOIN tblvote tv 
            ON tv.votetrnid = tvn.id
            AND tv.IsActive = 1
        LEFT JOIN tblvotemst tvm
            ON tvm.id = tvn.votemstid
        GROUP BY tvn.id
    ')
 5 SYSTEMPATH\CodeIgniter.php(933): App\Controllers\Main->getDashboarddata()
 6 SYSTEMPATH\CodeIgniter.php(507): CodeIgniter\CodeIgniter->runController(Object(App\Controllers\Main))
 7 SYSTEMPATH\CodeIgniter.php(354): CodeIgniter\CodeIgniter->handleRequest(null, Object(Config\Cache), false)
 8 SYSTEMPATH\Boot.php(334): CodeIgniter\CodeIgniter->run()
 9 SYSTEMPATH\Boot.php(67): CodeIgniter\Boot::runCodeIgniter(Object(CodeIgniter\CodeIgniter))
10 FCPATH\index.php(56): CodeIgniter\Boot::bootWeb(Object(Config\Paths))
DEBUG - 2026-05-15 22:47:02 --> Session: Class initialized using 'CodeIgniter\Session\Handlers\FileHandler' driver.
ERROR - 2026-05-15 22:47:02 --> mysqli_sql_exception: Unknown column 'tvm.PositionName' in 'field list' in C:\xampp\htdocs\gscgeavotingsystem\vendor\codeigniter4\framework\system\Database\MySQLi\Connection.php:327
Stack trace:
#0 C:\xampp\htdocs\gscgeavotingsystem\vendor\codeigniter4\framework\system\Database\MySQLi\Connection.php(327): mysqli->query('\r\n        SELEC...', 0)
#1 C:\xampp\htdocs\gscgeavotingsystem\vendor\codeigniter4\framework\system\Database\BaseConnection.php(738): CodeIgniter\Database\MySQLi\Connection->execute('\r\n        SELEC...')
#2 C:\xampp\htdocs\gscgeavotingsystem\vendor\codeigniter4\framework\system\Database\BaseConnection.php(652): CodeIgniter\Database\BaseConnection->simpleQuery('\r\n        SELEC...')
#3 C:\xampp\htdocs\gscgeavotingsystem\app\Controllers\Main.php(153): CodeIgniter\Database\BaseConnection->query('\r\n        SELEC...')
#4 C:\xampp\htdocs\gscgeavotingsystem\vendor\codeigniter4\framework\system\CodeIgniter.php(933): App\Controllers\Main->getDashboarddata()
#5 C:\xampp\htdocs\gscgeavotingsystem\vendor\codeigniter4\framework\system\CodeIgniter.php(507): CodeIgniter\CodeIgniter->runController(Object(App\Controllers\Main))
#6 C:\xampp\htdocs\gscgeavotingsystem\vendor\codeigniter4\framework\system\CodeIgniter.php(354): CodeIgniter\CodeIgniter->handleRequest(NULL, Object(Config\Cache), false)
#7 C:\xampp\htdocs\gscgeavotingsystem\vendor\codeigniter4\framework\system\Boot.php(334): CodeIgniter\CodeIgniter->run()
#8 C:\xampp\htdocs\gscgeavotingsystem\vendor\codeigniter4\framework\system\Boot.php(67): CodeIgniter\Boot::runCodeIgniter(Object(CodeIgniter\CodeIgniter))
#9 C:\xampp\htdocs\gscgeavotingsystem\public\index.php(56): CodeIgniter\Boot::bootWeb(Object(Config\Paths))
#10 {main}
CRITICAL - 2026-05-15 22:47:02 --> CodeIgniter\Database\Exceptions\DatabaseException: Unknown column 'tvm.PositionName' in 'field list'
[Method: GET, Route: main/dashboarddata]
in SYSTEMPATH\Database\BaseConnection.php on line 692.
 1 APPPATH\Controllers\Main.php(153): CodeIgniter\Database\BaseConnection->query('
        SELECT 
            tvn.id,
            tvn.Candidate,
            tvn.CandidateImage,
            tvm.PositionName,
            COUNT(tv.id) AS NumberOfVotes
        FROM tblvotetrn tvn
        LEFT JOIN tblvote tv 
            ON tv.votetrnid = tvn.id
            AND tv.IsActive = 1
        LEFT JOIN tblvotemst tvm
            ON tvm.id = tvn.votemstid
        GROUP BY tvn.id
    ')
 2 SYSTEMPATH\CodeIgniter.php(933): App\Controllers\Main->getDashboarddata()
 3 SYSTEMPATH\CodeIgniter.php(507): CodeIgniter\CodeIgniter->runController(Object(App\Controllers\Main))
 4 SYSTEMPATH\CodeIgniter.php(354): CodeIgniter\CodeIgniter->handleRequest(null, Object(Config\Cache), false)
 5 SYSTEMPATH\Boot.php(334): CodeIgniter\CodeIgniter->run()
 6 SYSTEMPATH\Boot.php(67): CodeIgniter\Boot::runCodeIgniter(Object(CodeIgniter\CodeIgniter))
 7 FCPATH\index.php(56): CodeIgniter\Boot::bootWeb(Object(Config\Paths))
CRITICAL - 2026-05-15 22:47:02 --> [Caused by] CodeIgniter\Database\Exceptions\DatabaseException: Unknown column 'tvm.PositionName' in 'field list'
in SYSTEMPATH\Database\MySQLi\Connection.php on line 332.
 1 SYSTEMPATH\Database\BaseConnection.php(738): CodeIgniter\Database\MySQLi\Connection->execute('
        SELECT 
            tvn.id,
            tvn.Candidate,
            tvn.CandidateImage,
            tvm.PositionName,
            COUNT(tv.id) AS NumberOfVotes
        FROM tblvotetrn tvn
        LEFT JOIN tblvote tv 
            ON tv.votetrnid = tvn.id
            AND tv.IsActive = 1
        LEFT JOIN tblvotemst tvm
            ON tvm.id = tvn.votemstid
        GROUP BY tvn.id
    ')
 2 SYSTEMPATH\Database\BaseConnection.php(652): CodeIgniter\Database\BaseConnection->simpleQuery('
        SELECT 
            tvn.id,
            tvn.Candidate,
            tvn.CandidateImage,
            tvm.PositionName,
            COUNT(tv.id) AS NumberOfVotes
        FROM tblvotetrn tvn
        LEFT JOIN tblvote tv 
            ON tv.votetrnid = tvn.id
            AND tv.IsActive = 1
        LEFT JOIN tblvotemst tvm
            ON tvm.id = tvn.votemstid
        GROUP BY tvn.id
    ')
 3 APPPATH\Controllers\Main.php(153): CodeIgniter\Database\BaseConnection->query('
        SELECT 
            tvn.id,
            tvn.Candidate,
            tvn.CandidateImage,
            tvm.PositionName,
            COUNT(tv.id) AS NumberOfVotes
        FROM tblvotetrn tvn
        LEFT JOIN tblvote tv 
            ON tv.votetrnid = tvn.id
            AND tv.IsActive = 1
        LEFT JOIN tblvotemst tvm
            ON tvm.id = tvn.votemstid
        GROUP BY tvn.id
    ')
 4 SYSTEMPATH\CodeIgniter.php(933): App\Controllers\Main->getDashboarddata()
 5 SYSTEMPATH\CodeIgniter.php(507): CodeIgniter\CodeIgniter->runController(Object(App\Controllers\Main))
 6 SYSTEMPATH\CodeIgniter.php(354): CodeIgniter\CodeIgniter->handleRequest(null, Object(Config\Cache), false)
 7 SYSTEMPATH\Boot.php(334): CodeIgniter\CodeIgniter->run()
 8 SYSTEMPATH\Boot.php(67): CodeIgniter\Boot::runCodeIgniter(Object(CodeIgniter\CodeIgniter))
 9 FCPATH\index.php(56): CodeIgniter\Boot::bootWeb(Object(Config\Paths))
CRITICAL - 2026-05-15 22:47:02 --> [Caused by] mysqli_sql_exception: Unknown column 'tvm.PositionName' in 'field list'
in SYSTEMPATH\Database\MySQLi\Connection.php on line 327.
 1 SYSTEMPATH\Database\MySQLi\Connection.php(327): mysqli->query('
        SELECT 
            tvn.id,
            tvn.Candidate,
            tvn.CandidateImage,
            tvm.PositionName,
            COUNT(tv.id) AS NumberOfVotes
        FROM tblvotetrn tvn
        LEFT JOIN tblvote tv 
            ON tv.votetrnid = tvn.id
            AND tv.IsActive = 1
        LEFT JOIN tblvotemst tvm
            ON tvm.id = tvn.votemstid
        GROUP BY tvn.id
    ', 0)
 2 SYSTEMPATH\Database\BaseConnection.php(738): CodeIgniter\Database\MySQLi\Connection->execute('
        SELECT 
            tvn.id,
            tvn.Candidate,
            tvn.CandidateImage,
            tvm.PositionName,
            COUNT(tv.id) AS NumberOfVotes
        FROM tblvotetrn tvn
        LEFT JOIN tblvote tv 
            ON tv.votetrnid = tvn.id
            AND tv.IsActive = 1
        LEFT JOIN tblvotemst tvm
            ON tvm.id = tvn.votemstid
        GROUP BY tvn.id
    ')
 3 SYSTEMPATH\Database\BaseConnection.php(652): CodeIgniter\Database\BaseConnection->simpleQuery('
        SELECT 
            tvn.id,
            tvn.Candidate,
            tvn.CandidateImage,
            tvm.PositionName,
            COUNT(tv.id) AS NumberOfVotes
        FROM tblvotetrn tvn
        LEFT JOIN tblvote tv 
            ON tv.votetrnid = tvn.id
            AND tv.IsActive = 1
        LEFT JOIN tblvotemst tvm
            ON tvm.id = tvn.votemstid
        GROUP BY tvn.id
    ')
 4 APPPATH\Controllers\Main.php(153): CodeIgniter\Database\BaseConnection->query('
        SELECT 
            tvn.id,
            tvn.Candidate,
            tvn.CandidateImage,
            tvm.PositionName,
            COUNT(tv.id) AS NumberOfVotes
        FROM tblvotetrn tvn
        LEFT JOIN tblvote tv 
            ON tv.votetrnid = tvn.id
            AND tv.IsActive = 1
        LEFT JOIN tblvotemst tvm
            ON tvm.id = tvn.votemstid
        GROUP BY tvn.id
    ')
 5 SYSTEMPATH\CodeIgniter.php(933): App\Controllers\Main->getDashboarddata()
 6 SYSTEMPATH\CodeIgniter.php(507): CodeIgniter\CodeIgniter->runController(Object(App\Controllers\Main))
 7 SYSTEMPATH\CodeIgniter.php(354): CodeIgniter\CodeIgniter->handleRequest(null, Object(Config\Cache), false)
 8 SYSTEMPATH\Boot.php(334): CodeIgniter\CodeIgniter->run()
 9 SYSTEMPATH\Boot.php(67): CodeIgniter\Boot::runCodeIgniter(Object(CodeIgniter\CodeIgniter))
10 FCPATH\index.php(56): CodeIgniter\Boot::bootWeb(Object(Config\Paths))
DEBUG - 2026-05-15 22:47:12 --> Session: Class initialized using 'CodeIgniter\Session\Handlers\FileHandler' driver.
ERROR - 2026-05-15 22:47:13 --> mysqli_sql_exception: Unknown column 'tvm.PositionName' in 'field list' in C:\xampp\htdocs\gscgeavotingsystem\vendor\codeigniter4\framework\system\Database\MySQLi\Connection.php:327
Stack trace:
#0 C:\xampp\htdocs\gscgeavotingsystem\vendor\codeigniter4\framework\system\Database\MySQLi\Connection.php(327): mysqli->query('\r\n        SELEC...', 0)
#1 C:\xampp\htdocs\gscgeavotingsystem\vendor\codeigniter4\framework\system\Database\BaseConnection.php(738): CodeIgniter\Database\MySQLi\Connection->execute('\r\n        SELEC...')
#2 C:\xampp\htdocs\gscgeavotingsystem\vendor\codeigniter4\framework\system\Database\BaseConnection.php(652): CodeIgniter\Database\BaseConnection->simpleQuery('\r\n        SELEC...')
#3 C:\xampp\htdocs\gscgeavotingsystem\app\Controllers\Main.php(153): CodeIgniter\Database\BaseConnection->query('\r\n        SELEC...')
#4 C:\xampp\htdocs\gscgeavotingsystem\vendor\codeigniter4\framework\system\CodeIgniter.php(933): App\Controllers\Main->getDashboarddata()
#5 C:\xampp\htdocs\gscgeavotingsystem\vendor\codeigniter4\framework\system\CodeIgniter.php(507): CodeIgniter\CodeIgniter->runController(Object(App\Controllers\Main))
#6 C:\xampp\htdocs\gscgeavotingsystem\vendor\codeigniter4\framework\system\CodeIgniter.php(354): CodeIgniter\CodeIgniter->handleRequest(NULL, Object(Config\Cache), false)
#7 C:\xampp\htdocs\gscgeavotingsystem\vendor\codeigniter4\framework\system\Boot.php(334): CodeIgniter\CodeIgniter->run()
#8 C:\xampp\htdocs\gscgeavotingsystem\vendor\codeigniter4\framework\system\Boot.php(67): CodeIgniter\Boot::runCodeIgniter(Object(CodeIgniter\CodeIgniter))
#9 C:\xampp\htdocs\gscgeavotingsystem\public\index.php(56): CodeIgniter\Boot::bootWeb(Object(Config\Paths))
#10 {main}
CRITICAL - 2026-05-15 22:47:13 --> CodeIgniter\Database\Exceptions\DatabaseException: Unknown column 'tvm.PositionName' in 'field list'
[Method: GET, Route: main/dashboarddata]
in SYSTEMPATH\Database\BaseConnection.php on line 692.
 1 APPPATH\Controllers\Main.php(153): CodeIgniter\Database\BaseConnection->query('
        SELECT 
            tvn.id,
            tvn.Candidate,
            tvn.CandidateImage,
            tvm.PositionName,
            COUNT(tv.id) AS NumberOfVotes
        FROM tblvotetrn tvn
        LEFT JOIN tblvote tv 
            ON tv.votetrnid = tvn.id
            AND tv.IsActive = 1
        LEFT JOIN tblvotemst tvm
            ON tvm.id = tvn.votemstid
        GROUP BY tvn.id
    ')
 2 SYSTEMPATH\CodeIgniter.php(933): App\Controllers\Main->getDashboarddata()
 3 SYSTEMPATH\CodeIgniter.php(507): CodeIgniter\CodeIgniter->runController(Object(App\Controllers\Main))
 4 SYSTEMPATH\CodeIgniter.php(354): CodeIgniter\CodeIgniter->handleRequest(null, Object(Config\Cache), false)
 5 SYSTEMPATH\Boot.php(334): CodeIgniter\CodeIgniter->run()
 6 SYSTEMPATH\Boot.php(67): CodeIgniter\Boot::runCodeIgniter(Object(CodeIgniter\CodeIgniter))
 7 FCPATH\index.php(56): CodeIgniter\Boot::bootWeb(Object(Config\Paths))
CRITICAL - 2026-05-15 22:47:13 --> [Caused by] CodeIgniter\Database\Exceptions\DatabaseException: Unknown column 'tvm.PositionName' in 'field list'
in SYSTEMPATH\Database\MySQLi\Connection.php on line 332.
 1 SYSTEMPATH\Database\BaseConnection.php(738): CodeIgniter\Database\MySQLi\Connection->execute('
        SELECT 
            tvn.id,
            tvn.Candidate,
            tvn.CandidateImage,
            tvm.PositionName,
            COUNT(tv.id) AS NumberOfVotes
        FROM tblvotetrn tvn
        LEFT JOIN tblvote tv 
            ON tv.votetrnid = tvn.id
            AND tv.IsActive = 1
        LEFT JOIN tblvotemst tvm
            ON tvm.id = tvn.votemstid
        GROUP BY tvn.id
    ')
 2 SYSTEMPATH\Database\BaseConnection.php(652): CodeIgniter\Database\BaseConnection->simpleQuery('
        SELECT 
            tvn.id,
            tvn.Candidate,
            tvn.CandidateImage,
            tvm.PositionName,
            COUNT(tv.id) AS NumberOfVotes
        FROM tblvotetrn tvn
        LEFT JOIN tblvote tv 
            ON tv.votetrnid = tvn.id
            AND tv.IsActive = 1
        LEFT JOIN tblvotemst tvm
            ON tvm.id = tvn.votemstid
        GROUP BY tvn.id
    ')
 3 APPPATH\Controllers\Main.php(153): CodeIgniter\Database\BaseConnection->query('
        SELECT 
            tvn.id,
            tvn.Candidate,
            tvn.CandidateImage,
            tvm.PositionName,
            COUNT(tv.id) AS NumberOfVotes
        FROM tblvotetrn tvn
        LEFT JOIN tblvote tv 
            ON tv.votetrnid = tvn.id
            AND tv.IsActive = 1
        LEFT JOIN tblvotemst tvm
            ON tvm.id = tvn.votemstid
        GROUP BY tvn.id
    ')
 4 SYSTEMPATH\CodeIgniter.php(933): App\Controllers\Main->getDashboarddata()
 5 SYSTEMPATH\CodeIgniter.php(507): CodeIgniter\CodeIgniter->runController(Object(App\Controllers\Main))
 6 SYSTEMPATH\CodeIgniter.php(354): CodeIgniter\CodeIgniter->handleRequest(null, Object(Config\Cache), false)
 7 SYSTEMPATH\Boot.php(334): CodeIgniter\CodeIgniter->run()
 8 SYSTEMPATH\Boot.php(67): CodeIgniter\Boot::runCodeIgniter(Object(CodeIgniter\CodeIgniter))
 9 FCPATH\index.php(56): CodeIgniter\Boot::bootWeb(Object(Config\Paths))
CRITICAL - 2026-05-15 22:47:13 --> [Caused by] mysqli_sql_exception: Unknown column 'tvm.PositionName' in 'field list'
in SYSTEMPATH\Database\MySQLi\Connection.php on line 327.
 1 SYSTEMPATH\Database\MySQLi\Connection.php(327): mysqli->query('
        SELECT 
            tvn.id,
            tvn.Candidate,
            tvn.CandidateImage,
            tvm.PositionName,
            COUNT(tv.id) AS NumberOfVotes
        FROM tblvotetrn tvn
        LEFT JOIN tblvote tv 
            ON tv.votetrnid = tvn.id
            AND tv.IsActive = 1
        LEFT JOIN tblvotemst tvm
            ON tvm.id = tvn.votemstid
        GROUP BY tvn.id
    ', 0)
 2 SYSTEMPATH\Database\BaseConnection.php(738): CodeIgniter\Database\MySQLi\Connection->execute('
        SELECT 
            tvn.id,
            tvn.Candidate,
            tvn.CandidateImage,
            tvm.PositionName,
            COUNT(tv.id) AS NumberOfVotes
        FROM tblvotetrn tvn
        LEFT JOIN tblvote tv 
            ON tv.votetrnid = tvn.id
            AND tv.IsActive = 1
        LEFT JOIN tblvotemst tvm
            ON tvm.id = tvn.votemstid
        GROUP BY tvn.id
    ')
 3 SYSTEMPATH\Database\BaseConnection.php(652): CodeIgniter\Database\BaseConnection->simpleQuery('
        SELECT 
            tvn.id,
            tvn.Candidate,
            tvn.CandidateImage,
            tvm.PositionName,
            COUNT(tv.id) AS NumberOfVotes
        FROM tblvotetrn tvn
        LEFT JOIN tblvote tv 
            ON tv.votetrnid = tvn.id
            AND tv.IsActive = 1
        LEFT JOIN tblvotemst tvm
            ON tvm.id = tvn.votemstid
        GROUP BY tvn.id
    ')
 4 APPPATH\Controllers\Main.php(153): CodeIgniter\Database\BaseConnection->query('
        SELECT 
            tvn.id,
            tvn.Candidate,
            tvn.CandidateImage,
            tvm.PositionName,
            COUNT(tv.id) AS NumberOfVotes
        FROM tblvotetrn tvn
        LEFT JOIN tblvote tv 
            ON tv.votetrnid = tvn.id
            AND tv.IsActive = 1
        LEFT JOIN tblvotemst tvm
            ON tvm.id = tvn.votemstid
        GROUP BY tvn.id
    ')
 5 SYSTEMPATH\CodeIgniter.php(933): App\Controllers\Main->getDashboarddata()
 6 SYSTEMPATH\CodeIgniter.php(507): CodeIgniter\CodeIgniter->runController(Object(App\Controllers\Main))
 7 SYSTEMPATH\CodeIgniter.php(354): CodeIgniter\CodeIgniter->handleRequest(null, Object(Config\Cache), false)
 8 SYSTEMPATH\Boot.php(334): CodeIgniter\CodeIgniter->run()
 9 SYSTEMPATH\Boot.php(67): CodeIgniter\Boot::runCodeIgniter(Object(CodeIgniter\CodeIgniter))
10 FCPATH\index.php(56): CodeIgniter\Boot::bootWeb(Object(Config\Paths))
DEBUG - 2026-05-15 22:47:23 --> Session: Class initialized using 'CodeIgniter\Session\Handlers\FileHandler' driver.
ERROR - 2026-05-15 22:47:23 --> mysqli_sql_exception: Unknown column 'tvm.PositionName' in 'field list' in C:\xampp\htdocs\gscgeavotingsystem\vendor\codeigniter4\framework\system\Database\MySQLi\Connection.php:327
Stack trace:
#0 C:\xampp\htdocs\gscgeavotingsystem\vendor\codeigniter4\framework\system\Database\MySQLi\Connection.php(327): mysqli->query('\r\n        SELEC...', 0)
#1 C:\xampp\htdocs\gscgeavotingsystem\vendor\codeigniter4\framework\system\Database\BaseConnection.php(738): CodeIgniter\Database\MySQLi\Connection->execute('\r\n        SELEC...')
#2 C:\xampp\htdocs\gscgeavotingsystem\vendor\codeigniter4\framework\system\Database\BaseConnection.php(652): CodeIgniter\Database\BaseConnection->simpleQuery('\r\n        SELEC...')
#3 C:\xampp\htdocs\gscgeavotingsystem\app\Controllers\Main.php(153): CodeIgniter\Database\BaseConnection->query('\r\n        SELEC...')
#4 C:\xampp\htdocs\gscgeavotingsystem\vendor\codeigniter4\framework\system\CodeIgniter.php(933): App\Controllers\Main->getDashboarddata()
#5 C:\xampp\htdocs\gscgeavotingsystem\vendor\codeigniter4\framework\system\CodeIgniter.php(507): CodeIgniter\CodeIgniter->runController(Object(App\Controllers\Main))
#6 C:\xampp\htdocs\gscgeavotingsystem\vendor\codeigniter4\framework\system\CodeIgniter.php(354): CodeIgniter\CodeIgniter->handleRequest(NULL, Object(Config\Cache), false)
#7 C:\xampp\htdocs\gscgeavotingsystem\vendor\codeigniter4\framework\system\Boot.php(334): CodeIgniter\CodeIgniter->run()
#8 C:\xampp\htdocs\gscgeavotingsystem\vendor\codeigniter4\framework\system\Boot.php(67): CodeIgniter\Boot::runCodeIgniter(Object(CodeIgniter\CodeIgniter))
#9 C:\xampp\htdocs\gscgeavotingsystem\public\index.php(56): CodeIgniter\Boot::bootWeb(Object(Config\Paths))
#10 {main}
CRITICAL - 2026-05-15 22:47:23 --> CodeIgniter\Database\Exceptions\DatabaseException: Unknown column 'tvm.PositionName' in 'field list'
[Method: GET, Route: main/dashboarddata]
in SYSTEMPATH\Database\BaseConnection.php on line 692.
 1 APPPATH\Controllers\Main.php(153): CodeIgniter\Database\BaseConnection->query('
        SELECT 
            tvn.id,
            tvn.Candidate,
            tvn.CandidateImage,
            tvm.PositionName,
            COUNT(tv.id) AS NumberOfVotes
        FROM tblvotetrn tvn
        LEFT JOIN tblvote tv 
            ON tv.votetrnid = tvn.id
            AND tv.IsActive = 1
        LEFT JOIN tblvotemst tvm
            ON tvm.id = tvn.votemstid
        GROUP BY tvn.id
    ')
 2 SYSTEMPATH\CodeIgniter.php(933): App\Controllers\Main->getDashboarddata()
 3 SYSTEMPATH\CodeIgniter.php(507): CodeIgniter\CodeIgniter->runController(Object(App\Controllers\Main))
 4 SYSTEMPATH\CodeIgniter.php(354): CodeIgniter\CodeIgniter->handleRequest(null, Object(Config\Cache), false)
 5 SYSTEMPATH\Boot.php(334): CodeIgniter\CodeIgniter->run()
 6 SYSTEMPATH\Boot.php(67): CodeIgniter\Boot::runCodeIgniter(Object(CodeIgniter\CodeIgniter))
 7 FCPATH\index.php(56): CodeIgniter\Boot::bootWeb(Object(Config\Paths))
CRITICAL - 2026-05-15 22:47:23 --> [Caused by] CodeIgniter\Database\Exceptions\DatabaseException: Unknown column 'tvm.PositionName' in 'field list'
in SYSTEMPATH\Database\MySQLi\Connection.php on line 332.
 1 SYSTEMPATH\Database\BaseConnection.php(738): CodeIgniter\Database\MySQLi\Connection->execute('
        SELECT 
            tvn.id,
            tvn.Candidate,
            tvn.CandidateImage,
            tvm.PositionName,
            COUNT(tv.id) AS NumberOfVotes
        FROM tblvotetrn tvn
        LEFT JOIN tblvote tv 
            ON tv.votetrnid = tvn.id
            AND tv.IsActive = 1
        LEFT JOIN tblvotemst tvm
            ON tvm.id = tvn.votemstid
        GROUP BY tvn.id
    ')
 2 SYSTEMPATH\Database\BaseConnection.php(652): CodeIgniter\Database\BaseConnection->simpleQuery('
        SELECT 
            tvn.id,
            tvn.Candidate,
            tvn.CandidateImage,
            tvm.PositionName,
            COUNT(tv.id) AS NumberOfVotes
        FROM tblvotetrn tvn
        LEFT JOIN tblvote tv 
            ON tv.votetrnid = tvn.id
            AND tv.IsActive = 1
        LEFT JOIN tblvotemst tvm
            ON tvm.id = tvn.votemstid
        GROUP BY tvn.id
    ')
 3 APPPATH\Controllers\Main.php(153): CodeIgniter\Database\BaseConnection->query('
        SELECT 
            tvn.id,
            tvn.Candidate,
            tvn.CandidateImage,
            tvm.PositionName,
            COUNT(tv.id) AS NumberOfVotes
        FROM tblvotetrn tvn
        LEFT JOIN tblvote tv 
            ON tv.votetrnid = tvn.id
            AND tv.IsActive = 1
        LEFT JOIN tblvotemst tvm
            ON tvm.id = tvn.votemstid
        GROUP BY tvn.id
    ')
 4 SYSTEMPATH\CodeIgniter.php(933): App\Controllers\Main->getDashboarddata()
 5 SYSTEMPATH\CodeIgniter.php(507): CodeIgniter\CodeIgniter->runController(Object(App\Controllers\Main))
 6 SYSTEMPATH\CodeIgniter.php(354): CodeIgniter\CodeIgniter->handleRequest(null, Object(Config\Cache), false)
 7 SYSTEMPATH\Boot.php(334): CodeIgniter\CodeIgniter->run()
 8 SYSTEMPATH\Boot.php(67): CodeIgniter\Boot::runCodeIgniter(Object(CodeIgniter\CodeIgniter))
 9 FCPATH\index.php(56): CodeIgniter\Boot::bootWeb(Object(Config\Paths))
CRITICAL - 2026-05-15 22:47:23 --> [Caused by] mysqli_sql_exception: Unknown column 'tvm.PositionName' in 'field list'
in SYSTEMPATH\Database\MySQLi\Connection.php on line 327.
 1 SYSTEMPATH\Database\MySQLi\Connection.php(327): mysqli->query('
        SELECT 
            tvn.id,
            tvn.Candidate,
            tvn.CandidateImage,
            tvm.PositionName,
            COUNT(tv.id) AS NumberOfVotes
        FROM tblvotetrn tvn
        LEFT JOIN tblvote tv 
            ON tv.votetrnid = tvn.id
            AND tv.IsActive = 1
        LEFT JOIN tblvotemst tvm
            ON tvm.id = tvn.votemstid
        GROUP BY tvn.id
    ', 0)
 2 SYSTEMPATH\Database\BaseConnection.php(738): CodeIgniter\Database\MySQLi\Connection->execute('
        SELECT 
            tvn.id,
            tvn.Candidate,
            tvn.CandidateImage,
            tvm.PositionName,
            COUNT(tv.id) AS NumberOfVotes
        FROM tblvotetrn tvn
        LEFT JOIN tblvote tv 
            ON tv.votetrnid = tvn.id
            AND tv.IsActive = 1
        LEFT JOIN tblvotemst tvm
            ON tvm.id = tvn.votemstid
        GROUP BY tvn.id
    ')
 3 SYSTEMPATH\Database\BaseConnection.php(652): CodeIgniter\Database\BaseConnection->simpleQuery('
        SELECT 
            tvn.id,
            tvn.Candidate,
            tvn.CandidateImage,
            tvm.PositionName,
            COUNT(tv.id) AS NumberOfVotes
        FROM tblvotetrn tvn
        LEFT JOIN tblvote tv 
            ON tv.votetrnid = tvn.id
            AND tv.IsActive = 1
        LEFT JOIN tblvotemst tvm
            ON tvm.id = tvn.votemstid
        GROUP BY tvn.id
    ')
 4 APPPATH\Controllers\Main.php(153): CodeIgniter\Database\BaseConnection->query('
        SELECT 
            tvn.id,
            tvn.Candidate,
            tvn.CandidateImage,
            tvm.PositionName,
            COUNT(tv.id) AS NumberOfVotes
        FROM tblvotetrn tvn
        LEFT JOIN tblvote tv 
            ON tv.votetrnid = tvn.id
            AND tv.IsActive = 1
        LEFT JOIN tblvotemst tvm
            ON tvm.id = tvn.votemstid
        GROUP BY tvn.id
    ')
 5 SYSTEMPATH\CodeIgniter.php(933): App\Controllers\Main->getDashboarddata()
 6 SYSTEMPATH\CodeIgniter.php(507): CodeIgniter\CodeIgniter->runController(Object(App\Controllers\Main))
 7 SYSTEMPATH\CodeIgniter.php(354): CodeIgniter\CodeIgniter->handleRequest(null, Object(Config\Cache), false)
 8 SYSTEMPATH\Boot.php(334): CodeIgniter\CodeIgniter->run()
 9 SYSTEMPATH\Boot.php(67): CodeIgniter\Boot::runCodeIgniter(Object(CodeIgniter\CodeIgniter))
10 FCPATH\index.php(56): CodeIgniter\Boot::bootWeb(Object(Config\Paths))
DEBUG - 2026-05-15 22:47:33 --> Session: Class initialized using 'CodeIgniter\Session\Handlers\FileHandler' driver.
ERROR - 2026-05-15 22:47:33 --> mysqli_sql_exception: Unknown column 'tvm.PositionName' in 'field list' in C:\xampp\htdocs\gscgeavotingsystem\vendor\codeigniter4\framework\system\Database\MySQLi\Connection.php:327
Stack trace:
#0 C:\xampp\htdocs\gscgeavotingsystem\vendor\codeigniter4\framework\system\Database\MySQLi\Connection.php(327): mysqli->query('\r\n        SELEC...', 0)
#1 C:\xampp\htdocs\gscgeavotingsystem\vendor\codeigniter4\framework\system\Database\BaseConnection.php(738): CodeIgniter\Database\MySQLi\Connection->execute('\r\n        SELEC...')
#2 C:\xampp\htdocs\gscgeavotingsystem\vendor\codeigniter4\framework\system\Database\BaseConnection.php(652): CodeIgniter\Database\BaseConnection->simpleQuery('\r\n        SELEC...')
#3 C:\xampp\htdocs\gscgeavotingsystem\app\Controllers\Main.php(153): CodeIgniter\Database\BaseConnection->query('\r\n        SELEC...')
#4 C:\xampp\htdocs\gscgeavotingsystem\vendor\codeigniter4\framework\system\CodeIgniter.php(933): App\Controllers\Main->getDashboarddata()
#5 C:\xampp\htdocs\gscgeavotingsystem\vendor\codeigniter4\framework\system\CodeIgniter.php(507): CodeIgniter\CodeIgniter->runController(Object(App\Controllers\Main))
#6 C:\xampp\htdocs\gscgeavotingsystem\vendor\codeigniter4\framework\system\CodeIgniter.php(354): CodeIgniter\CodeIgniter->handleRequest(NULL, Object(Config\Cache), false)
#7 C:\xampp\htdocs\gscgeavotingsystem\vendor\codeigniter4\framework\system\Boot.php(334): CodeIgniter\CodeIgniter->run()
#8 C:\xampp\htdocs\gscgeavotingsystem\vendor\codeigniter4\framework\system\Boot.php(67): CodeIgniter\Boot::runCodeIgniter(Object(CodeIgniter\CodeIgniter))
#9 C:\xampp\htdocs\gscgeavotingsystem\public\index.php(56): CodeIgniter\Boot::bootWeb(Object(Config\Paths))
#10 {main}
CRITICAL - 2026-05-15 22:47:33 --> CodeIgniter\Database\Exceptions\DatabaseException: Unknown column 'tvm.PositionName' in 'field list'
[Method: GET, Route: main/dashboarddata]
in SYSTEMPATH\Database\BaseConnection.php on line 692.
 1 APPPATH\Controllers\Main.php(153): CodeIgniter\Database\BaseConnection->query('
        SELECT 
            tvn.id,
            tvn.Candidate,
            tvn.CandidateImage,
            tvm.PositionName,
            COUNT(tv.id) AS NumberOfVotes
        FROM tblvotetrn tvn
        LEFT JOIN tblvote tv 
            ON tv.votetrnid = tvn.id
            AND tv.IsActive = 1
        LEFT JOIN tblvotemst tvm
            ON tvm.id = tvn.votemstid
        GROUP BY tvn.id
    ')
 2 SYSTEMPATH\CodeIgniter.php(933): App\Controllers\Main->getDashboarddata()
 3 SYSTEMPATH\CodeIgniter.php(507): CodeIgniter\CodeIgniter->runController(Object(App\Controllers\Main))
 4 SYSTEMPATH\CodeIgniter.php(354): CodeIgniter\CodeIgniter->handleRequest(null, Object(Config\Cache), false)
 5 SYSTEMPATH\Boot.php(334): CodeIgniter\CodeIgniter->run()
 6 SYSTEMPATH\Boot.php(67): CodeIgniter\Boot::runCodeIgniter(Object(CodeIgniter\CodeIgniter))
 7 FCPATH\index.php(56): CodeIgniter\Boot::bootWeb(Object(Config\Paths))
CRITICAL - 2026-05-15 22:47:33 --> [Caused by] CodeIgniter\Database\Exceptions\DatabaseException: Unknown column 'tvm.PositionName' in 'field list'
in SYSTEMPATH\Database\MySQLi\Connection.php on line 332.
 1 SYSTEMPATH\Database\BaseConnection.php(738): CodeIgniter\Database\MySQLi\Connection->execute('
        SELECT 
            tvn.id,
            tvn.Candidate,
            tvn.CandidateImage,
            tvm.PositionName,
            COUNT(tv.id) AS NumberOfVotes
        FROM tblvotetrn tvn
        LEFT JOIN tblvote tv 
            ON tv.votetrnid = tvn.id
            AND tv.IsActive = 1
        LEFT JOIN tblvotemst tvm
            ON tvm.id = tvn.votemstid
        GROUP BY tvn.id
    ')
 2 SYSTEMPATH\Database\BaseConnection.php(652): CodeIgniter\Database\BaseConnection->simpleQuery('
        SELECT 
            tvn.id,
            tvn.Candidate,
            tvn.CandidateImage,
            tvm.PositionName,
            COUNT(tv.id) AS NumberOfVotes
        FROM tblvotetrn tvn
        LEFT JOIN tblvote tv 
            ON tv.votetrnid = tvn.id
            AND tv.IsActive = 1
        LEFT JOIN tblvotemst tvm
            ON tvm.id = tvn.votemstid
        GROUP BY tvn.id
    ')
 3 APPPATH\Controllers\Main.php(153): CodeIgniter\Database\BaseConnection->query('
        SELECT 
            tvn.id,
            tvn.Candidate,
            tvn.CandidateImage,
            tvm.PositionName,
            COUNT(tv.id) AS NumberOfVotes
        FROM tblvotetrn tvn
        LEFT JOIN tblvote tv 
            ON tv.votetrnid = tvn.id
            AND tv.IsActive = 1
        LEFT JOIN tblvotemst tvm
            ON tvm.id = tvn.votemstid
        GROUP BY tvn.id
    ')
 4 SYSTEMPATH\CodeIgniter.php(933): App\Controllers\Main->getDashboarddata()
 5 SYSTEMPATH\CodeIgniter.php(507): CodeIgniter\CodeIgniter->runController(Object(App\Controllers\Main))
 6 SYSTEMPATH\CodeIgniter.php(354): CodeIgniter\CodeIgniter->handleRequest(null, Object(Config\Cache), false)
 7 SYSTEMPATH\Boot.php(334): CodeIgniter\CodeIgniter->run()
 8 SYSTEMPATH\Boot.php(67): CodeIgniter\Boot::runCodeIgniter(Object(CodeIgniter\CodeIgniter))
 9 FCPATH\index.php(56): CodeIgniter\Boot::bootWeb(Object(Config\Paths))
CRITICAL - 2026-05-15 22:47:33 --> [Caused by] mysqli_sql_exception: Unknown column 'tvm.PositionName' in 'field list'
in SYSTEMPATH\Database\MySQLi\Connection.php on line 327.
 1 SYSTEMPATH\Database\MySQLi\Connection.php(327): mysqli->query('
        SELECT 
            tvn.id,
            tvn.Candidate,
            tvn.CandidateImage,
            tvm.PositionName,
            COUNT(tv.id) AS NumberOfVotes
        FROM tblvotetrn tvn
        LEFT JOIN tblvote tv 
            ON tv.votetrnid = tvn.id
            AND tv.IsActive = 1
        LEFT JOIN tblvotemst tvm
            ON tvm.id = tvn.votemstid
        GROUP BY tvn.id
    ', 0)
 2 SYSTEMPATH\Database\BaseConnection.php(738): CodeIgniter\Database\MySQLi\Connection->execute('
        SELECT 
            tvn.id,
            tvn.Candidate,
            tvn.CandidateImage,
            tvm.PositionName,
            COUNT(tv.id) AS NumberOfVotes
        FROM tblvotetrn tvn
        LEFT JOIN tblvote tv 
            ON tv.votetrnid = tvn.id
            AND tv.IsActive = 1
        LEFT JOIN tblvotemst tvm
            ON tvm.id = tvn.votemstid
        GROUP BY tvn.id
    ')
 3 SYSTEMPATH\Database\BaseConnection.php(652): CodeIgniter\Database\BaseConnection->simpleQuery('
        SELECT 
            tvn.id,
            tvn.Candidate,
            tvn.CandidateImage,
            tvm.PositionName,
            COUNT(tv.id) AS NumberOfVotes
        FROM tblvotetrn tvn
        LEFT JOIN tblvote tv 
            ON tv.votetrnid = tvn.id
            AND tv.IsActive = 1
        LEFT JOIN tblvotemst tvm
            ON tvm.id = tvn.votemstid
        GROUP BY tvn.id
    ')
 4 APPPATH\Controllers\Main.php(153): CodeIgniter\Database\BaseConnection->query('
        SELECT 
            tvn.id,
            tvn.Candidate,
            tvn.CandidateImage,
            tvm.PositionName,
            COUNT(tv.id) AS NumberOfVotes
        FROM tblvotetrn tvn
        LEFT JOIN tblvote tv 
            ON tv.votetrnid = tvn.id
            AND tv.IsActive = 1
        LEFT JOIN tblvotemst tvm
            ON tvm.id = tvn.votemstid
        GROUP BY tvn.id
    ')
 5 SYSTEMPATH\CodeIgniter.php(933): App\Controllers\Main->getDashboarddata()
 6 SYSTEMPATH\CodeIgniter.php(507): CodeIgniter\CodeIgniter->runController(Object(App\Controllers\Main))
 7 SYSTEMPATH\CodeIgniter.php(354): CodeIgniter\CodeIgniter->handleRequest(null, Object(Config\Cache), false)
 8 SYSTEMPATH\Boot.php(334): CodeIgniter\CodeIgniter->run()
 9 SYSTEMPATH\Boot.php(67): CodeIgniter\Boot::runCodeIgniter(Object(CodeIgniter\CodeIgniter))
10 FCPATH\index.php(56): CodeIgniter\Boot::bootWeb(Object(Config\Paths))
DEBUG - 2026-05-15 22:47:44 --> Session: Class initialized using 'CodeIgniter\Session\Handlers\FileHandler' driver.
ERROR - 2026-05-15 22:47:44 --> mysqli_sql_exception: Unknown column 'tvm.PositionName' in 'field list' in C:\xampp\htdocs\gscgeavotingsystem\vendor\codeigniter4\framework\system\Database\MySQLi\Connection.php:327
Stack trace:
#0 C:\xampp\htdocs\gscgeavotingsystem\vendor\codeigniter4\framework\system\Database\MySQLi\Connection.php(327): mysqli->query('\r\n        SELEC...', 0)
#1 C:\xampp\htdocs\gscgeavotingsystem\vendor\codeigniter4\framework\system\Database\BaseConnection.php(738): CodeIgniter\Database\MySQLi\Connection->execute('\r\n        SELEC...')
#2 C:\xampp\htdocs\gscgeavotingsystem\vendor\codeigniter4\framework\system\Database\BaseConnection.php(652): CodeIgniter\Database\BaseConnection->simpleQuery('\r\n        SELEC...')
#3 C:\xampp\htdocs\gscgeavotingsystem\app\Controllers\Main.php(153): CodeIgniter\Database\BaseConnection->query('\r\n        SELEC...')
#4 C:\xampp\htdocs\gscgeavotingsystem\vendor\codeigniter4\framework\system\CodeIgniter.php(933): App\Controllers\Main->getDashboarddata()
#5 C:\xampp\htdocs\gscgeavotingsystem\vendor\codeigniter4\framework\system\CodeIgniter.php(507): CodeIgniter\CodeIgniter->runController(Object(App\Controllers\Main))
#6 C:\xampp\htdocs\gscgeavotingsystem\vendor\codeigniter4\framework\system\CodeIgniter.php(354): CodeIgniter\CodeIgniter->handleRequest(NULL, Object(Config\Cache), false)
#7 C:\xampp\htdocs\gscgeavotingsystem\vendor\codeigniter4\framework\system\Boot.php(334): CodeIgniter\CodeIgniter->run()
#8 C:\xampp\htdocs\gscgeavotingsystem\vendor\codeigniter4\framework\system\Boot.php(67): CodeIgniter\Boot::runCodeIgniter(Object(CodeIgniter\CodeIgniter))
#9 C:\xampp\htdocs\gscgeavotingsystem\public\index.php(56): CodeIgniter\Boot::bootWeb(Object(Config\Paths))
#10 {main}
CRITICAL - 2026-05-15 22:47:44 --> CodeIgniter\Database\Exceptions\DatabaseException: Unknown column 'tvm.PositionName' in 'field list'
[Method: GET, Route: main/dashboarddata]
in SYSTEMPATH\Database\BaseConnection.php on line 692.
 1 APPPATH\Controllers\Main.php(153): CodeIgniter\Database\BaseConnection->query('
        SELECT 
            tvn.id,
            tvn.Candidate,
            tvn.CandidateImage,
            tvm.PositionName,
            COUNT(tv.id) AS NumberOfVotes
        FROM tblvotetrn tvn
        LEFT JOIN tblvote tv 
            ON tv.votetrnid = tvn.id
            AND tv.IsActive = 1
        LEFT JOIN tblvotemst tvm
            ON tvm.id = tvn.votemstid
        GROUP BY tvn.id
    ')
 2 SYSTEMPATH\CodeIgniter.php(933): App\Controllers\Main->getDashboarddata()
 3 SYSTEMPATH\CodeIgniter.php(507): CodeIgniter\CodeIgniter->runController(Object(App\Controllers\Main))
 4 SYSTEMPATH\CodeIgniter.php(354): CodeIgniter\CodeIgniter->handleRequest(null, Object(Config\Cache), false)
 5 SYSTEMPATH\Boot.php(334): CodeIgniter\CodeIgniter->run()
 6 SYSTEMPATH\Boot.php(67): CodeIgniter\Boot::runCodeIgniter(Object(CodeIgniter\CodeIgniter))
 7 FCPATH\index.php(56): CodeIgniter\Boot::bootWeb(Object(Config\Paths))
CRITICAL - 2026-05-15 22:47:44 --> [Caused by] CodeIgniter\Database\Exceptions\DatabaseException: Unknown column 'tvm.PositionName' in 'field list'
in SYSTEMPATH\Database\MySQLi\Connection.php on line 332.
 1 SYSTEMPATH\Database\BaseConnection.php(738): CodeIgniter\Database\MySQLi\Connection->execute('
        SELECT 
            tvn.id,
            tvn.Candidate,
            tvn.CandidateImage,
            tvm.PositionName,
            COUNT(tv.id) AS NumberOfVotes
        FROM tblvotetrn tvn
        LEFT JOIN tblvote tv 
            ON tv.votetrnid = tvn.id
            AND tv.IsActive = 1
        LEFT JOIN tblvotemst tvm
            ON tvm.id = tvn.votemstid
        GROUP BY tvn.id
    ')
 2 SYSTEMPATH\Database\BaseConnection.php(652): CodeIgniter\Database\BaseConnection->simpleQuery('
        SELECT 
            tvn.id,
            tvn.Candidate,
            tvn.CandidateImage,
            tvm.PositionName,
            COUNT(tv.id) AS NumberOfVotes
        FROM tblvotetrn tvn
        LEFT JOIN tblvote tv 
            ON tv.votetrnid = tvn.id
            AND tv.IsActive = 1
        LEFT JOIN tblvotemst tvm
            ON tvm.id = tvn.votemstid
        GROUP BY tvn.id
    ')
 3 APPPATH\Controllers\Main.php(153): CodeIgniter\Database\BaseConnection->query('
        SELECT 
            tvn.id,
            tvn.Candidate,
            tvn.CandidateImage,
            tvm.PositionName,
            COUNT(tv.id) AS NumberOfVotes
        FROM tblvotetrn tvn
        LEFT JOIN tblvote tv 
            ON tv.votetrnid = tvn.id
            AND tv.IsActive = 1
        LEFT JOIN tblvotemst tvm
            ON tvm.id = tvn.votemstid
        GROUP BY tvn.id
    ')
 4 SYSTEMPATH\CodeIgniter.php(933): App\Controllers\Main->getDashboarddata()
 5 SYSTEMPATH\CodeIgniter.php(507): CodeIgniter\CodeIgniter->runController(Object(App\Controllers\Main))
 6 SYSTEMPATH\CodeIgniter.php(354): CodeIgniter\CodeIgniter->handleRequest(null, Object(Config\Cache), false)
 7 SYSTEMPATH\Boot.php(334): CodeIgniter\CodeIgniter->run()
 8 SYSTEMPATH\Boot.php(67): CodeIgniter\Boot::runCodeIgniter(Object(CodeIgniter\CodeIgniter))
 9 FCPATH\index.php(56): CodeIgniter\Boot::bootWeb(Object(Config\Paths))
CRITICAL - 2026-05-15 22:47:44 --> [Caused by] mysqli_sql_exception: Unknown column 'tvm.PositionName' in 'field list'
in SYSTEMPATH\Database\MySQLi\Connection.php on line 327.
 1 SYSTEMPATH\Database\MySQLi\Connection.php(327): mysqli->query('
        SELECT 
            tvn.id,
            tvn.Candidate,
            tvn.CandidateImage,
            tvm.PositionName,
            COUNT(tv.id) AS NumberOfVotes
        FROM tblvotetrn tvn
        LEFT JOIN tblvote tv 
            ON tv.votetrnid = tvn.id
            AND tv.IsActive = 1
        LEFT JOIN tblvotemst tvm
            ON tvm.id = tvn.votemstid
        GROUP BY tvn.id
    ', 0)
 2 SYSTEMPATH\Database\BaseConnection.php(738): CodeIgniter\Database\MySQLi\Connection->execute('
        SELECT 
            tvn.id,
            tvn.Candidate,
            tvn.CandidateImage,
            tvm.PositionName,
            COUNT(tv.id) AS NumberOfVotes
        FROM tblvotetrn tvn
        LEFT JOIN tblvote tv 
            ON tv.votetrnid = tvn.id
            AND tv.IsActive = 1
        LEFT JOIN tblvotemst tvm
            ON tvm.id = tvn.votemstid
        GROUP BY tvn.id
    ')
 3 SYSTEMPATH\Database\BaseConnection.php(652): CodeIgniter\Database\BaseConnection->simpleQuery('
        SELECT 
            tvn.id,
            tvn.Candidate,
            tvn.CandidateImage,
            tvm.PositionName,
            COUNT(tv.id) AS NumberOfVotes
        FROM tblvotetrn tvn
        LEFT JOIN tblvote tv 
            ON tv.votetrnid = tvn.id
            AND tv.IsActive = 1
        LEFT JOIN tblvotemst tvm
            ON tvm.id = tvn.votemstid
        GROUP BY tvn.id
    ')
 4 APPPATH\Controllers\Main.php(153): CodeIgniter\Database\BaseConnection->query('
        SELECT 
            tvn.id,
            tvn.Candidate,
            tvn.CandidateImage,
            tvm.PositionName,
            COUNT(tv.id) AS NumberOfVotes
        FROM tblvotetrn tvn
        LEFT JOIN tblvote tv 
            ON tv.votetrnid = tvn.id
            AND tv.IsActive = 1
        LEFT JOIN tblvotemst tvm
            ON tvm.id = tvn.votemstid
        GROUP BY tvn.id
    ')
 5 SYSTEMPATH\CodeIgniter.php(933): App\Controllers\Main->getDashboarddata()
 6 SYSTEMPATH\CodeIgniter.php(507): CodeIgniter\CodeIgniter->runController(Object(App\Controllers\Main))
 7 SYSTEMPATH\CodeIgniter.php(354): CodeIgniter\CodeIgniter->handleRequest(null, Object(Config\Cache), false)
 8 SYSTEMPATH\Boot.php(334): CodeIgniter\CodeIgniter->run()
 9 SYSTEMPATH\Boot.php(67): CodeIgniter\Boot::runCodeIgniter(Object(CodeIgniter\CodeIgniter))
10 FCPATH\index.php(56): CodeIgniter\Boot::bootWeb(Object(Config\Paths))
DEBUG - 2026-05-15 22:47:47 --> Session: Class initialized using 'CodeIgniter\Session\Handlers\FileHandler' driver.
DEBUG - 2026-05-15 22:47:49 --> Session: Class initialized using 'CodeIgniter\Session\Handlers\FileHandler' driver.
DEBUG - 2026-05-15 22:47:49 --> Session: Class initialized using 'CodeIgniter\Session\Handlers\FileHandler' driver.
ERROR - 2026-05-15 22:47:49 --> mysqli_sql_exception: Unknown column 'tvm.PositionName' in 'field list' in C:\xampp\htdocs\gscgeavotingsystem\vendor\codeigniter4\framework\system\Database\MySQLi\Connection.php:327
Stack trace:
#0 C:\xampp\htdocs\gscgeavotingsystem\vendor\codeigniter4\framework\system\Database\MySQLi\Connection.php(327): mysqli->query('\r\n        SELEC...', 0)
#1 C:\xampp\htdocs\gscgeavotingsystem\vendor\codeigniter4\framework\system\Database\BaseConnection.php(738): CodeIgniter\Database\MySQLi\Connection->execute('\r\n        SELEC...')
#2 C:\xampp\htdocs\gscgeavotingsystem\vendor\codeigniter4\framework\system\Database\BaseConnection.php(652): CodeIgniter\Database\BaseConnection->simpleQuery('\r\n        SELEC...')
#3 C:\xampp\htdocs\gscgeavotingsystem\app\Controllers\Main.php(153): CodeIgniter\Database\BaseConnection->query('\r\n        SELEC...')
#4 C:\xampp\htdocs\gscgeavotingsystem\vendor\codeigniter4\framework\system\CodeIgniter.php(933): App\Controllers\Main->getDashboarddata()
#5 C:\xampp\htdocs\gscgeavotingsystem\vendor\codeigniter4\framework\system\CodeIgniter.php(507): CodeIgniter\CodeIgniter->runController(Object(App\Controllers\Main))
#6 C:\xampp\htdocs\gscgeavotingsystem\vendor\codeigniter4\framework\system\CodeIgniter.php(354): CodeIgniter\CodeIgniter->handleRequest(NULL, Object(Config\Cache), false)
#7 C:\xampp\htdocs\gscgeavotingsystem\vendor\codeigniter4\framework\system\Boot.php(334): CodeIgniter\CodeIgniter->run()
#8 C:\xampp\htdocs\gscgeavotingsystem\vendor\codeigniter4\framework\system\Boot.php(67): CodeIgniter\Boot::runCodeIgniter(Object(CodeIgniter\CodeIgniter))
#9 C:\xampp\htdocs\gscgeavotingsystem\public\index.php(56): CodeIgniter\Boot::bootWeb(Object(Config\Paths))
#10 {main}
CRITICAL - 2026-05-15 22:47:49 --> CodeIgniter\Database\Exceptions\DatabaseException: Unknown column 'tvm.PositionName' in 'field list'
[Method: GET, Route: main/dashboarddata]
in SYSTEMPATH\Database\BaseConnection.php on line 692.
 1 APPPATH\Controllers\Main.php(153): CodeIgniter\Database\BaseConnection->query('
        SELECT 
            tvn.id,
            tvn.Candidate,
            tvn.CandidateImage,
            tvm.PositionName,
            COUNT(tv.id) AS NumberOfVotes
        FROM tblvotetrn tvn
        LEFT JOIN tblvote tv 
            ON tv.votetrnid = tvn.id
            AND tv.IsActive = 1
        LEFT JOIN tblvotemst tvm
            ON tvm.id = tvn.votemstid
        GROUP BY tvn.id
    ')
 2 SYSTEMPATH\CodeIgniter.php(933): App\Controllers\Main->getDashboarddata()
 3 SYSTEMPATH\CodeIgniter.php(507): CodeIgniter\CodeIgniter->runController(Object(App\Controllers\Main))
 4 SYSTEMPATH\CodeIgniter.php(354): CodeIgniter\CodeIgniter->handleRequest(null, Object(Config\Cache), false)
 5 SYSTEMPATH\Boot.php(334): CodeIgniter\CodeIgniter->run()
 6 SYSTEMPATH\Boot.php(67): CodeIgniter\Boot::runCodeIgniter(Object(CodeIgniter\CodeIgniter))
 7 FCPATH\index.php(56): CodeIgniter\Boot::bootWeb(Object(Config\Paths))
CRITICAL - 2026-05-15 22:47:49 --> [Caused by] CodeIgniter\Database\Exceptions\DatabaseException: Unknown column 'tvm.PositionName' in 'field list'
in SYSTEMPATH\Database\MySQLi\Connection.php on line 332.
 1 SYSTEMPATH\Database\BaseConnection.php(738): CodeIgniter\Database\MySQLi\Connection->execute('
        SELECT 
            tvn.id,
            tvn.Candidate,
            tvn.CandidateImage,
            tvm.PositionName,
            COUNT(tv.id) AS NumberOfVotes
        FROM tblvotetrn tvn
        LEFT JOIN tblvote tv 
            ON tv.votetrnid = tvn.id
            AND tv.IsActive = 1
        LEFT JOIN tblvotemst tvm
            ON tvm.id = tvn.votemstid
        GROUP BY tvn.id
    ')
 2 SYSTEMPATH\Database\BaseConnection.php(652): CodeIgniter\Database\BaseConnection->simpleQuery('
        SELECT 
            tvn.id,
            tvn.Candidate,
            tvn.CandidateImage,
            tvm.PositionName,
            COUNT(tv.id) AS NumberOfVotes
        FROM tblvotetrn tvn
        LEFT JOIN tblvote tv 
            ON tv.votetrnid = tvn.id
            AND tv.IsActive = 1
        LEFT JOIN tblvotemst tvm
            ON tvm.id = tvn.votemstid
        GROUP BY tvn.id
    ')
 3 APPPATH\Controllers\Main.php(153): CodeIgniter\Database\BaseConnection->query('
        SELECT 
            tvn.id,
            tvn.Candidate,
            tvn.CandidateImage,
            tvm.PositionName,
            COUNT(tv.id) AS NumberOfVotes
        FROM tblvotetrn tvn
        LEFT JOIN tblvote tv 
            ON tv.votetrnid = tvn.id
            AND tv.IsActive = 1
        LEFT JOIN tblvotemst tvm
            ON tvm.id = tvn.votemstid
        GROUP BY tvn.id
    ')
 4 SYSTEMPATH\CodeIgniter.php(933): App\Controllers\Main->getDashboarddata()
 5 SYSTEMPATH\CodeIgniter.php(507): CodeIgniter\CodeIgniter->runController(Object(App\Controllers\Main))
 6 SYSTEMPATH\CodeIgniter.php(354): CodeIgniter\CodeIgniter->handleRequest(null, Object(Config\Cache), false)
 7 SYSTEMPATH\Boot.php(334): CodeIgniter\CodeIgniter->run()
 8 SYSTEMPATH\Boot.php(67): CodeIgniter\Boot::runCodeIgniter(Object(CodeIgniter\CodeIgniter))
 9 FCPATH\index.php(56): CodeIgniter\Boot::bootWeb(Object(Config\Paths))
CRITICAL - 2026-05-15 22:47:49 --> [Caused by] mysqli_sql_exception: Unknown column 'tvm.PositionName' in 'field list'
in SYSTEMPATH\Database\MySQLi\Connection.php on line 327.
 1 SYSTEMPATH\Database\MySQLi\Connection.php(327): mysqli->query('
        SELECT 
            tvn.id,
            tvn.Candidate,
            tvn.CandidateImage,
            tvm.PositionName,
            COUNT(tv.id) AS NumberOfVotes
        FROM tblvotetrn tvn
        LEFT JOIN tblvote tv 
            ON tv.votetrnid = tvn.id
            AND tv.IsActive = 1
        LEFT JOIN tblvotemst tvm
            ON tvm.id = tvn.votemstid
        GROUP BY tvn.id
    ', 0)
 2 SYSTEMPATH\Database\BaseConnection.php(738): CodeIgniter\Database\MySQLi\Connection->execute('
        SELECT 
            tvn.id,
            tvn.Candidate,
            tvn.CandidateImage,
            tvm.PositionName,
            COUNT(tv.id) AS NumberOfVotes
        FROM tblvotetrn tvn
        LEFT JOIN tblvote tv 
            ON tv.votetrnid = tvn.id
            AND tv.IsActive = 1
        LEFT JOIN tblvotemst tvm
            ON tvm.id = tvn.votemstid
        GROUP BY tvn.id
    ')
 3 SYSTEMPATH\Database\BaseConnection.php(652): CodeIgniter\Database\BaseConnection->simpleQuery('
        SELECT 
            tvn.id,
            tvn.Candidate,
            tvn.CandidateImage,
            tvm.PositionName,
            COUNT(tv.id) AS NumberOfVotes
        FROM tblvotetrn tvn
        LEFT JOIN tblvote tv 
            ON tv.votetrnid = tvn.id
            AND tv.IsActive = 1
        LEFT JOIN tblvotemst tvm
            ON tvm.id = tvn.votemstid
        GROUP BY tvn.id
    ')
 4 APPPATH\Controllers\Main.php(153): CodeIgniter\Database\BaseConnection->query('
        SELECT 
            tvn.id,
            tvn.Candidate,
            tvn.CandidateImage,
            tvm.PositionName,
            COUNT(tv.id) AS NumberOfVotes
        FROM tblvotetrn tvn
        LEFT JOIN tblvote tv 
            ON tv.votetrnid = tvn.id
            AND tv.IsActive = 1
        LEFT JOIN tblvotemst tvm
            ON tvm.id = tvn.votemstid
        GROUP BY tvn.id
    ')
 5 SYSTEMPATH\CodeIgniter.php(933): App\Controllers\Main->getDashboarddata()
 6 SYSTEMPATH\CodeIgniter.php(507): CodeIgniter\CodeIgniter->runController(Object(App\Controllers\Main))
 7 SYSTEMPATH\CodeIgniter.php(354): CodeIgniter\CodeIgniter->handleRequest(null, Object(Config\Cache), false)
 8 SYSTEMPATH\Boot.php(334): CodeIgniter\CodeIgniter->run()
 9 SYSTEMPATH\Boot.php(67): CodeIgniter\Boot::runCodeIgniter(Object(CodeIgniter\CodeIgniter))
10 FCPATH\index.php(56): CodeIgniter\Boot::bootWeb(Object(Config\Paths))
DEBUG - 2026-05-15 22:47:59 --> Session: Class initialized using 'CodeIgniter\Session\Handlers\FileHandler' driver.
ERROR - 2026-05-15 22:47:59 --> mysqli_sql_exception: Unknown column 'tvm.PositionName' in 'field list' in C:\xampp\htdocs\gscgeavotingsystem\vendor\codeigniter4\framework\system\Database\MySQLi\Connection.php:327
Stack trace:
#0 C:\xampp\htdocs\gscgeavotingsystem\vendor\codeigniter4\framework\system\Database\MySQLi\Connection.php(327): mysqli->query('\r\n        SELEC...', 0)
#1 C:\xampp\htdocs\gscgeavotingsystem\vendor\codeigniter4\framework\system\Database\BaseConnection.php(738): CodeIgniter\Database\MySQLi\Connection->execute('\r\n        SELEC...')
#2 C:\xampp\htdocs\gscgeavotingsystem\vendor\codeigniter4\framework\system\Database\BaseConnection.php(652): CodeIgniter\Database\BaseConnection->simpleQuery('\r\n        SELEC...')
#3 C:\xampp\htdocs\gscgeavotingsystem\app\Controllers\Main.php(153): CodeIgniter\Database\BaseConnection->query('\r\n        SELEC...')
#4 C:\xampp\htdocs\gscgeavotingsystem\vendor\codeigniter4\framework\system\CodeIgniter.php(933): App\Controllers\Main->getDashboarddata()
#5 C:\xampp\htdocs\gscgeavotingsystem\vendor\codeigniter4\framework\system\CodeIgniter.php(507): CodeIgniter\CodeIgniter->runController(Object(App\Controllers\Main))
#6 C:\xampp\htdocs\gscgeavotingsystem\vendor\codeigniter4\framework\system\CodeIgniter.php(354): CodeIgniter\CodeIgniter->handleRequest(NULL, Object(Config\Cache), false)
#7 C:\xampp\htdocs\gscgeavotingsystem\vendor\codeigniter4\framework\system\Boot.php(334): CodeIgniter\CodeIgniter->run()
#8 C:\xampp\htdocs\gscgeavotingsystem\vendor\codeigniter4\framework\system\Boot.php(67): CodeIgniter\Boot::runCodeIgniter(Object(CodeIgniter\CodeIgniter))
#9 C:\xampp\htdocs\gscgeavotingsystem\public\index.php(56): CodeIgniter\Boot::bootWeb(Object(Config\Paths))
#10 {main}
CRITICAL - 2026-05-15 22:47:59 --> CodeIgniter\Database\Exceptions\DatabaseException: Unknown column 'tvm.PositionName' in 'field list'
[Method: GET, Route: main/dashboarddata]
in SYSTEMPATH\Database\BaseConnection.php on line 692.
 1 APPPATH\Controllers\Main.php(153): CodeIgniter\Database\BaseConnection->query('
        SELECT 
            tvn.id,
            tvn.Candidate,
            tvn.CandidateImage,
            tvm.PositionName,
            COUNT(tv.id) AS NumberOfVotes
        FROM tblvotetrn tvn
        LEFT JOIN tblvote tv 
            ON tv.votetrnid = tvn.id
            AND tv.IsActive = 1
        LEFT JOIN tblvotemst tvm
            ON tvm.id = tvn.votemstid
        GROUP BY tvn.id
    ')
 2 SYSTEMPATH\CodeIgniter.php(933): App\Controllers\Main->getDashboarddata()
 3 SYSTEMPATH\CodeIgniter.php(507): CodeIgniter\CodeIgniter->runController(Object(App\Controllers\Main))
 4 SYSTEMPATH\CodeIgniter.php(354): CodeIgniter\CodeIgniter->handleRequest(null, Object(Config\Cache), false)
 5 SYSTEMPATH\Boot.php(334): CodeIgniter\CodeIgniter->run()
 6 SYSTEMPATH\Boot.php(67): CodeIgniter\Boot::runCodeIgniter(Object(CodeIgniter\CodeIgniter))
 7 FCPATH\index.php(56): CodeIgniter\Boot::bootWeb(Object(Config\Paths))
CRITICAL - 2026-05-15 22:47:59 --> [Caused by] CodeIgniter\Database\Exceptions\DatabaseException: Unknown column 'tvm.PositionName' in 'field list'
in SYSTEMPATH\Database\MySQLi\Connection.php on line 332.
 1 SYSTEMPATH\Database\BaseConnection.php(738): CodeIgniter\Database\MySQLi\Connection->execute('
        SELECT 
            tvn.id,
            tvn.Candidate,
            tvn.CandidateImage,
            tvm.PositionName,
            COUNT(tv.id) AS NumberOfVotes
        FROM tblvotetrn tvn
        LEFT JOIN tblvote tv 
            ON tv.votetrnid = tvn.id
            AND tv.IsActive = 1
        LEFT JOIN tblvotemst tvm
            ON tvm.id = tvn.votemstid
        GROUP BY tvn.id
    ')
 2 SYSTEMPATH\Database\BaseConnection.php(652): CodeIgniter\Database\BaseConnection->simpleQuery('
        SELECT 
            tvn.id,
            tvn.Candidate,
            tvn.CandidateImage,
            tvm.PositionName,
            COUNT(tv.id) AS NumberOfVotes
        FROM tblvotetrn tvn
        LEFT JOIN tblvote tv 
            ON tv.votetrnid = tvn.id
            AND tv.IsActive = 1
        LEFT JOIN tblvotemst tvm
            ON tvm.id = tvn.votemstid
        GROUP BY tvn.id
    ')
 3 APPPATH\Controllers\Main.php(153): CodeIgniter\Database\BaseConnection->query('
        SELECT 
            tvn.id,
            tvn.Candidate,
            tvn.CandidateImage,
            tvm.PositionName,
            COUNT(tv.id) AS NumberOfVotes
        FROM tblvotetrn tvn
        LEFT JOIN tblvote tv 
            ON tv.votetrnid = tvn.id
            AND tv.IsActive = 1
        LEFT JOIN tblvotemst tvm
            ON tvm.id = tvn.votemstid
        GROUP BY tvn.id
    ')
 4 SYSTEMPATH\CodeIgniter.php(933): App\Controllers\Main->getDashboarddata()
 5 SYSTEMPATH\CodeIgniter.php(507): CodeIgniter\CodeIgniter->runController(Object(App\Controllers\Main))
 6 SYSTEMPATH\CodeIgniter.php(354): CodeIgniter\CodeIgniter->handleRequest(null, Object(Config\Cache), false)
 7 SYSTEMPATH\Boot.php(334): CodeIgniter\CodeIgniter->run()
 8 SYSTEMPATH\Boot.php(67): CodeIgniter\Boot::runCodeIgniter(Object(CodeIgniter\CodeIgniter))
 9 FCPATH\index.php(56): CodeIgniter\Boot::bootWeb(Object(Config\Paths))
CRITICAL - 2026-05-15 22:47:59 --> [Caused by] mysqli_sql_exception: Unknown column 'tvm.PositionName' in 'field list'
in SYSTEMPATH\Database\MySQLi\Connection.php on line 327.
 1 SYSTEMPATH\Database\MySQLi\Connection.php(327): mysqli->query('
        SELECT 
            tvn.id,
            tvn.Candidate,
            tvn.CandidateImage,
            tvm.PositionName,
            COUNT(tv.id) AS NumberOfVotes
        FROM tblvotetrn tvn
        LEFT JOIN tblvote tv 
            ON tv.votetrnid = tvn.id
            AND tv.IsActive = 1
        LEFT JOIN tblvotemst tvm
            ON tvm.id = tvn.votemstid
        GROUP BY tvn.id
    ', 0)
 2 SYSTEMPATH\Database\BaseConnection.php(738): CodeIgniter\Database\MySQLi\Connection->execute('
        SELECT 
            tvn.id,
            tvn.Candidate,
            tvn.CandidateImage,
            tvm.PositionName,
            COUNT(tv.id) AS NumberOfVotes
        FROM tblvotetrn tvn
        LEFT JOIN tblvote tv 
            ON tv.votetrnid = tvn.id
            AND tv.IsActive = 1
        LEFT JOIN tblvotemst tvm
            ON tvm.id = tvn.votemstid
        GROUP BY tvn.id
    ')
 3 SYSTEMPATH\Database\BaseConnection.php(652): CodeIgniter\Database\BaseConnection->simpleQuery('
        SELECT 
            tvn.id,
            tvn.Candidate,
            tvn.CandidateImage,
            tvm.PositionName,
            COUNT(tv.id) AS NumberOfVotes
        FROM tblvotetrn tvn
        LEFT JOIN tblvote tv 
            ON tv.votetrnid = tvn.id
            AND tv.IsActive = 1
        LEFT JOIN tblvotemst tvm
            ON tvm.id = tvn.votemstid
        GROUP BY tvn.id
    ')
 4 APPPATH\Controllers\Main.php(153): CodeIgniter\Database\BaseConnection->query('
        SELECT 
            tvn.id,
            tvn.Candidate,
            tvn.CandidateImage,
            tvm.PositionName,
            COUNT(tv.id) AS NumberOfVotes
        FROM tblvotetrn tvn
        LEFT JOIN tblvote tv 
            ON tv.votetrnid = tvn.id
            AND tv.IsActive = 1
        LEFT JOIN tblvotemst tvm
            ON tvm.id = tvn.votemstid
        GROUP BY tvn.id
    ')
 5 SYSTEMPATH\CodeIgniter.php(933): App\Controllers\Main->getDashboarddata()
 6 SYSTEMPATH\CodeIgniter.php(507): CodeIgniter\CodeIgniter->runController(Object(App\Controllers\Main))
 7 SYSTEMPATH\CodeIgniter.php(354): CodeIgniter\CodeIgniter->handleRequest(null, Object(Config\Cache), false)
 8 SYSTEMPATH\Boot.php(334): CodeIgniter\CodeIgniter->run()
 9 SYSTEMPATH\Boot.php(67): CodeIgniter\Boot::runCodeIgniter(Object(CodeIgniter\CodeIgniter))
10 FCPATH\index.php(56): CodeIgniter\Boot::bootWeb(Object(Config\Paths))
DEBUG - 2026-05-15 22:48:09 --> Session: Class initialized using 'CodeIgniter\Session\Handlers\FileHandler' driver.
ERROR - 2026-05-15 22:48:09 --> mysqli_sql_exception: Unknown column 'tvm.PositionName' in 'field list' in C:\xampp\htdocs\gscgeavotingsystem\vendor\codeigniter4\framework\system\Database\MySQLi\Connection.php:327
Stack trace:
#0 C:\xampp\htdocs\gscgeavotingsystem\vendor\codeigniter4\framework\system\Database\MySQLi\Connection.php(327): mysqli->query('\r\n        SELEC...', 0)
#1 C:\xampp\htdocs\gscgeavotingsystem\vendor\codeigniter4\framework\system\Database\BaseConnection.php(738): CodeIgniter\Database\MySQLi\Connection->execute('\r\n        SELEC...')
#2 C:\xampp\htdocs\gscgeavotingsystem\vendor\codeigniter4\framework\system\Database\BaseConnection.php(652): CodeIgniter\Database\BaseConnection->simpleQuery('\r\n        SELEC...')
#3 C:\xampp\htdocs\gscgeavotingsystem\app\Controllers\Main.php(153): CodeIgniter\Database\BaseConnection->query('\r\n        SELEC...')
#4 C:\xampp\htdocs\gscgeavotingsystem\vendor\codeigniter4\framework\system\CodeIgniter.php(933): App\Controllers\Main->getDashboarddata()
#5 C:\xampp\htdocs\gscgeavotingsystem\vendor\codeigniter4\framework\system\CodeIgniter.php(507): CodeIgniter\CodeIgniter->runController(Object(App\Controllers\Main))
#6 C:\xampp\htdocs\gscgeavotingsystem\vendor\codeigniter4\framework\system\CodeIgniter.php(354): CodeIgniter\CodeIgniter->handleRequest(NULL, Object(Config\Cache), false)
#7 C:\xampp\htdocs\gscgeavotingsystem\vendor\codeigniter4\framework\system\Boot.php(334): CodeIgniter\CodeIgniter->run()
#8 C:\xampp\htdocs\gscgeavotingsystem\vendor\codeigniter4\framework\system\Boot.php(67): CodeIgniter\Boot::runCodeIgniter(Object(CodeIgniter\CodeIgniter))
#9 C:\xampp\htdocs\gscgeavotingsystem\public\index.php(56): CodeIgniter\Boot::bootWeb(Object(Config\Paths))
#10 {main}
CRITICAL - 2026-05-15 22:48:09 --> CodeIgniter\Database\Exceptions\DatabaseException: Unknown column 'tvm.PositionName' in 'field list'
[Method: GET, Route: main/dashboarddata]
in SYSTEMPATH\Database\BaseConnection.php on line 692.
 1 APPPATH\Controllers\Main.php(153): CodeIgniter\Database\BaseConnection->query('
        SELECT 
            tvn.id,
            tvn.Candidate,
            tvn.CandidateImage,
            tvm.PositionName,
            COUNT(tv.id) AS NumberOfVotes
        FROM tblvotetrn tvn
        LEFT JOIN tblvote tv 
            ON tv.votetrnid = tvn.id
            AND tv.IsActive = 1
        LEFT JOIN tblvotemst tvm
            ON tvm.id = tvn.votemstid
        GROUP BY tvn.id
    ')
 2 SYSTEMPATH\CodeIgniter.php(933): App\Controllers\Main->getDashboarddata()
 3 SYSTEMPATH\CodeIgniter.php(507): CodeIgniter\CodeIgniter->runController(Object(App\Controllers\Main))
 4 SYSTEMPATH\CodeIgniter.php(354): CodeIgniter\CodeIgniter->handleRequest(null, Object(Config\Cache), false)
 5 SYSTEMPATH\Boot.php(334): CodeIgniter\CodeIgniter->run()
 6 SYSTEMPATH\Boot.php(67): CodeIgniter\Boot::runCodeIgniter(Object(CodeIgniter\CodeIgniter))
 7 FCPATH\index.php(56): CodeIgniter\Boot::bootWeb(Object(Config\Paths))
CRITICAL - 2026-05-15 22:48:09 --> [Caused by] CodeIgniter\Database\Exceptions\DatabaseException: Unknown column 'tvm.PositionName' in 'field list'
in SYSTEMPATH\Database\MySQLi\Connection.php on line 332.
 1 SYSTEMPATH\Database\BaseConnection.php(738): CodeIgniter\Database\MySQLi\Connection->execute('
        SELECT 
            tvn.id,
            tvn.Candidate,
            tvn.CandidateImage,
            tvm.PositionName,
            COUNT(tv.id) AS NumberOfVotes
        FROM tblvotetrn tvn
        LEFT JOIN tblvote tv 
            ON tv.votetrnid = tvn.id
            AND tv.IsActive = 1
        LEFT JOIN tblvotemst tvm
            ON tvm.id = tvn.votemstid
        GROUP BY tvn.id
    ')
 2 SYSTEMPATH\Database\BaseConnection.php(652): CodeIgniter\Database\BaseConnection->simpleQuery('
        SELECT 
            tvn.id,
            tvn.Candidate,
            tvn.CandidateImage,
            tvm.PositionName,
            COUNT(tv.id) AS NumberOfVotes
        FROM tblvotetrn tvn
        LEFT JOIN tblvote tv 
            ON tv.votetrnid = tvn.id
            AND tv.IsActive = 1
        LEFT JOIN tblvotemst tvm
            ON tvm.id = tvn.votemstid
        GROUP BY tvn.id
    ')
 3 APPPATH\Controllers\Main.php(153): CodeIgniter\Database\BaseConnection->query('
        SELECT 
            tvn.id,
            tvn.Candidate,
            tvn.CandidateImage,
            tvm.PositionName,
            COUNT(tv.id) AS NumberOfVotes
        FROM tblvotetrn tvn
        LEFT JOIN tblvote tv 
            ON tv.votetrnid = tvn.id
            AND tv.IsActive = 1
        LEFT JOIN tblvotemst tvm
            ON tvm.id = tvn.votemstid
        GROUP BY tvn.id
    ')
 4 SYSTEMPATH\CodeIgniter.php(933): App\Controllers\Main->getDashboarddata()
 5 SYSTEMPATH\CodeIgniter.php(507): CodeIgniter\CodeIgniter->runController(Object(App\Controllers\Main))
 6 SYSTEMPATH\CodeIgniter.php(354): CodeIgniter\CodeIgniter->handleRequest(null, Object(Config\Cache), false)
 7 SYSTEMPATH\Boot.php(334): CodeIgniter\CodeIgniter->run()
 8 SYSTEMPATH\Boot.php(67): CodeIgniter\Boot::runCodeIgniter(Object(CodeIgniter\CodeIgniter))
 9 FCPATH\index.php(56): CodeIgniter\Boot::bootWeb(Object(Config\Paths))
CRITICAL - 2026-05-15 22:48:09 --> [Caused by] mysqli_sql_exception: Unknown column 'tvm.PositionName' in 'field list'
in SYSTEMPATH\Database\MySQLi\Connection.php on line 327.
 1 SYSTEMPATH\Database\MySQLi\Connection.php(327): mysqli->query('
        SELECT 
            tvn.id,
            tvn.Candidate,
            tvn.CandidateImage,
            tvm.PositionName,
            COUNT(tv.id) AS NumberOfVotes
        FROM tblvotetrn tvn
        LEFT JOIN tblvote tv 
            ON tv.votetrnid = tvn.id
            AND tv.IsActive = 1
        LEFT JOIN tblvotemst tvm
            ON tvm.id = tvn.votemstid
        GROUP BY tvn.id
    ', 0)
 2 SYSTEMPATH\Database\BaseConnection.php(738): CodeIgniter\Database\MySQLi\Connection->execute('
        SELECT 
            tvn.id,
            tvn.Candidate,
            tvn.CandidateImage,
            tvm.PositionName,
            COUNT(tv.id) AS NumberOfVotes
        FROM tblvotetrn tvn
        LEFT JOIN tblvote tv 
            ON tv.votetrnid = tvn.id
            AND tv.IsActive = 1
        LEFT JOIN tblvotemst tvm
            ON tvm.id = tvn.votemstid
        GROUP BY tvn.id
    ')
 3 SYSTEMPATH\Database\BaseConnection.php(652): CodeIgniter\Database\BaseConnection->simpleQuery('
        SELECT 
            tvn.id,
            tvn.Candidate,
            tvn.CandidateImage,
            tvm.PositionName,
            COUNT(tv.id) AS NumberOfVotes
        FROM tblvotetrn tvn
        LEFT JOIN tblvote tv 
            ON tv.votetrnid = tvn.id
            AND tv.IsActive = 1
        LEFT JOIN tblvotemst tvm
            ON tvm.id = tvn.votemstid
        GROUP BY tvn.id
    ')
 4 APPPATH\Controllers\Main.php(153): CodeIgniter\Database\BaseConnection->query('
        SELECT 
            tvn.id,
            tvn.Candidate,
            tvn.CandidateImage,
            tvm.PositionName,
            COUNT(tv.id) AS NumberOfVotes
        FROM tblvotetrn tvn
        LEFT JOIN tblvote tv 
            ON tv.votetrnid = tvn.id
            AND tv.IsActive = 1
        LEFT JOIN tblvotemst tvm
            ON tvm.id = tvn.votemstid
        GROUP BY tvn.id
    ')
 5 SYSTEMPATH\CodeIgniter.php(933): App\Controllers\Main->getDashboarddata()
 6 SYSTEMPATH\CodeIgniter.php(507): CodeIgniter\CodeIgniter->runController(Object(App\Controllers\Main))
 7 SYSTEMPATH\CodeIgniter.php(354): CodeIgniter\CodeIgniter->handleRequest(null, Object(Config\Cache), false)
 8 SYSTEMPATH\Boot.php(334): CodeIgniter\CodeIgniter->run()
 9 SYSTEMPATH\Boot.php(67): CodeIgniter\Boot::runCodeIgniter(Object(CodeIgniter\CodeIgniter))
10 FCPATH\index.php(56): CodeIgniter\Boot::bootWeb(Object(Config\Paths))
DEBUG - 2026-05-15 22:48:19 --> Session: Class initialized using 'CodeIgniter\Session\Handlers\FileHandler' driver.
ERROR - 2026-05-15 22:48:19 --> mysqli_sql_exception: Unknown column 'tvm.PositionName' in 'field list' in C:\xampp\htdocs\gscgeavotingsystem\vendor\codeigniter4\framework\system\Database\MySQLi\Connection.php:327
Stack trace:
#0 C:\xampp\htdocs\gscgeavotingsystem\vendor\codeigniter4\framework\system\Database\MySQLi\Connection.php(327): mysqli->query('\r\n        SELEC...', 0)
#1 C:\xampp\htdocs\gscgeavotingsystem\vendor\codeigniter4\framework\system\Database\BaseConnection.php(738): CodeIgniter\Database\MySQLi\Connection->execute('\r\n        SELEC...')
#2 C:\xampp\htdocs\gscgeavotingsystem\vendor\codeigniter4\framework\system\Database\BaseConnection.php(652): CodeIgniter\Database\BaseConnection->simpleQuery('\r\n        SELEC...')
#3 C:\xampp\htdocs\gscgeavotingsystem\app\Controllers\Main.php(153): CodeIgniter\Database\BaseConnection->query('\r\n        SELEC...')
#4 C:\xampp\htdocs\gscgeavotingsystem\vendor\codeigniter4\framework\system\CodeIgniter.php(933): App\Controllers\Main->getDashboarddata()
#5 C:\xampp\htdocs\gscgeavotingsystem\vendor\codeigniter4\framework\system\CodeIgniter.php(507): CodeIgniter\CodeIgniter->runController(Object(App\Controllers\Main))
#6 C:\xampp\htdocs\gscgeavotingsystem\vendor\codeigniter4\framework\system\CodeIgniter.php(354): CodeIgniter\CodeIgniter->handleRequest(NULL, Object(Config\Cache), false)
#7 C:\xampp\htdocs\gscgeavotingsystem\vendor\codeigniter4\framework\system\Boot.php(334): CodeIgniter\CodeIgniter->run()
#8 C:\xampp\htdocs\gscgeavotingsystem\vendor\codeigniter4\framework\system\Boot.php(67): CodeIgniter\Boot::runCodeIgniter(Object(CodeIgniter\CodeIgniter))
#9 C:\xampp\htdocs\gscgeavotingsystem\public\index.php(56): CodeIgniter\Boot::bootWeb(Object(Config\Paths))
#10 {main}
CRITICAL - 2026-05-15 22:48:19 --> CodeIgniter\Database\Exceptions\DatabaseException: Unknown column 'tvm.PositionName' in 'field list'
[Method: GET, Route: main/dashboarddata]
in SYSTEMPATH\Database\BaseConnection.php on line 692.
 1 APPPATH\Controllers\Main.php(153): CodeIgniter\Database\BaseConnection->query('
        SELECT 
            tvn.id,
            tvn.Candidate,
            tvn.CandidateImage,
            tvm.PositionName,
            COUNT(tv.id) AS NumberOfVotes
        FROM tblvotetrn tvn
        LEFT JOIN tblvote tv 
            ON tv.votetrnid = tvn.id
            AND tv.IsActive = 1
        LEFT JOIN tblvotemst tvm
            ON tvm.id = tvn.votemstid
        GROUP BY tvn.id
    ')
 2 SYSTEMPATH\CodeIgniter.php(933): App\Controllers\Main->getDashboarddata()
 3 SYSTEMPATH\CodeIgniter.php(507): CodeIgniter\CodeIgniter->runController(Object(App\Controllers\Main))
 4 SYSTEMPATH\CodeIgniter.php(354): CodeIgniter\CodeIgniter->handleRequest(null, Object(Config\Cache), false)
 5 SYSTEMPATH\Boot.php(334): CodeIgniter\CodeIgniter->run()
 6 SYSTEMPATH\Boot.php(67): CodeIgniter\Boot::runCodeIgniter(Object(CodeIgniter\CodeIgniter))
 7 FCPATH\index.php(56): CodeIgniter\Boot::bootWeb(Object(Config\Paths))
CRITICAL - 2026-05-15 22:48:19 --> [Caused by] CodeIgniter\Database\Exceptions\DatabaseException: Unknown column 'tvm.PositionName' in 'field list'
in SYSTEMPATH\Database\MySQLi\Connection.php on line 332.
 1 SYSTEMPATH\Database\BaseConnection.php(738): CodeIgniter\Database\MySQLi\Connection->execute('
        SELECT 
            tvn.id,
            tvn.Candidate,
            tvn.CandidateImage,
            tvm.PositionName,
            COUNT(tv.id) AS NumberOfVotes
        FROM tblvotetrn tvn
        LEFT JOIN tblvote tv 
            ON tv.votetrnid = tvn.id
            AND tv.IsActive = 1
        LEFT JOIN tblvotemst tvm
            ON tvm.id = tvn.votemstid
        GROUP BY tvn.id
    ')
 2 SYSTEMPATH\Database\BaseConnection.php(652): CodeIgniter\Database\BaseConnection->simpleQuery('
        SELECT 
            tvn.id,
            tvn.Candidate,
            tvn.CandidateImage,
            tvm.PositionName,
            COUNT(tv.id) AS NumberOfVotes
        FROM tblvotetrn tvn
        LEFT JOIN tblvote tv 
            ON tv.votetrnid = tvn.id
            AND tv.IsActive = 1
        LEFT JOIN tblvotemst tvm
            ON tvm.id = tvn.votemstid
        GROUP BY tvn.id
    ')
 3 APPPATH\Controllers\Main.php(153): CodeIgniter\Database\BaseConnection->query('
        SELECT 
            tvn.id,
            tvn.Candidate,
            tvn.CandidateImage,
            tvm.PositionName,
            COUNT(tv.id) AS NumberOfVotes
        FROM tblvotetrn tvn
        LEFT JOIN tblvote tv 
            ON tv.votetrnid = tvn.id
            AND tv.IsActive = 1
        LEFT JOIN tblvotemst tvm
            ON tvm.id = tvn.votemstid
        GROUP BY tvn.id
    ')
 4 SYSTEMPATH\CodeIgniter.php(933): App\Controllers\Main->getDashboarddata()
 5 SYSTEMPATH\CodeIgniter.php(507): CodeIgniter\CodeIgniter->runController(Object(App\Controllers\Main))
 6 SYSTEMPATH\CodeIgniter.php(354): CodeIgniter\CodeIgniter->handleRequest(null, Object(Config\Cache), false)
 7 SYSTEMPATH\Boot.php(334): CodeIgniter\CodeIgniter->run()
 8 SYSTEMPATH\Boot.php(67): CodeIgniter\Boot::runCodeIgniter(Object(CodeIgniter\CodeIgniter))
 9 FCPATH\index.php(56): CodeIgniter\Boot::bootWeb(Object(Config\Paths))
CRITICAL - 2026-05-15 22:48:19 --> [Caused by] mysqli_sql_exception: Unknown column 'tvm.PositionName' in 'field list'
in SYSTEMPATH\Database\MySQLi\Connection.php on line 327.
 1 SYSTEMPATH\Database\MySQLi\Connection.php(327): mysqli->query('
        SELECT 
            tvn.id,
            tvn.Candidate,
            tvn.CandidateImage,
            tvm.PositionName,
            COUNT(tv.id) AS NumberOfVotes
        FROM tblvotetrn tvn
        LEFT JOIN tblvote tv 
            ON tv.votetrnid = tvn.id
            AND tv.IsActive = 1
        LEFT JOIN tblvotemst tvm
            ON tvm.id = tvn.votemstid
        GROUP BY tvn.id
    ', 0)
 2 SYSTEMPATH\Database\BaseConnection.php(738): CodeIgniter\Database\MySQLi\Connection->execute('
        SELECT 
            tvn.id,
            tvn.Candidate,
            tvn.CandidateImage,
            tvm.PositionName,
            COUNT(tv.id) AS NumberOfVotes
        FROM tblvotetrn tvn
        LEFT JOIN tblvote tv 
            ON tv.votetrnid = tvn.id
            AND tv.IsActive = 1
        LEFT JOIN tblvotemst tvm
            ON tvm.id = tvn.votemstid
        GROUP BY tvn.id
    ')
 3 SYSTEMPATH\Database\BaseConnection.php(652): CodeIgniter\Database\BaseConnection->simpleQuery('
        SELECT 
            tvn.id,
            tvn.Candidate,
            tvn.CandidateImage,
            tvm.PositionName,
            COUNT(tv.id) AS NumberOfVotes
        FROM tblvotetrn tvn
        LEFT JOIN tblvote tv 
            ON tv.votetrnid = tvn.id
            AND tv.IsActive = 1
        LEFT JOIN tblvotemst tvm
            ON tvm.id = tvn.votemstid
        GROUP BY tvn.id
    ')
 4 APPPATH\Controllers\Main.php(153): CodeIgniter\Database\BaseConnection->query('
        SELECT 
            tvn.id,
            tvn.Candidate,
            tvn.CandidateImage,
            tvm.PositionName,
            COUNT(tv.id) AS NumberOfVotes
        FROM tblvotetrn tvn
        LEFT JOIN tblvote tv 
            ON tv.votetrnid = tvn.id
            AND tv.IsActive = 1
        LEFT JOIN tblvotemst tvm
            ON tvm.id = tvn.votemstid
        GROUP BY tvn.id
    ')
 5 SYSTEMPATH\CodeIgniter.php(933): App\Controllers\Main->getDashboarddata()
 6 SYSTEMPATH\CodeIgniter.php(507): CodeIgniter\CodeIgniter->runController(Object(App\Controllers\Main))
 7 SYSTEMPATH\CodeIgniter.php(354): CodeIgniter\CodeIgniter->handleRequest(null, Object(Config\Cache), false)
 8 SYSTEMPATH\Boot.php(334): CodeIgniter\CodeIgniter->run()
 9 SYSTEMPATH\Boot.php(67): CodeIgniter\Boot::runCodeIgniter(Object(CodeIgniter\CodeIgniter))
10 FCPATH\index.php(56): CodeIgniter\Boot::bootWeb(Object(Config\Paths))
DEBUG - 2026-05-15 22:48:29 --> Session: Class initialized using 'CodeIgniter\Session\Handlers\FileHandler' driver.
ERROR - 2026-05-15 22:48:29 --> mysqli_sql_exception: Unknown column 'tvm.PositionName' in 'field list' in C:\xampp\htdocs\gscgeavotingsystem\vendor\codeigniter4\framework\system\Database\MySQLi\Connection.php:327
Stack trace:
#0 C:\xampp\htdocs\gscgeavotingsystem\vendor\codeigniter4\framework\system\Database\MySQLi\Connection.php(327): mysqli->query('\r\n        SELEC...', 0)
#1 C:\xampp\htdocs\gscgeavotingsystem\vendor\codeigniter4\framework\system\Database\BaseConnection.php(738): CodeIgniter\Database\MySQLi\Connection->execute('\r\n        SELEC...')
#2 C:\xampp\htdocs\gscgeavotingsystem\vendor\codeigniter4\framework\system\Database\BaseConnection.php(652): CodeIgniter\Database\BaseConnection->simpleQuery('\r\n        SELEC...')
#3 C:\xampp\htdocs\gscgeavotingsystem\app\Controllers\Main.php(153): CodeIgniter\Database\BaseConnection->query('\r\n        SELEC...')
#4 C:\xampp\htdocs\gscgeavotingsystem\vendor\codeigniter4\framework\system\CodeIgniter.php(933): App\Controllers\Main->getDashboarddata()
#5 C:\xampp\htdocs\gscgeavotingsystem\vendor\codeigniter4\framework\system\CodeIgniter.php(507): CodeIgniter\CodeIgniter->runController(Object(App\Controllers\Main))
#6 C:\xampp\htdocs\gscgeavotingsystem\vendor\codeigniter4\framework\system\CodeIgniter.php(354): CodeIgniter\CodeIgniter->handleRequest(NULL, Object(Config\Cache), false)
#7 C:\xampp\htdocs\gscgeavotingsystem\vendor\codeigniter4\framework\system\Boot.php(334): CodeIgniter\CodeIgniter->run()
#8 C:\xampp\htdocs\gscgeavotingsystem\vendor\codeigniter4\framework\system\Boot.php(67): CodeIgniter\Boot::runCodeIgniter(Object(CodeIgniter\CodeIgniter))
#9 C:\xampp\htdocs\gscgeavotingsystem\public\index.php(56): CodeIgniter\Boot::bootWeb(Object(Config\Paths))
#10 {main}
CRITICAL - 2026-05-15 22:48:29 --> CodeIgniter\Database\Exceptions\DatabaseException: Unknown column 'tvm.PositionName' in 'field list'
[Method: GET, Route: main/dashboarddata]
in SYSTEMPATH\Database\BaseConnection.php on line 692.
 1 APPPATH\Controllers\Main.php(153): CodeIgniter\Database\BaseConnection->query('
        SELECT 
            tvn.id,
            tvn.Candidate,
            tvn.CandidateImage,
            tvm.PositionName,
            COUNT(tv.id) AS NumberOfVotes
        FROM tblvotetrn tvn
        LEFT JOIN tblvote tv 
            ON tv.votetrnid = tvn.id
            AND tv.IsActive = 1
        LEFT JOIN tblvotemst tvm
            ON tvm.id = tvn.votemstid
        GROUP BY tvn.id
    ')
 2 SYSTEMPATH\CodeIgniter.php(933): App\Controllers\Main->getDashboarddata()
 3 SYSTEMPATH\CodeIgniter.php(507): CodeIgniter\CodeIgniter->runController(Object(App\Controllers\Main))
 4 SYSTEMPATH\CodeIgniter.php(354): CodeIgniter\CodeIgniter->handleRequest(null, Object(Config\Cache), false)
 5 SYSTEMPATH\Boot.php(334): CodeIgniter\CodeIgniter->run()
 6 SYSTEMPATH\Boot.php(67): CodeIgniter\Boot::runCodeIgniter(Object(CodeIgniter\CodeIgniter))
 7 FCPATH\index.php(56): CodeIgniter\Boot::bootWeb(Object(Config\Paths))
CRITICAL - 2026-05-15 22:48:29 --> [Caused by] CodeIgniter\Database\Exceptions\DatabaseException: Unknown column 'tvm.PositionName' in 'field list'
in SYSTEMPATH\Database\MySQLi\Connection.php on line 332.
 1 SYSTEMPATH\Database\BaseConnection.php(738): CodeIgniter\Database\MySQLi\Connection->execute('
        SELECT 
            tvn.id,
            tvn.Candidate,
            tvn.CandidateImage,
            tvm.PositionName,
            COUNT(tv.id) AS NumberOfVotes
        FROM tblvotetrn tvn
        LEFT JOIN tblvote tv 
            ON tv.votetrnid = tvn.id
            AND tv.IsActive = 1
        LEFT JOIN tblvotemst tvm
            ON tvm.id = tvn.votemstid
        GROUP BY tvn.id
    ')
 2 SYSTEMPATH\Database\BaseConnection.php(652): CodeIgniter\Database\BaseConnection->simpleQuery('
        SELECT 
            tvn.id,
            tvn.Candidate,
            tvn.CandidateImage,
            tvm.PositionName,
            COUNT(tv.id) AS NumberOfVotes
        FROM tblvotetrn tvn
        LEFT JOIN tblvote tv 
            ON tv.votetrnid = tvn.id
            AND tv.IsActive = 1
        LEFT JOIN tblvotemst tvm
            ON tvm.id = tvn.votemstid
        GROUP BY tvn.id
    ')
 3 APPPATH\Controllers\Main.php(153): CodeIgniter\Database\BaseConnection->query('
        SELECT 
            tvn.id,
            tvn.Candidate,
            tvn.CandidateImage,
            tvm.PositionName,
            COUNT(tv.id) AS NumberOfVotes
        FROM tblvotetrn tvn
        LEFT JOIN tblvote tv 
            ON tv.votetrnid = tvn.id
            AND tv.IsActive = 1
        LEFT JOIN tblvotemst tvm
            ON tvm.id = tvn.votemstid
        GROUP BY tvn.id
    ')
 4 SYSTEMPATH\CodeIgniter.php(933): App\Controllers\Main->getDashboarddata()
 5 SYSTEMPATH\CodeIgniter.php(507): CodeIgniter\CodeIgniter->runController(Object(App\Controllers\Main))
 6 SYSTEMPATH\CodeIgniter.php(354): CodeIgniter\CodeIgniter->handleRequest(null, Object(Config\Cache), false)
 7 SYSTEMPATH\Boot.php(334): CodeIgniter\CodeIgniter->run()
 8 SYSTEMPATH\Boot.php(67): CodeIgniter\Boot::runCodeIgniter(Object(CodeIgniter\CodeIgniter))
 9 FCPATH\index.php(56): CodeIgniter\Boot::bootWeb(Object(Config\Paths))
CRITICAL - 2026-05-15 22:48:29 --> [Caused by] mysqli_sql_exception: Unknown column 'tvm.PositionName' in 'field list'
in SYSTEMPATH\Database\MySQLi\Connection.php on line 327.
 1 SYSTEMPATH\Database\MySQLi\Connection.php(327): mysqli->query('
        SELECT 
            tvn.id,
            tvn.Candidate,
            tvn.CandidateImage,
            tvm.PositionName,
            COUNT(tv.id) AS NumberOfVotes
        FROM tblvotetrn tvn
        LEFT JOIN tblvote tv 
            ON tv.votetrnid = tvn.id
            AND tv.IsActive = 1
        LEFT JOIN tblvotemst tvm
            ON tvm.id = tvn.votemstid
        GROUP BY tvn.id
    ', 0)
 2 SYSTEMPATH\Database\BaseConnection.php(738): CodeIgniter\Database\MySQLi\Connection->execute('
        SELECT 
            tvn.id,
            tvn.Candidate,
            tvn.CandidateImage,
            tvm.PositionName,
            COUNT(tv.id) AS NumberOfVotes
        FROM tblvotetrn tvn
        LEFT JOIN tblvote tv 
            ON tv.votetrnid = tvn.id
            AND tv.IsActive = 1
        LEFT JOIN tblvotemst tvm
            ON tvm.id = tvn.votemstid
        GROUP BY tvn.id
    ')
 3 SYSTEMPATH\Database\BaseConnection.php(652): CodeIgniter\Database\BaseConnection->simpleQuery('
        SELECT 
            tvn.id,
            tvn.Candidate,
            tvn.CandidateImage,
            tvm.PositionName,
            COUNT(tv.id) AS NumberOfVotes
        FROM tblvotetrn tvn
        LEFT JOIN tblvote tv 
            ON tv.votetrnid = tvn.id
            AND tv.IsActive = 1
        LEFT JOIN tblvotemst tvm
            ON tvm.id = tvn.votemstid
        GROUP BY tvn.id
    ')
 4 APPPATH\Controllers\Main.php(153): CodeIgniter\Database\BaseConnection->query('
        SELECT 
            tvn.id,
            tvn.Candidate,
            tvn.CandidateImage,
            tvm.PositionName,
            COUNT(tv.id) AS NumberOfVotes
        FROM tblvotetrn tvn
        LEFT JOIN tblvote tv 
            ON tv.votetrnid = tvn.id
            AND tv.IsActive = 1
        LEFT JOIN tblvotemst tvm
            ON tvm.id = tvn.votemstid
        GROUP BY tvn.id
    ')
 5 SYSTEMPATH\CodeIgniter.php(933): App\Controllers\Main->getDashboarddata()
 6 SYSTEMPATH\CodeIgniter.php(507): CodeIgniter\CodeIgniter->runController(Object(App\Controllers\Main))
 7 SYSTEMPATH\CodeIgniter.php(354): CodeIgniter\CodeIgniter->handleRequest(null, Object(Config\Cache), false)
 8 SYSTEMPATH\Boot.php(334): CodeIgniter\CodeIgniter->run()
 9 SYSTEMPATH\Boot.php(67): CodeIgniter\Boot::runCodeIgniter(Object(CodeIgniter\CodeIgniter))
10 FCPATH\index.php(56): CodeIgniter\Boot::bootWeb(Object(Config\Paths))
DEBUG - 2026-05-15 22:48:40 --> Session: Class initialized using 'CodeIgniter\Session\Handlers\FileHandler' driver.
ERROR - 2026-05-15 22:48:40 --> mysqli_sql_exception: Unknown column 'tvm.PositionName' in 'field list' in C:\xampp\htdocs\gscgeavotingsystem\vendor\codeigniter4\framework\system\Database\MySQLi\Connection.php:327
Stack trace:
#0 C:\xampp\htdocs\gscgeavotingsystem\vendor\codeigniter4\framework\system\Database\MySQLi\Connection.php(327): mysqli->query('\r\n        SELEC...', 0)
#1 C:\xampp\htdocs\gscgeavotingsystem\vendor\codeigniter4\framework\system\Database\BaseConnection.php(738): CodeIgniter\Database\MySQLi\Connection->execute('\r\n        SELEC...')
#2 C:\xampp\htdocs\gscgeavotingsystem\vendor\codeigniter4\framework\system\Database\BaseConnection.php(652): CodeIgniter\Database\BaseConnection->simpleQuery('\r\n        SELEC...')
#3 C:\xampp\htdocs\gscgeavotingsystem\app\Controllers\Main.php(153): CodeIgniter\Database\BaseConnection->query('\r\n        SELEC...')
#4 C:\xampp\htdocs\gscgeavotingsystem\vendor\codeigniter4\framework\system\CodeIgniter.php(933): App\Controllers\Main->getDashboarddata()
#5 C:\xampp\htdocs\gscgeavotingsystem\vendor\codeigniter4\framework\system\CodeIgniter.php(507): CodeIgniter\CodeIgniter->runController(Object(App\Controllers\Main))
#6 C:\xampp\htdocs\gscgeavotingsystem\vendor\codeigniter4\framework\system\CodeIgniter.php(354): CodeIgniter\CodeIgniter->handleRequest(NULL, Object(Config\Cache), false)
#7 C:\xampp\htdocs\gscgeavotingsystem\vendor\codeigniter4\framework\system\Boot.php(334): CodeIgniter\CodeIgniter->run()
#8 C:\xampp\htdocs\gscgeavotingsystem\vendor\codeigniter4\framework\system\Boot.php(67): CodeIgniter\Boot::runCodeIgniter(Object(CodeIgniter\CodeIgniter))
#9 C:\xampp\htdocs\gscgeavotingsystem\public\index.php(56): CodeIgniter\Boot::bootWeb(Object(Config\Paths))
#10 {main}
CRITICAL - 2026-05-15 22:48:40 --> CodeIgniter\Database\Exceptions\DatabaseException: Unknown column 'tvm.PositionName' in 'field list'
[Method: GET, Route: main/dashboarddata]
in SYSTEMPATH\Database\BaseConnection.php on line 692.
 1 APPPATH\Controllers\Main.php(153): CodeIgniter\Database\BaseConnection->query('
        SELECT 
            tvn.id,
            tvn.Candidate,
            tvn.CandidateImage,
            tvm.PositionName,
            COUNT(tv.id) AS NumberOfVotes
        FROM tblvotetrn tvn
        LEFT JOIN tblvote tv 
            ON tv.votetrnid = tvn.id
            AND tv.IsActive = 1
        LEFT JOIN tblvotemst tvm
            ON tvm.id = tvn.votemstid
        GROUP BY tvn.id
    ')
 2 SYSTEMPATH\CodeIgniter.php(933): App\Controllers\Main->getDashboarddata()
 3 SYSTEMPATH\CodeIgniter.php(507): CodeIgniter\CodeIgniter->runController(Object(App\Controllers\Main))
 4 SYSTEMPATH\CodeIgniter.php(354): CodeIgniter\CodeIgniter->handleRequest(null, Object(Config\Cache), false)
 5 SYSTEMPATH\Boot.php(334): CodeIgniter\CodeIgniter->run()
 6 SYSTEMPATH\Boot.php(67): CodeIgniter\Boot::runCodeIgniter(Object(CodeIgniter\CodeIgniter))
 7 FCPATH\index.php(56): CodeIgniter\Boot::bootWeb(Object(Config\Paths))
CRITICAL - 2026-05-15 22:48:40 --> [Caused by] CodeIgniter\Database\Exceptions\DatabaseException: Unknown column 'tvm.PositionName' in 'field list'
in SYSTEMPATH\Database\MySQLi\Connection.php on line 332.
 1 SYSTEMPATH\Database\BaseConnection.php(738): CodeIgniter\Database\MySQLi\Connection->execute('
        SELECT 
            tvn.id,
            tvn.Candidate,
            tvn.CandidateImage,
            tvm.PositionName,
            COUNT(tv.id) AS NumberOfVotes
        FROM tblvotetrn tvn
        LEFT JOIN tblvote tv 
            ON tv.votetrnid = tvn.id
            AND tv.IsActive = 1
        LEFT JOIN tblvotemst tvm
            ON tvm.id = tvn.votemstid
        GROUP BY tvn.id
    ')
 2 SYSTEMPATH\Database\BaseConnection.php(652): CodeIgniter\Database\BaseConnection->simpleQuery('
        SELECT 
            tvn.id,
            tvn.Candidate,
            tvn.CandidateImage,
            tvm.PositionName,
            COUNT(tv.id) AS NumberOfVotes
        FROM tblvotetrn tvn
        LEFT JOIN tblvote tv 
            ON tv.votetrnid = tvn.id
            AND tv.IsActive = 1
        LEFT JOIN tblvotemst tvm
            ON tvm.id = tvn.votemstid
        GROUP BY tvn.id
    ')
 3 APPPATH\Controllers\Main.php(153): CodeIgniter\Database\BaseConnection->query('
        SELECT 
            tvn.id,
            tvn.Candidate,
            tvn.CandidateImage,
            tvm.PositionName,
            COUNT(tv.id) AS NumberOfVotes
        FROM tblvotetrn tvn
        LEFT JOIN tblvote tv 
            ON tv.votetrnid = tvn.id
            AND tv.IsActive = 1
        LEFT JOIN tblvotemst tvm
            ON tvm.id = tvn.votemstid
        GROUP BY tvn.id
    ')
 4 SYSTEMPATH\CodeIgniter.php(933): App\Controllers\Main->getDashboarddata()
 5 SYSTEMPATH\CodeIgniter.php(507): CodeIgniter\CodeIgniter->runController(Object(App\Controllers\Main))
 6 SYSTEMPATH\CodeIgniter.php(354): CodeIgniter\CodeIgniter->handleRequest(null, Object(Config\Cache), false)
 7 SYSTEMPATH\Boot.php(334): CodeIgniter\CodeIgniter->run()
 8 SYSTEMPATH\Boot.php(67): CodeIgniter\Boot::runCodeIgniter(Object(CodeIgniter\CodeIgniter))
 9 FCPATH\index.php(56): CodeIgniter\Boot::bootWeb(Object(Config\Paths))
CRITICAL - 2026-05-15 22:48:40 --> [Caused by] mysqli_sql_exception: Unknown column 'tvm.PositionName' in 'field list'
in SYSTEMPATH\Database\MySQLi\Connection.php on line 327.
 1 SYSTEMPATH\Database\MySQLi\Connection.php(327): mysqli->query('
        SELECT 
            tvn.id,
            tvn.Candidate,
            tvn.CandidateImage,
            tvm.PositionName,
            COUNT(tv.id) AS NumberOfVotes
        FROM tblvotetrn tvn
        LEFT JOIN tblvote tv 
            ON tv.votetrnid = tvn.id
            AND tv.IsActive = 1
        LEFT JOIN tblvotemst tvm
            ON tvm.id = tvn.votemstid
        GROUP BY tvn.id
    ', 0)
 2 SYSTEMPATH\Database\BaseConnection.php(738): CodeIgniter\Database\MySQLi\Connection->execute('
        SELECT 
            tvn.id,
            tvn.Candidate,
            tvn.CandidateImage,
            tvm.PositionName,
            COUNT(tv.id) AS NumberOfVotes
        FROM tblvotetrn tvn
        LEFT JOIN tblvote tv 
            ON tv.votetrnid = tvn.id
            AND tv.IsActive = 1
        LEFT JOIN tblvotemst tvm
            ON tvm.id = tvn.votemstid
        GROUP BY tvn.id
    ')
 3 SYSTEMPATH\Database\BaseConnection.php(652): CodeIgniter\Database\BaseConnection->simpleQuery('
        SELECT 
            tvn.id,
            tvn.Candidate,
            tvn.CandidateImage,
            tvm.PositionName,
            COUNT(tv.id) AS NumberOfVotes
        FROM tblvotetrn tvn
        LEFT JOIN tblvote tv 
            ON tv.votetrnid = tvn.id
            AND tv.IsActive = 1
        LEFT JOIN tblvotemst tvm
            ON tvm.id = tvn.votemstid
        GROUP BY tvn.id
    ')
 4 APPPATH\Controllers\Main.php(153): CodeIgniter\Database\BaseConnection->query('
        SELECT 
            tvn.id,
            tvn.Candidate,
            tvn.CandidateImage,
            tvm.PositionName,
            COUNT(tv.id) AS NumberOfVotes
        FROM tblvotetrn tvn
        LEFT JOIN tblvote tv 
            ON tv.votetrnid = tvn.id
            AND tv.IsActive = 1
        LEFT JOIN tblvotemst tvm
            ON tvm.id = tvn.votemstid
        GROUP BY tvn.id
    ')
 5 SYSTEMPATH\CodeIgniter.php(933): App\Controllers\Main->getDashboarddata()
 6 SYSTEMPATH\CodeIgniter.php(507): CodeIgniter\CodeIgniter->runController(Object(App\Controllers\Main))
 7 SYSTEMPATH\CodeIgniter.php(354): CodeIgniter\CodeIgniter->handleRequest(null, Object(Config\Cache), false)
 8 SYSTEMPATH\Boot.php(334): CodeIgniter\CodeIgniter->run()
 9 SYSTEMPATH\Boot.php(67): CodeIgniter\Boot::runCodeIgniter(Object(CodeIgniter\CodeIgniter))
10 FCPATH\index.php(56): CodeIgniter\Boot::bootWeb(Object(Config\Paths))
DEBUG - 2026-05-15 22:48:50 --> Session: Class initialized using 'CodeIgniter\Session\Handlers\FileHandler' driver.
ERROR - 2026-05-15 22:48:50 --> mysqli_sql_exception: Unknown column 'tvm.PositionName' in 'field list' in C:\xampp\htdocs\gscgeavotingsystem\vendor\codeigniter4\framework\system\Database\MySQLi\Connection.php:327
Stack trace:
#0 C:\xampp\htdocs\gscgeavotingsystem\vendor\codeigniter4\framework\system\Database\MySQLi\Connection.php(327): mysqli->query('\r\n        SELEC...', 0)
#1 C:\xampp\htdocs\gscgeavotingsystem\vendor\codeigniter4\framework\system\Database\BaseConnection.php(738): CodeIgniter\Database\MySQLi\Connection->execute('\r\n        SELEC...')
#2 C:\xampp\htdocs\gscgeavotingsystem\vendor\codeigniter4\framework\system\Database\BaseConnection.php(652): CodeIgniter\Database\BaseConnection->simpleQuery('\r\n        SELEC...')
#3 C:\xampp\htdocs\gscgeavotingsystem\app\Controllers\Main.php(153): CodeIgniter\Database\BaseConnection->query('\r\n        SELEC...')
#4 C:\xampp\htdocs\gscgeavotingsystem\vendor\codeigniter4\framework\system\CodeIgniter.php(933): App\Controllers\Main->getDashboarddata()
#5 C:\xampp\htdocs\gscgeavotingsystem\vendor\codeigniter4\framework\system\CodeIgniter.php(507): CodeIgniter\CodeIgniter->runController(Object(App\Controllers\Main))
#6 C:\xampp\htdocs\gscgeavotingsystem\vendor\codeigniter4\framework\system\CodeIgniter.php(354): CodeIgniter\CodeIgniter->handleRequest(NULL, Object(Config\Cache), false)
#7 C:\xampp\htdocs\gscgeavotingsystem\vendor\codeigniter4\framework\system\Boot.php(334): CodeIgniter\CodeIgniter->run()
#8 C:\xampp\htdocs\gscgeavotingsystem\vendor\codeigniter4\framework\system\Boot.php(67): CodeIgniter\Boot::runCodeIgniter(Object(CodeIgniter\CodeIgniter))
#9 C:\xampp\htdocs\gscgeavotingsystem\public\index.php(56): CodeIgniter\Boot::bootWeb(Object(Config\Paths))
#10 {main}
CRITICAL - 2026-05-15 22:48:50 --> CodeIgniter\Database\Exceptions\DatabaseException: Unknown column 'tvm.PositionName' in 'field list'
[Method: GET, Route: main/dashboarddata]
in SYSTEMPATH\Database\BaseConnection.php on line 692.
 1 APPPATH\Controllers\Main.php(153): CodeIgniter\Database\BaseConnection->query('
        SELECT 
            tvn.id,
            tvn.Candidate,
            tvn.CandidateImage,
            tvm.PositionName,
            COUNT(tv.id) AS NumberOfVotes
        FROM tblvotetrn tvn
        LEFT JOIN tblvote tv 
            ON tv.votetrnid = tvn.id
            AND tv.IsActive = 1
        LEFT JOIN tblvotemst tvm
            ON tvm.id = tvn.votemstid
        GROUP BY tvn.id
    ')
 2 SYSTEMPATH\CodeIgniter.php(933): App\Controllers\Main->getDashboarddata()
 3 SYSTEMPATH\CodeIgniter.php(507): CodeIgniter\CodeIgniter->runController(Object(App\Controllers\Main))
 4 SYSTEMPATH\CodeIgniter.php(354): CodeIgniter\CodeIgniter->handleRequest(null, Object(Config\Cache), false)
 5 SYSTEMPATH\Boot.php(334): CodeIgniter\CodeIgniter->run()
 6 SYSTEMPATH\Boot.php(67): CodeIgniter\Boot::runCodeIgniter(Object(CodeIgniter\CodeIgniter))
 7 FCPATH\index.php(56): CodeIgniter\Boot::bootWeb(Object(Config\Paths))
CRITICAL - 2026-05-15 22:48:50 --> [Caused by] CodeIgniter\Database\Exceptions\DatabaseException: Unknown column 'tvm.PositionName' in 'field list'
in SYSTEMPATH\Database\MySQLi\Connection.php on line 332.
 1 SYSTEMPATH\Database\BaseConnection.php(738): CodeIgniter\Database\MySQLi\Connection->execute('
        SELECT 
            tvn.id,
            tvn.Candidate,
            tvn.CandidateImage,
            tvm.PositionName,
            COUNT(tv.id) AS NumberOfVotes
        FROM tblvotetrn tvn
        LEFT JOIN tblvote tv 
            ON tv.votetrnid = tvn.id
            AND tv.IsActive = 1
        LEFT JOIN tblvotemst tvm
            ON tvm.id = tvn.votemstid
        GROUP BY tvn.id
    ')
 2 SYSTEMPATH\Database\BaseConnection.php(652): CodeIgniter\Database\BaseConnection->simpleQuery('
        SELECT 
            tvn.id,
            tvn.Candidate,
            tvn.CandidateImage,
            tvm.PositionName,
            COUNT(tv.id) AS NumberOfVotes
        FROM tblvotetrn tvn
        LEFT JOIN tblvote tv 
            ON tv.votetrnid = tvn.id
            AND tv.IsActive = 1
        LEFT JOIN tblvotemst tvm
            ON tvm.id = tvn.votemstid
        GROUP BY tvn.id
    ')
 3 APPPATH\Controllers\Main.php(153): CodeIgniter\Database\BaseConnection->query('
        SELECT 
            tvn.id,
            tvn.Candidate,
            tvn.CandidateImage,
            tvm.PositionName,
            COUNT(tv.id) AS NumberOfVotes
        FROM tblvotetrn tvn
        LEFT JOIN tblvote tv 
            ON tv.votetrnid = tvn.id
            AND tv.IsActive = 1
        LEFT JOIN tblvotemst tvm
            ON tvm.id = tvn.votemstid
        GROUP BY tvn.id
    ')
 4 SYSTEMPATH\CodeIgniter.php(933): App\Controllers\Main->getDashboarddata()
 5 SYSTEMPATH\CodeIgniter.php(507): CodeIgniter\CodeIgniter->runController(Object(App\Controllers\Main))
 6 SYSTEMPATH\CodeIgniter.php(354): CodeIgniter\CodeIgniter->handleRequest(null, Object(Config\Cache), false)
 7 SYSTEMPATH\Boot.php(334): CodeIgniter\CodeIgniter->run()
 8 SYSTEMPATH\Boot.php(67): CodeIgniter\Boot::runCodeIgniter(Object(CodeIgniter\CodeIgniter))
 9 FCPATH\index.php(56): CodeIgniter\Boot::bootWeb(Object(Config\Paths))
CRITICAL - 2026-05-15 22:48:50 --> [Caused by] mysqli_sql_exception: Unknown column 'tvm.PositionName' in 'field list'
in SYSTEMPATH\Database\MySQLi\Connection.php on line 327.
 1 SYSTEMPATH\Database\MySQLi\Connection.php(327): mysqli->query('
        SELECT 
            tvn.id,
            tvn.Candidate,
            tvn.CandidateImage,
            tvm.PositionName,
            COUNT(tv.id) AS NumberOfVotes
        FROM tblvotetrn tvn
        LEFT JOIN tblvote tv 
            ON tv.votetrnid = tvn.id
            AND tv.IsActive = 1
        LEFT JOIN tblvotemst tvm
            ON tvm.id = tvn.votemstid
        GROUP BY tvn.id
    ', 0)
 2 SYSTEMPATH\Database\BaseConnection.php(738): CodeIgniter\Database\MySQLi\Connection->execute('
        SELECT 
            tvn.id,
            tvn.Candidate,
            tvn.CandidateImage,
            tvm.PositionName,
            COUNT(tv.id) AS NumberOfVotes
        FROM tblvotetrn tvn
        LEFT JOIN tblvote tv 
            ON tv.votetrnid = tvn.id
            AND tv.IsActive = 1
        LEFT JOIN tblvotemst tvm
            ON tvm.id = tvn.votemstid
        GROUP BY tvn.id
    ')
 3 SYSTEMPATH\Database\BaseConnection.php(652): CodeIgniter\Database\BaseConnection->simpleQuery('
        SELECT 
            tvn.id,
            tvn.Candidate,
            tvn.CandidateImage,
            tvm.PositionName,
            COUNT(tv.id) AS NumberOfVotes
        FROM tblvotetrn tvn
        LEFT JOIN tblvote tv 
            ON tv.votetrnid = tvn.id
            AND tv.IsActive = 1
        LEFT JOIN tblvotemst tvm
            ON tvm.id = tvn.votemstid
        GROUP BY tvn.id
    ')
 4 APPPATH\Controllers\Main.php(153): CodeIgniter\Database\BaseConnection->query('
        SELECT 
            tvn.id,
            tvn.Candidate,
            tvn.CandidateImage,
            tvm.PositionName,
            COUNT(tv.id) AS NumberOfVotes
        FROM tblvotetrn tvn
        LEFT JOIN tblvote tv 
            ON tv.votetrnid = tvn.id
            AND tv.IsActive = 1
        LEFT JOIN tblvotemst tvm
            ON tvm.id = tvn.votemstid
        GROUP BY tvn.id
    ')
 5 SYSTEMPATH\CodeIgniter.php(933): App\Controllers\Main->getDashboarddata()
 6 SYSTEMPATH\CodeIgniter.php(507): CodeIgniter\CodeIgniter->runController(Object(App\Controllers\Main))
 7 SYSTEMPATH\CodeIgniter.php(354): CodeIgniter\CodeIgniter->handleRequest(null, Object(Config\Cache), false)
 8 SYSTEMPATH\Boot.php(334): CodeIgniter\CodeIgniter->run()
 9 SYSTEMPATH\Boot.php(67): CodeIgniter\Boot::runCodeIgniter(Object(CodeIgniter\CodeIgniter))
10 FCPATH\index.php(56): CodeIgniter\Boot::bootWeb(Object(Config\Paths))
DEBUG - 2026-05-15 22:49:00 --> Session: Class initialized using 'CodeIgniter\Session\Handlers\FileHandler' driver.
ERROR - 2026-05-15 22:49:01 --> mysqli_sql_exception: Unknown column 'tvm.PositionName' in 'field list' in C:\xampp\htdocs\gscgeavotingsystem\vendor\codeigniter4\framework\system\Database\MySQLi\Connection.php:327
Stack trace:
#0 C:\xampp\htdocs\gscgeavotingsystem\vendor\codeigniter4\framework\system\Database\MySQLi\Connection.php(327): mysqli->query('\r\n        SELEC...', 0)
#1 C:\xampp\htdocs\gscgeavotingsystem\vendor\codeigniter4\framework\system\Database\BaseConnection.php(738): CodeIgniter\Database\MySQLi\Connection->execute('\r\n        SELEC...')
#2 C:\xampp\htdocs\gscgeavotingsystem\vendor\codeigniter4\framework\system\Database\BaseConnection.php(652): CodeIgniter\Database\BaseConnection->simpleQuery('\r\n        SELEC...')
#3 C:\xampp\htdocs\gscgeavotingsystem\app\Controllers\Main.php(153): CodeIgniter\Database\BaseConnection->query('\r\n        SELEC...')
#4 C:\xampp\htdocs\gscgeavotingsystem\vendor\codeigniter4\framework\system\CodeIgniter.php(933): App\Controllers\Main->getDashboarddata()
#5 C:\xampp\htdocs\gscgeavotingsystem\vendor\codeigniter4\framework\system\CodeIgniter.php(507): CodeIgniter\CodeIgniter->runController(Object(App\Controllers\Main))
#6 C:\xampp\htdocs\gscgeavotingsystem\vendor\codeigniter4\framework\system\CodeIgniter.php(354): CodeIgniter\CodeIgniter->handleRequest(NULL, Object(Config\Cache), false)
#7 C:\xampp\htdocs\gscgeavotingsystem\vendor\codeigniter4\framework\system\Boot.php(334): CodeIgniter\CodeIgniter->run()
#8 C:\xampp\htdocs\gscgeavotingsystem\vendor\codeigniter4\framework\system\Boot.php(67): CodeIgniter\Boot::runCodeIgniter(Object(CodeIgniter\CodeIgniter))
#9 C:\xampp\htdocs\gscgeavotingsystem\public\index.php(56): CodeIgniter\Boot::bootWeb(Object(Config\Paths))
#10 {main}
CRITICAL - 2026-05-15 22:49:01 --> CodeIgniter\Database\Exceptions\DatabaseException: Unknown column 'tvm.PositionName' in 'field list'
[Method: GET, Route: main/dashboarddata]
in SYSTEMPATH\Database\BaseConnection.php on line 692.
 1 APPPATH\Controllers\Main.php(153): CodeIgniter\Database\BaseConnection->query('
        SELECT 
            tvn.id,
            tvn.Candidate,
            tvn.CandidateImage,
            tvm.PositionName,
            COUNT(tv.id) AS NumberOfVotes
        FROM tblvotetrn tvn
        LEFT JOIN tblvote tv 
            ON tv.votetrnid = tvn.id
            AND tv.IsActive = 1
        LEFT JOIN tblvotemst tvm
            ON tvm.id = tvn.votemstid
        GROUP BY tvn.id
    ')
 2 SYSTEMPATH\CodeIgniter.php(933): App\Controllers\Main->getDashboarddata()
 3 SYSTEMPATH\CodeIgniter.php(507): CodeIgniter\CodeIgniter->runController(Object(App\Controllers\Main))
 4 SYSTEMPATH\CodeIgniter.php(354): CodeIgniter\CodeIgniter->handleRequest(null, Object(Config\Cache), false)
 5 SYSTEMPATH\Boot.php(334): CodeIgniter\CodeIgniter->run()
 6 SYSTEMPATH\Boot.php(67): CodeIgniter\Boot::runCodeIgniter(Object(CodeIgniter\CodeIgniter))
 7 FCPATH\index.php(56): CodeIgniter\Boot::bootWeb(Object(Config\Paths))
CRITICAL - 2026-05-15 22:49:01 --> [Caused by] CodeIgniter\Database\Exceptions\DatabaseException: Unknown column 'tvm.PositionName' in 'field list'
in SYSTEMPATH\Database\MySQLi\Connection.php on line 332.
 1 SYSTEMPATH\Database\BaseConnection.php(738): CodeIgniter\Database\MySQLi\Connection->execute('
        SELECT 
            tvn.id,
            tvn.Candidate,
            tvn.CandidateImage,
            tvm.PositionName,
            COUNT(tv.id) AS NumberOfVotes
        FROM tblvotetrn tvn
        LEFT JOIN tblvote tv 
            ON tv.votetrnid = tvn.id
            AND tv.IsActive = 1
        LEFT JOIN tblvotemst tvm
            ON tvm.id = tvn.votemstid
        GROUP BY tvn.id
    ')
 2 SYSTEMPATH\Database\BaseConnection.php(652): CodeIgniter\Database\BaseConnection->simpleQuery('
        SELECT 
            tvn.id,
            tvn.Candidate,
            tvn.CandidateImage,
            tvm.PositionName,
            COUNT(tv.id) AS NumberOfVotes
        FROM tblvotetrn tvn
        LEFT JOIN tblvote tv 
            ON tv.votetrnid = tvn.id
            AND tv.IsActive = 1
        LEFT JOIN tblvotemst tvm
            ON tvm.id = tvn.votemstid
        GROUP BY tvn.id
    ')
 3 APPPATH\Controllers\Main.php(153): CodeIgniter\Database\BaseConnection->query('
        SELECT 
            tvn.id,
            tvn.Candidate,
            tvn.CandidateImage,
            tvm.PositionName,
            COUNT(tv.id) AS NumberOfVotes
        FROM tblvotetrn tvn
        LEFT JOIN tblvote tv 
            ON tv.votetrnid = tvn.id
            AND tv.IsActive = 1
        LEFT JOIN tblvotemst tvm
            ON tvm.id = tvn.votemstid
        GROUP BY tvn.id
    ')
 4 SYSTEMPATH\CodeIgniter.php(933): App\Controllers\Main->getDashboarddata()
 5 SYSTEMPATH\CodeIgniter.php(507): CodeIgniter\CodeIgniter->runController(Object(App\Controllers\Main))
 6 SYSTEMPATH\CodeIgniter.php(354): CodeIgniter\CodeIgniter->handleRequest(null, Object(Config\Cache), false)
 7 SYSTEMPATH\Boot.php(334): CodeIgniter\CodeIgniter->run()
 8 SYSTEMPATH\Boot.php(67): CodeIgniter\Boot::runCodeIgniter(Object(CodeIgniter\CodeIgniter))
 9 FCPATH\index.php(56): CodeIgniter\Boot::bootWeb(Object(Config\Paths))
CRITICAL - 2026-05-15 22:49:01 --> [Caused by] mysqli_sql_exception: Unknown column 'tvm.PositionName' in 'field list'
in SYSTEMPATH\Database\MySQLi\Connection.php on line 327.
 1 SYSTEMPATH\Database\MySQLi\Connection.php(327): mysqli->query('
        SELECT 
            tvn.id,
            tvn.Candidate,
            tvn.CandidateImage,
            tvm.PositionName,
            COUNT(tv.id) AS NumberOfVotes
        FROM tblvotetrn tvn
        LEFT JOIN tblvote tv 
            ON tv.votetrnid = tvn.id
            AND tv.IsActive = 1
        LEFT JOIN tblvotemst tvm
            ON tvm.id = tvn.votemstid
        GROUP BY tvn.id
    ', 0)
 2 SYSTEMPATH\Database\BaseConnection.php(738): CodeIgniter\Database\MySQLi\Connection->execute('
        SELECT 
            tvn.id,
            tvn.Candidate,
            tvn.CandidateImage,
            tvm.PositionName,
            COUNT(tv.id) AS NumberOfVotes
        FROM tblvotetrn tvn
        LEFT JOIN tblvote tv 
            ON tv.votetrnid = tvn.id
            AND tv.IsActive = 1
        LEFT JOIN tblvotemst tvm
            ON tvm.id = tvn.votemstid
        GROUP BY tvn.id
    ')
 3 SYSTEMPATH\Database\BaseConnection.php(652): CodeIgniter\Database\BaseConnection->simpleQuery('
        SELECT 
            tvn.id,
            tvn.Candidate,
            tvn.CandidateImage,
            tvm.PositionName,
            COUNT(tv.id) AS NumberOfVotes
        FROM tblvotetrn tvn
        LEFT JOIN tblvote tv 
            ON tv.votetrnid = tvn.id
            AND tv.IsActive = 1
        LEFT JOIN tblvotemst tvm
            ON tvm.id = tvn.votemstid
        GROUP BY tvn.id
    ')
 4 APPPATH\Controllers\Main.php(153): CodeIgniter\Database\BaseConnection->query('
        SELECT 
            tvn.id,
            tvn.Candidate,
            tvn.CandidateImage,
            tvm.PositionName,
            COUNT(tv.id) AS NumberOfVotes
        FROM tblvotetrn tvn
        LEFT JOIN tblvote tv 
            ON tv.votetrnid = tvn.id
            AND tv.IsActive = 1
        LEFT JOIN tblvotemst tvm
            ON tvm.id = tvn.votemstid
        GROUP BY tvn.id
    ')
 5 SYSTEMPATH\CodeIgniter.php(933): App\Controllers\Main->getDashboarddata()
 6 SYSTEMPATH\CodeIgniter.php(507): CodeIgniter\CodeIgniter->runController(Object(App\Controllers\Main))
 7 SYSTEMPATH\CodeIgniter.php(354): CodeIgniter\CodeIgniter->handleRequest(null, Object(Config\Cache), false)
 8 SYSTEMPATH\Boot.php(334): CodeIgniter\CodeIgniter->run()
 9 SYSTEMPATH\Boot.php(67): CodeIgniter\Boot::runCodeIgniter(Object(CodeIgniter\CodeIgniter))
10 FCPATH\index.php(56): CodeIgniter\Boot::bootWeb(Object(Config\Paths))
DEBUG - 2026-05-15 22:49:10 --> Session: Class initialized using 'CodeIgniter\Session\Handlers\FileHandler' driver.
ERROR - 2026-05-15 22:49:11 --> mysqli_sql_exception: Unknown column 'tvm.PositionName' in 'field list' in C:\xampp\htdocs\gscgeavotingsystem\vendor\codeigniter4\framework\system\Database\MySQLi\Connection.php:327
Stack trace:
#0 C:\xampp\htdocs\gscgeavotingsystem\vendor\codeigniter4\framework\system\Database\MySQLi\Connection.php(327): mysqli->query('\r\n        SELEC...', 0)
#1 C:\xampp\htdocs\gscgeavotingsystem\vendor\codeigniter4\framework\system\Database\BaseConnection.php(738): CodeIgniter\Database\MySQLi\Connection->execute('\r\n        SELEC...')
#2 C:\xampp\htdocs\gscgeavotingsystem\vendor\codeigniter4\framework\system\Database\BaseConnection.php(652): CodeIgniter\Database\BaseConnection->simpleQuery('\r\n        SELEC...')
#3 C:\xampp\htdocs\gscgeavotingsystem\app\Controllers\Main.php(153): CodeIgniter\Database\BaseConnection->query('\r\n        SELEC...')
#4 C:\xampp\htdocs\gscgeavotingsystem\vendor\codeigniter4\framework\system\CodeIgniter.php(933): App\Controllers\Main->getDashboarddata()
#5 C:\xampp\htdocs\gscgeavotingsystem\vendor\codeigniter4\framework\system\CodeIgniter.php(507): CodeIgniter\CodeIgniter->runController(Object(App\Controllers\Main))
#6 C:\xampp\htdocs\gscgeavotingsystem\vendor\codeigniter4\framework\system\CodeIgniter.php(354): CodeIgniter\CodeIgniter->handleRequest(NULL, Object(Config\Cache), false)
#7 C:\xampp\htdocs\gscgeavotingsystem\vendor\codeigniter4\framework\system\Boot.php(334): CodeIgniter\CodeIgniter->run()
#8 C:\xampp\htdocs\gscgeavotingsystem\vendor\codeigniter4\framework\system\Boot.php(67): CodeIgniter\Boot::runCodeIgniter(Object(CodeIgniter\CodeIgniter))
#9 C:\xampp\htdocs\gscgeavotingsystem\public\index.php(56): CodeIgniter\Boot::bootWeb(Object(Config\Paths))
#10 {main}
CRITICAL - 2026-05-15 22:49:11 --> CodeIgniter\Database\Exceptions\DatabaseException: Unknown column 'tvm.PositionName' in 'field list'
[Method: GET, Route: main/dashboarddata]
in SYSTEMPATH\Database\BaseConnection.php on line 692.
 1 APPPATH\Controllers\Main.php(153): CodeIgniter\Database\BaseConnection->query('
        SELECT 
            tvn.id,
            tvn.Candidate,
            tvn.CandidateImage,
            tvm.PositionName,
            COUNT(tv.id) AS NumberOfVotes
        FROM tblvotetrn tvn
        LEFT JOIN tblvote tv 
            ON tv.votetrnid = tvn.id
            AND tv.IsActive = 1
        LEFT JOIN tblvotemst tvm
            ON tvm.id = tvn.votemstid
        GROUP BY tvn.id
    ')
 2 SYSTEMPATH\CodeIgniter.php(933): App\Controllers\Main->getDashboarddata()
 3 SYSTEMPATH\CodeIgniter.php(507): CodeIgniter\CodeIgniter->runController(Object(App\Controllers\Main))
 4 SYSTEMPATH\CodeIgniter.php(354): CodeIgniter\CodeIgniter->handleRequest(null, Object(Config\Cache), false)
 5 SYSTEMPATH\Boot.php(334): CodeIgniter\CodeIgniter->run()
 6 SYSTEMPATH\Boot.php(67): CodeIgniter\Boot::runCodeIgniter(Object(CodeIgniter\CodeIgniter))
 7 FCPATH\index.php(56): CodeIgniter\Boot::bootWeb(Object(Config\Paths))
CRITICAL - 2026-05-15 22:49:11 --> [Caused by] CodeIgniter\Database\Exceptions\DatabaseException: Unknown column 'tvm.PositionName' in 'field list'
in SYSTEMPATH\Database\MySQLi\Connection.php on line 332.
 1 SYSTEMPATH\Database\BaseConnection.php(738): CodeIgniter\Database\MySQLi\Connection->execute('
        SELECT 
            tvn.id,
            tvn.Candidate,
            tvn.CandidateImage,
            tvm.PositionName,
            COUNT(tv.id) AS NumberOfVotes
        FROM tblvotetrn tvn
        LEFT JOIN tblvote tv 
            ON tv.votetrnid = tvn.id
            AND tv.IsActive = 1
        LEFT JOIN tblvotemst tvm
            ON tvm.id = tvn.votemstid
        GROUP BY tvn.id
    ')
 2 SYSTEMPATH\Database\BaseConnection.php(652): CodeIgniter\Database\BaseConnection->simpleQuery('
        SELECT 
            tvn.id,
            tvn.Candidate,
            tvn.CandidateImage,
            tvm.PositionName,
            COUNT(tv.id) AS NumberOfVotes
        FROM tblvotetrn tvn
        LEFT JOIN tblvote tv 
            ON tv.votetrnid = tvn.id
            AND tv.IsActive = 1
        LEFT JOIN tblvotemst tvm
            ON tvm.id = tvn.votemstid
        GROUP BY tvn.id
    ')
 3 APPPATH\Controllers\Main.php(153): CodeIgniter\Database\BaseConnection->query('
        SELECT 
            tvn.id,
            tvn.Candidate,
            tvn.CandidateImage,
            tvm.PositionName,
            COUNT(tv.id) AS NumberOfVotes
        FROM tblvotetrn tvn
        LEFT JOIN tblvote tv 
            ON tv.votetrnid = tvn.id
            AND tv.IsActive = 1
        LEFT JOIN tblvotemst tvm
            ON tvm.id = tvn.votemstid
        GROUP BY tvn.id
    ')
 4 SYSTEMPATH\CodeIgniter.php(933): App\Controllers\Main->getDashboarddata()
 5 SYSTEMPATH\CodeIgniter.php(507): CodeIgniter\CodeIgniter->runController(Object(App\Controllers\Main))
 6 SYSTEMPATH\CodeIgniter.php(354): CodeIgniter\CodeIgniter->handleRequest(null, Object(Config\Cache), false)
 7 SYSTEMPATH\Boot.php(334): CodeIgniter\CodeIgniter->run()
 8 SYSTEMPATH\Boot.php(67): CodeIgniter\Boot::runCodeIgniter(Object(CodeIgniter\CodeIgniter))
 9 FCPATH\index.php(56): CodeIgniter\Boot::bootWeb(Object(Config\Paths))
CRITICAL - 2026-05-15 22:49:11 --> [Caused by] mysqli_sql_exception: Unknown column 'tvm.PositionName' in 'field list'
in SYSTEMPATH\Database\MySQLi\Connection.php on line 327.
 1 SYSTEMPATH\Database\MySQLi\Connection.php(327): mysqli->query('
        SELECT 
            tvn.id,
            tvn.Candidate,
            tvn.CandidateImage,
            tvm.PositionName,
            COUNT(tv.id) AS NumberOfVotes
        FROM tblvotetrn tvn
        LEFT JOIN tblvote tv 
            ON tv.votetrnid = tvn.id
            AND tv.IsActive = 1
        LEFT JOIN tblvotemst tvm
            ON tvm.id = tvn.votemstid
        GROUP BY tvn.id
    ', 0)
 2 SYSTEMPATH\Database\BaseConnection.php(738): CodeIgniter\Database\MySQLi\Connection->execute('
        SELECT 
            tvn.id,
            tvn.Candidate,
            tvn.CandidateImage,
            tvm.PositionName,
            COUNT(tv.id) AS NumberOfVotes
        FROM tblvotetrn tvn
        LEFT JOIN tblvote tv 
            ON tv.votetrnid = tvn.id
            AND tv.IsActive = 1
        LEFT JOIN tblvotemst tvm
            ON tvm.id = tvn.votemstid
        GROUP BY tvn.id
    ')
 3 SYSTEMPATH\Database\BaseConnection.php(652): CodeIgniter\Database\BaseConnection->simpleQuery('
        SELECT 
            tvn.id,
            tvn.Candidate,
            tvn.CandidateImage,
            tvm.PositionName,
            COUNT(tv.id) AS NumberOfVotes
        FROM tblvotetrn tvn
        LEFT JOIN tblvote tv 
            ON tv.votetrnid = tvn.id
            AND tv.IsActive = 1
        LEFT JOIN tblvotemst tvm
            ON tvm.id = tvn.votemstid
        GROUP BY tvn.id
    ')
 4 APPPATH\Controllers\Main.php(153): CodeIgniter\Database\BaseConnection->query('
        SELECT 
            tvn.id,
            tvn.Candidate,
            tvn.CandidateImage,
            tvm.PositionName,
            COUNT(tv.id) AS NumberOfVotes
        FROM tblvotetrn tvn
        LEFT JOIN tblvote tv 
            ON tv.votetrnid = tvn.id
            AND tv.IsActive = 1
        LEFT JOIN tblvotemst tvm
            ON tvm.id = tvn.votemstid
        GROUP BY tvn.id
    ')
 5 SYSTEMPATH\CodeIgniter.php(933): App\Controllers\Main->getDashboarddata()
 6 SYSTEMPATH\CodeIgniter.php(507): CodeIgniter\CodeIgniter->runController(Object(App\Controllers\Main))
 7 SYSTEMPATH\CodeIgniter.php(354): CodeIgniter\CodeIgniter->handleRequest(null, Object(Config\Cache), false)
 8 SYSTEMPATH\Boot.php(334): CodeIgniter\CodeIgniter->run()
 9 SYSTEMPATH\Boot.php(67): CodeIgniter\Boot::runCodeIgniter(Object(CodeIgniter\CodeIgniter))
10 FCPATH\index.php(56): CodeIgniter\Boot::bootWeb(Object(Config\Paths))
DEBUG - 2026-05-15 22:49:20 --> Session: Class initialized using 'CodeIgniter\Session\Handlers\FileHandler' driver.
ERROR - 2026-05-15 22:49:21 --> mysqli_sql_exception: Unknown column 'tvm.PositionName' in 'field list' in C:\xampp\htdocs\gscgeavotingsystem\vendor\codeigniter4\framework\system\Database\MySQLi\Connection.php:327
Stack trace:
#0 C:\xampp\htdocs\gscgeavotingsystem\vendor\codeigniter4\framework\system\Database\MySQLi\Connection.php(327): mysqli->query('\r\n        SELEC...', 0)
#1 C:\xampp\htdocs\gscgeavotingsystem\vendor\codeigniter4\framework\system\Database\BaseConnection.php(738): CodeIgniter\Database\MySQLi\Connection->execute('\r\n        SELEC...')
#2 C:\xampp\htdocs\gscgeavotingsystem\vendor\codeigniter4\framework\system\Database\BaseConnection.php(652): CodeIgniter\Database\BaseConnection->simpleQuery('\r\n        SELEC...')
#3 C:\xampp\htdocs\gscgeavotingsystem\app\Controllers\Main.php(153): CodeIgniter\Database\BaseConnection->query('\r\n        SELEC...')
#4 C:\xampp\htdocs\gscgeavotingsystem\vendor\codeigniter4\framework\system\CodeIgniter.php(933): App\Controllers\Main->getDashboarddata()
#5 C:\xampp\htdocs\gscgeavotingsystem\vendor\codeigniter4\framework\system\CodeIgniter.php(507): CodeIgniter\CodeIgniter->runController(Object(App\Controllers\Main))
#6 C:\xampp\htdocs\gscgeavotingsystem\vendor\codeigniter4\framework\system\CodeIgniter.php(354): CodeIgniter\CodeIgniter->handleRequest(NULL, Object(Config\Cache), false)
#7 C:\xampp\htdocs\gscgeavotingsystem\vendor\codeigniter4\framework\system\Boot.php(334): CodeIgniter\CodeIgniter->run()
#8 C:\xampp\htdocs\gscgeavotingsystem\vendor\codeigniter4\framework\system\Boot.php(67): CodeIgniter\Boot::runCodeIgniter(Object(CodeIgniter\CodeIgniter))
#9 C:\xampp\htdocs\gscgeavotingsystem\public\index.php(56): CodeIgniter\Boot::bootWeb(Object(Config\Paths))
#10 {main}
CRITICAL - 2026-05-15 22:49:21 --> CodeIgniter\Database\Exceptions\DatabaseException: Unknown column 'tvm.PositionName' in 'field list'
[Method: GET, Route: main/dashboarddata]
in SYSTEMPATH\Database\BaseConnection.php on line 692.
 1 APPPATH\Controllers\Main.php(153): CodeIgniter\Database\BaseConnection->query('
        SELECT 
            tvn.id,
            tvn.Candidate,
            tvn.CandidateImage,
            tvm.PositionName,
            COUNT(tv.id) AS NumberOfVotes
        FROM tblvotetrn tvn
        LEFT JOIN tblvote tv 
            ON tv.votetrnid = tvn.id
            AND tv.IsActive = 1
        LEFT JOIN tblvotemst tvm
            ON tvm.id = tvn.votemstid
        GROUP BY tvn.id
    ')
 2 SYSTEMPATH\CodeIgniter.php(933): App\Controllers\Main->getDashboarddata()
 3 SYSTEMPATH\CodeIgniter.php(507): CodeIgniter\CodeIgniter->runController(Object(App\Controllers\Main))
 4 SYSTEMPATH\CodeIgniter.php(354): CodeIgniter\CodeIgniter->handleRequest(null, Object(Config\Cache), false)
 5 SYSTEMPATH\Boot.php(334): CodeIgniter\CodeIgniter->run()
 6 SYSTEMPATH\Boot.php(67): CodeIgniter\Boot::runCodeIgniter(Object(CodeIgniter\CodeIgniter))
 7 FCPATH\index.php(56): CodeIgniter\Boot::bootWeb(Object(Config\Paths))
CRITICAL - 2026-05-15 22:49:21 --> [Caused by] CodeIgniter\Database\Exceptions\DatabaseException: Unknown column 'tvm.PositionName' in 'field list'
in SYSTEMPATH\Database\MySQLi\Connection.php on line 332.
 1 SYSTEMPATH\Database\BaseConnection.php(738): CodeIgniter\Database\MySQLi\Connection->execute('
        SELECT 
            tvn.id,
            tvn.Candidate,
            tvn.CandidateImage,
            tvm.PositionName,
            COUNT(tv.id) AS NumberOfVotes
        FROM tblvotetrn tvn
        LEFT JOIN tblvote tv 
            ON tv.votetrnid = tvn.id
            AND tv.IsActive = 1
        LEFT JOIN tblvotemst tvm
            ON tvm.id = tvn.votemstid
        GROUP BY tvn.id
    ')
 2 SYSTEMPATH\Database\BaseConnection.php(652): CodeIgniter\Database\BaseConnection->simpleQuery('
        SELECT 
            tvn.id,
            tvn.Candidate,
            tvn.CandidateImage,
            tvm.PositionName,
            COUNT(tv.id) AS NumberOfVotes
        FROM tblvotetrn tvn
        LEFT JOIN tblvote tv 
            ON tv.votetrnid = tvn.id
            AND tv.IsActive = 1
        LEFT JOIN tblvotemst tvm
            ON tvm.id = tvn.votemstid
        GROUP BY tvn.id
    ')
 3 APPPATH\Controllers\Main.php(153): CodeIgniter\Database\BaseConnection->query('
        SELECT 
            tvn.id,
            tvn.Candidate,
            tvn.CandidateImage,
            tvm.PositionName,
            COUNT(tv.id) AS NumberOfVotes
        FROM tblvotetrn tvn
        LEFT JOIN tblvote tv 
            ON tv.votetrnid = tvn.id
            AND tv.IsActive = 1
        LEFT JOIN tblvotemst tvm
            ON tvm.id = tvn.votemstid
        GROUP BY tvn.id
    ')
 4 SYSTEMPATH\CodeIgniter.php(933): App\Controllers\Main->getDashboarddata()
 5 SYSTEMPATH\CodeIgniter.php(507): CodeIgniter\CodeIgniter->runController(Object(App\Controllers\Main))
 6 SYSTEMPATH\CodeIgniter.php(354): CodeIgniter\CodeIgniter->handleRequest(null, Object(Config\Cache), false)
 7 SYSTEMPATH\Boot.php(334): CodeIgniter\CodeIgniter->run()
 8 SYSTEMPATH\Boot.php(67): CodeIgniter\Boot::runCodeIgniter(Object(CodeIgniter\CodeIgniter))
 9 FCPATH\index.php(56): CodeIgniter\Boot::bootWeb(Object(Config\Paths))
CRITICAL - 2026-05-15 22:49:21 --> [Caused by] mysqli_sql_exception: Unknown column 'tvm.PositionName' in 'field list'
in SYSTEMPATH\Database\MySQLi\Connection.php on line 327.
 1 SYSTEMPATH\Database\MySQLi\Connection.php(327): mysqli->query('
        SELECT 
            tvn.id,
            tvn.Candidate,
            tvn.CandidateImage,
            tvm.PositionName,
            COUNT(tv.id) AS NumberOfVotes
        FROM tblvotetrn tvn
        LEFT JOIN tblvote tv 
            ON tv.votetrnid = tvn.id
            AND tv.IsActive = 1
        LEFT JOIN tblvotemst tvm
            ON tvm.id = tvn.votemstid
        GROUP BY tvn.id
    ', 0)
 2 SYSTEMPATH\Database\BaseConnection.php(738): CodeIgniter\Database\MySQLi\Connection->execute('
        SELECT 
            tvn.id,
            tvn.Candidate,
            tvn.CandidateImage,
            tvm.PositionName,
            COUNT(tv.id) AS NumberOfVotes
        FROM tblvotetrn tvn
        LEFT JOIN tblvote tv 
            ON tv.votetrnid = tvn.id
            AND tv.IsActive = 1
        LEFT JOIN tblvotemst tvm
            ON tvm.id = tvn.votemstid
        GROUP BY tvn.id
    ')
 3 SYSTEMPATH\Database\BaseConnection.php(652): CodeIgniter\Database\BaseConnection->simpleQuery('
        SELECT 
            tvn.id,
            tvn.Candidate,
            tvn.CandidateImage,
            tvm.PositionName,
            COUNT(tv.id) AS NumberOfVotes
        FROM tblvotetrn tvn
        LEFT JOIN tblvote tv 
            ON tv.votetrnid = tvn.id
            AND tv.IsActive = 1
        LEFT JOIN tblvotemst tvm
            ON tvm.id = tvn.votemstid
        GROUP BY tvn.id
    ')
 4 APPPATH\Controllers\Main.php(153): CodeIgniter\Database\BaseConnection->query('
        SELECT 
            tvn.id,
            tvn.Candidate,
            tvn.CandidateImage,
            tvm.PositionName,
            COUNT(tv.id) AS NumberOfVotes
        FROM tblvotetrn tvn
        LEFT JOIN tblvote tv 
            ON tv.votetrnid = tvn.id
            AND tv.IsActive = 1
        LEFT JOIN tblvotemst tvm
            ON tvm.id = tvn.votemstid
        GROUP BY tvn.id
    ')
 5 SYSTEMPATH\CodeIgniter.php(933): App\Controllers\Main->getDashboarddata()
 6 SYSTEMPATH\CodeIgniter.php(507): CodeIgniter\CodeIgniter->runController(Object(App\Controllers\Main))
 7 SYSTEMPATH\CodeIgniter.php(354): CodeIgniter\CodeIgniter->handleRequest(null, Object(Config\Cache), false)
 8 SYSTEMPATH\Boot.php(334): CodeIgniter\CodeIgniter->run()
 9 SYSTEMPATH\Boot.php(67): CodeIgniter\Boot::runCodeIgniter(Object(CodeIgniter\CodeIgniter))
10 FCPATH\index.php(56): CodeIgniter\Boot::bootWeb(Object(Config\Paths))
DEBUG - 2026-05-15 22:49:31 --> Session: Class initialized using 'CodeIgniter\Session\Handlers\FileHandler' driver.
ERROR - 2026-05-15 22:49:31 --> mysqli_sql_exception: Unknown column 'tvm.PositionName' in 'field list' in C:\xampp\htdocs\gscgeavotingsystem\vendor\codeigniter4\framework\system\Database\MySQLi\Connection.php:327
Stack trace:
#0 C:\xampp\htdocs\gscgeavotingsystem\vendor\codeigniter4\framework\system\Database\MySQLi\Connection.php(327): mysqli->query('\r\n        SELEC...', 0)
#1 C:\xampp\htdocs\gscgeavotingsystem\vendor\codeigniter4\framework\system\Database\BaseConnection.php(738): CodeIgniter\Database\MySQLi\Connection->execute('\r\n        SELEC...')
#2 C:\xampp\htdocs\gscgeavotingsystem\vendor\codeigniter4\framework\system\Database\BaseConnection.php(652): CodeIgniter\Database\BaseConnection->simpleQuery('\r\n        SELEC...')
#3 C:\xampp\htdocs\gscgeavotingsystem\app\Controllers\Main.php(153): CodeIgniter\Database\BaseConnection->query('\r\n        SELEC...')
#4 C:\xampp\htdocs\gscgeavotingsystem\vendor\codeigniter4\framework\system\CodeIgniter.php(933): App\Controllers\Main->getDashboarddata()
#5 C:\xampp\htdocs\gscgeavotingsystem\vendor\codeigniter4\framework\system\CodeIgniter.php(507): CodeIgniter\CodeIgniter->runController(Object(App\Controllers\Main))
#6 C:\xampp\htdocs\gscgeavotingsystem\vendor\codeigniter4\framework\system\CodeIgniter.php(354): CodeIgniter\CodeIgniter->handleRequest(NULL, Object(Config\Cache), false)
#7 C:\xampp\htdocs\gscgeavotingsystem\vendor\codeigniter4\framework\system\Boot.php(334): CodeIgniter\CodeIgniter->run()
#8 C:\xampp\htdocs\gscgeavotingsystem\vendor\codeigniter4\framework\system\Boot.php(67): CodeIgniter\Boot::runCodeIgniter(Object(CodeIgniter\CodeIgniter))
#9 C:\xampp\htdocs\gscgeavotingsystem\public\index.php(56): CodeIgniter\Boot::bootWeb(Object(Config\Paths))
#10 {main}
CRITICAL - 2026-05-15 22:49:31 --> CodeIgniter\Database\Exceptions\DatabaseException: Unknown column 'tvm.PositionName' in 'field list'
[Method: GET, Route: main/dashboarddata]
in SYSTEMPATH\Database\BaseConnection.php on line 692.
 1 APPPATH\Controllers\Main.php(153): CodeIgniter\Database\BaseConnection->query('
        SELECT 
            tvn.id,
            tvn.Candidate,
            tvn.CandidateImage,
            tvm.PositionName,
            COUNT(tv.id) AS NumberOfVotes
        FROM tblvotetrn tvn
        LEFT JOIN tblvote tv 
            ON tv.votetrnid = tvn.id
            AND tv.IsActive = 1
        LEFT JOIN tblvotemst tvm
            ON tvm.id = tvn.votemstid
        GROUP BY tvn.id
    ')
 2 SYSTEMPATH\CodeIgniter.php(933): App\Controllers\Main->getDashboarddata()
 3 SYSTEMPATH\CodeIgniter.php(507): CodeIgniter\CodeIgniter->runController(Object(App\Controllers\Main))
 4 SYSTEMPATH\CodeIgniter.php(354): CodeIgniter\CodeIgniter->handleRequest(null, Object(Config\Cache), false)
 5 SYSTEMPATH\Boot.php(334): CodeIgniter\CodeIgniter->run()
 6 SYSTEMPATH\Boot.php(67): CodeIgniter\Boot::runCodeIgniter(Object(CodeIgniter\CodeIgniter))
 7 FCPATH\index.php(56): CodeIgniter\Boot::bootWeb(Object(Config\Paths))
CRITICAL - 2026-05-15 22:49:31 --> [Caused by] CodeIgniter\Database\Exceptions\DatabaseException: Unknown column 'tvm.PositionName' in 'field list'
in SYSTEMPATH\Database\MySQLi\Connection.php on line 332.
 1 SYSTEMPATH\Database\BaseConnection.php(738): CodeIgniter\Database\MySQLi\Connection->execute('
        SELECT 
            tvn.id,
            tvn.Candidate,
            tvn.CandidateImage,
            tvm.PositionName,
            COUNT(tv.id) AS NumberOfVotes
        FROM tblvotetrn tvn
        LEFT JOIN tblvote tv 
            ON tv.votetrnid = tvn.id
            AND tv.IsActive = 1
        LEFT JOIN tblvotemst tvm
            ON tvm.id = tvn.votemstid
        GROUP BY tvn.id
    ')
 2 SYSTEMPATH\Database\BaseConnection.php(652): CodeIgniter\Database\BaseConnection->simpleQuery('
        SELECT 
            tvn.id,
            tvn.Candidate,
            tvn.CandidateImage,
            tvm.PositionName,
            COUNT(tv.id) AS NumberOfVotes
        FROM tblvotetrn tvn
        LEFT JOIN tblvote tv 
            ON tv.votetrnid = tvn.id
            AND tv.IsActive = 1
        LEFT JOIN tblvotemst tvm
            ON tvm.id = tvn.votemstid
        GROUP BY tvn.id
    ')
 3 APPPATH\Controllers\Main.php(153): CodeIgniter\Database\BaseConnection->query('
        SELECT 
            tvn.id,
            tvn.Candidate,
            tvn.CandidateImage,
            tvm.PositionName,
            COUNT(tv.id) AS NumberOfVotes
        FROM tblvotetrn tvn
        LEFT JOIN tblvote tv 
            ON tv.votetrnid = tvn.id
            AND tv.IsActive = 1
        LEFT JOIN tblvotemst tvm
            ON tvm.id = tvn.votemstid
        GROUP BY tvn.id
    ')
 4 SYSTEMPATH\CodeIgniter.php(933): App\Controllers\Main->getDashboarddata()
 5 SYSTEMPATH\CodeIgniter.php(507): CodeIgniter\CodeIgniter->runController(Object(App\Controllers\Main))
 6 SYSTEMPATH\CodeIgniter.php(354): CodeIgniter\CodeIgniter->handleRequest(null, Object(Config\Cache), false)
 7 SYSTEMPATH\Boot.php(334): CodeIgniter\CodeIgniter->run()
 8 SYSTEMPATH\Boot.php(67): CodeIgniter\Boot::runCodeIgniter(Object(CodeIgniter\CodeIgniter))
 9 FCPATH\index.php(56): CodeIgniter\Boot::bootWeb(Object(Config\Paths))
CRITICAL - 2026-05-15 22:49:31 --> [Caused by] mysqli_sql_exception: Unknown column 'tvm.PositionName' in 'field list'
in SYSTEMPATH\Database\MySQLi\Connection.php on line 327.
 1 SYSTEMPATH\Database\MySQLi\Connection.php(327): mysqli->query('
        SELECT 
            tvn.id,
            tvn.Candidate,
            tvn.CandidateImage,
            tvm.PositionName,
            COUNT(tv.id) AS NumberOfVotes
        FROM tblvotetrn tvn
        LEFT JOIN tblvote tv 
            ON tv.votetrnid = tvn.id
            AND tv.IsActive = 1
        LEFT JOIN tblvotemst tvm
            ON tvm.id = tvn.votemstid
        GROUP BY tvn.id
    ', 0)
 2 SYSTEMPATH\Database\BaseConnection.php(738): CodeIgniter\Database\MySQLi\Connection->execute('
        SELECT 
            tvn.id,
            tvn.Candidate,
            tvn.CandidateImage,
            tvm.PositionName,
            COUNT(tv.id) AS NumberOfVotes
        FROM tblvotetrn tvn
        LEFT JOIN tblvote tv 
            ON tv.votetrnid = tvn.id
            AND tv.IsActive = 1
        LEFT JOIN tblvotemst tvm
            ON tvm.id = tvn.votemstid
        GROUP BY tvn.id
    ')
 3 SYSTEMPATH\Database\BaseConnection.php(652): CodeIgniter\Database\BaseConnection->simpleQuery('
        SELECT 
            tvn.id,
            tvn.Candidate,
            tvn.CandidateImage,
            tvm.PositionName,
            COUNT(tv.id) AS NumberOfVotes
        FROM tblvotetrn tvn
        LEFT JOIN tblvote tv 
            ON tv.votetrnid = tvn.id
            AND tv.IsActive = 1
        LEFT JOIN tblvotemst tvm
            ON tvm.id = tvn.votemstid
        GROUP BY tvn.id
    ')
 4 APPPATH\Controllers\Main.php(153): CodeIgniter\Database\BaseConnection->query('
        SELECT 
            tvn.id,
            tvn.Candidate,
            tvn.CandidateImage,
            tvm.PositionName,
            COUNT(tv.id) AS NumberOfVotes
        FROM tblvotetrn tvn
        LEFT JOIN tblvote tv 
            ON tv.votetrnid = tvn.id
            AND tv.IsActive = 1
        LEFT JOIN tblvotemst tvm
            ON tvm.id = tvn.votemstid
        GROUP BY tvn.id
    ')
 5 SYSTEMPATH\CodeIgniter.php(933): App\Controllers\Main->getDashboarddata()
 6 SYSTEMPATH\CodeIgniter.php(507): CodeIgniter\CodeIgniter->runController(Object(App\Controllers\Main))
 7 SYSTEMPATH\CodeIgniter.php(354): CodeIgniter\CodeIgniter->handleRequest(null, Object(Config\Cache), false)
 8 SYSTEMPATH\Boot.php(334): CodeIgniter\CodeIgniter->run()
 9 SYSTEMPATH\Boot.php(67): CodeIgniter\Boot::runCodeIgniter(Object(CodeIgniter\CodeIgniter))
10 FCPATH\index.php(56): CodeIgniter\Boot::bootWeb(Object(Config\Paths))
DEBUG - 2026-05-15 22:49:37 --> Session: Class initialized using 'CodeIgniter\Session\Handlers\FileHandler' driver.
DEBUG - 2026-05-15 22:49:38 --> Session: Class initialized using 'CodeIgniter\Session\Handlers\FileHandler' driver.
DEBUG - 2026-05-15 22:49:38 --> Session: Class initialized using 'CodeIgniter\Session\Handlers\FileHandler' driver.
ERROR - 2026-05-15 22:49:38 --> mysqli_sql_exception: Unknown column 'tvm.PositionName' in 'field list' in C:\xampp\htdocs\gscgeavotingsystem\vendor\codeigniter4\framework\system\Database\MySQLi\Connection.php:327
Stack trace:
#0 C:\xampp\htdocs\gscgeavotingsystem\vendor\codeigniter4\framework\system\Database\MySQLi\Connection.php(327): mysqli->query('\r\n        SELEC...', 0)
#1 C:\xampp\htdocs\gscgeavotingsystem\vendor\codeigniter4\framework\system\Database\BaseConnection.php(738): CodeIgniter\Database\MySQLi\Connection->execute('\r\n        SELEC...')
#2 C:\xampp\htdocs\gscgeavotingsystem\vendor\codeigniter4\framework\system\Database\BaseConnection.php(652): CodeIgniter\Database\BaseConnection->simpleQuery('\r\n        SELEC...')
#3 C:\xampp\htdocs\gscgeavotingsystem\app\Controllers\Main.php(153): CodeIgniter\Database\BaseConnection->query('\r\n        SELEC...')
#4 C:\xampp\htdocs\gscgeavotingsystem\vendor\codeigniter4\framework\system\CodeIgniter.php(933): App\Controllers\Main->getDashboarddata()
#5 C:\xampp\htdocs\gscgeavotingsystem\vendor\codeigniter4\framework\system\CodeIgniter.php(507): CodeIgniter\CodeIgniter->runController(Object(App\Controllers\Main))
#6 C:\xampp\htdocs\gscgeavotingsystem\vendor\codeigniter4\framework\system\CodeIgniter.php(354): CodeIgniter\CodeIgniter->handleRequest(NULL, Object(Config\Cache), false)
#7 C:\xampp\htdocs\gscgeavotingsystem\vendor\codeigniter4\framework\system\Boot.php(334): CodeIgniter\CodeIgniter->run()
#8 C:\xampp\htdocs\gscgeavotingsystem\vendor\codeigniter4\framework\system\Boot.php(67): CodeIgniter\Boot::runCodeIgniter(Object(CodeIgniter\CodeIgniter))
#9 C:\xampp\htdocs\gscgeavotingsystem\public\index.php(56): CodeIgniter\Boot::bootWeb(Object(Config\Paths))
#10 {main}
CRITICAL - 2026-05-15 22:49:38 --> CodeIgniter\Database\Exceptions\DatabaseException: Unknown column 'tvm.PositionName' in 'field list'
[Method: GET, Route: main/dashboarddata]
in SYSTEMPATH\Database\BaseConnection.php on line 692.
 1 APPPATH\Controllers\Main.php(153): CodeIgniter\Database\BaseConnection->query('
        SELECT 
            tvn.id,
            tvn.Candidate,
            tvn.CandidateImage,
            tvm.PositionName,
            COUNT(tv.id) AS NumberOfVotes
        FROM tblvotetrn tvn
        LEFT JOIN tblvote tv 
            ON tv.votetrnid = tvn.id
            AND tv.IsActive = 1
        LEFT JOIN tblvotemst tvm
            ON tvm.id = tvn.votemstid
        GROUP BY tvn.id
    ')
 2 SYSTEMPATH\CodeIgniter.php(933): App\Controllers\Main->getDashboarddata()
 3 SYSTEMPATH\CodeIgniter.php(507): CodeIgniter\CodeIgniter->runController(Object(App\Controllers\Main))
 4 SYSTEMPATH\CodeIgniter.php(354): CodeIgniter\CodeIgniter->handleRequest(null, Object(Config\Cache), false)
 5 SYSTEMPATH\Boot.php(334): CodeIgniter\CodeIgniter->run()
 6 SYSTEMPATH\Boot.php(67): CodeIgniter\Boot::runCodeIgniter(Object(CodeIgniter\CodeIgniter))
 7 FCPATH\index.php(56): CodeIgniter\Boot::bootWeb(Object(Config\Paths))
CRITICAL - 2026-05-15 22:49:38 --> [Caused by] CodeIgniter\Database\Exceptions\DatabaseException: Unknown column 'tvm.PositionName' in 'field list'
in SYSTEMPATH\Database\MySQLi\Connection.php on line 332.
 1 SYSTEMPATH\Database\BaseConnection.php(738): CodeIgniter\Database\MySQLi\Connection->execute('
        SELECT 
            tvn.id,
            tvn.Candidate,
            tvn.CandidateImage,
            tvm.PositionName,
            COUNT(tv.id) AS NumberOfVotes
        FROM tblvotetrn tvn
        LEFT JOIN tblvote tv 
            ON tv.votetrnid = tvn.id
            AND tv.IsActive = 1
        LEFT JOIN tblvotemst tvm
            ON tvm.id = tvn.votemstid
        GROUP BY tvn.id
    ')
 2 SYSTEMPATH\Database\BaseConnection.php(652): CodeIgniter\Database\BaseConnection->simpleQuery('
        SELECT 
            tvn.id,
            tvn.Candidate,
            tvn.CandidateImage,
            tvm.PositionName,
            COUNT(tv.id) AS NumberOfVotes
        FROM tblvotetrn tvn
        LEFT JOIN tblvote tv 
            ON tv.votetrnid = tvn.id
            AND tv.IsActive = 1
        LEFT JOIN tblvotemst tvm
            ON tvm.id = tvn.votemstid
        GROUP BY tvn.id
    ')
 3 APPPATH\Controllers\Main.php(153): CodeIgniter\Database\BaseConnection->query('
        SELECT 
            tvn.id,
            tvn.Candidate,
            tvn.CandidateImage,
            tvm.PositionName,
            COUNT(tv.id) AS NumberOfVotes
        FROM tblvotetrn tvn
        LEFT JOIN tblvote tv 
            ON tv.votetrnid = tvn.id
            AND tv.IsActive = 1
        LEFT JOIN tblvotemst tvm
            ON tvm.id = tvn.votemstid
        GROUP BY tvn.id
    ')
 4 SYSTEMPATH\CodeIgniter.php(933): App\Controllers\Main->getDashboarddata()
 5 SYSTEMPATH\CodeIgniter.php(507): CodeIgniter\CodeIgniter->runController(Object(App\Controllers\Main))
 6 SYSTEMPATH\CodeIgniter.php(354): CodeIgniter\CodeIgniter->handleRequest(null, Object(Config\Cache), false)
 7 SYSTEMPATH\Boot.php(334): CodeIgniter\CodeIgniter->run()
 8 SYSTEMPATH\Boot.php(67): CodeIgniter\Boot::runCodeIgniter(Object(CodeIgniter\CodeIgniter))
 9 FCPATH\index.php(56): CodeIgniter\Boot::bootWeb(Object(Config\Paths))
CRITICAL - 2026-05-15 22:49:38 --> [Caused by] mysqli_sql_exception: Unknown column 'tvm.PositionName' in 'field list'
in SYSTEMPATH\Database\MySQLi\Connection.php on line 327.
 1 SYSTEMPATH\Database\MySQLi\Connection.php(327): mysqli->query('
        SELECT 
            tvn.id,
            tvn.Candidate,
            tvn.CandidateImage,
            tvm.PositionName,
            COUNT(tv.id) AS NumberOfVotes
        FROM tblvotetrn tvn
        LEFT JOIN tblvote tv 
            ON tv.votetrnid = tvn.id
            AND tv.IsActive = 1
        LEFT JOIN tblvotemst tvm
            ON tvm.id = tvn.votemstid
        GROUP BY tvn.id
    ', 0)
 2 SYSTEMPATH\Database\BaseConnection.php(738): CodeIgniter\Database\MySQLi\Connection->execute('
        SELECT 
            tvn.id,
            tvn.Candidate,
            tvn.CandidateImage,
            tvm.PositionName,
            COUNT(tv.id) AS NumberOfVotes
        FROM tblvotetrn tvn
        LEFT JOIN tblvote tv 
            ON tv.votetrnid = tvn.id
            AND tv.IsActive = 1
        LEFT JOIN tblvotemst tvm
            ON tvm.id = tvn.votemstid
        GROUP BY tvn.id
    ')
 3 SYSTEMPATH\Database\BaseConnection.php(652): CodeIgniter\Database\BaseConnection->simpleQuery('
        SELECT 
            tvn.id,
            tvn.Candidate,
            tvn.CandidateImage,
            tvm.PositionName,
            COUNT(tv.id) AS NumberOfVotes
        FROM tblvotetrn tvn
        LEFT JOIN tblvote tv 
            ON tv.votetrnid = tvn.id
            AND tv.IsActive = 1
        LEFT JOIN tblvotemst tvm
            ON tvm.id = tvn.votemstid
        GROUP BY tvn.id
    ')
 4 APPPATH\Controllers\Main.php(153): CodeIgniter\Database\BaseConnection->query('
        SELECT 
            tvn.id,
            tvn.Candidate,
            tvn.CandidateImage,
            tvm.PositionName,
            COUNT(tv.id) AS NumberOfVotes
        FROM tblvotetrn tvn
        LEFT JOIN tblvote tv 
            ON tv.votetrnid = tvn.id
            AND tv.IsActive = 1
        LEFT JOIN tblvotemst tvm
            ON tvm.id = tvn.votemstid
        GROUP BY tvn.id
    ')
 5 SYSTEMPATH\CodeIgniter.php(933): App\Controllers\Main->getDashboarddata()
 6 SYSTEMPATH\CodeIgniter.php(507): CodeIgniter\CodeIgniter->runController(Object(App\Controllers\Main))
 7 SYSTEMPATH\CodeIgniter.php(354): CodeIgniter\CodeIgniter->handleRequest(null, Object(Config\Cache), false)
 8 SYSTEMPATH\Boot.php(334): CodeIgniter\CodeIgniter->run()
 9 SYSTEMPATH\Boot.php(67): CodeIgniter\Boot::runCodeIgniter(Object(CodeIgniter\CodeIgniter))
10 FCPATH\index.php(56): CodeIgniter\Boot::bootWeb(Object(Config\Paths))
DEBUG - 2026-05-15 22:49:48 --> Session: Class initialized using 'CodeIgniter\Session\Handlers\FileHandler' driver.
DEBUG - 2026-05-15 22:49:48 --> Session: Class initialized using 'CodeIgniter\Session\Handlers\FileHandler' driver.
ERROR - 2026-05-15 22:49:48 --> mysqli_sql_exception: Unknown column 'tvm.PositionName' in 'field list' in C:\xampp\htdocs\gscgeavotingsystem\vendor\codeigniter4\framework\system\Database\MySQLi\Connection.php:327
Stack trace:
#0 C:\xampp\htdocs\gscgeavotingsystem\vendor\codeigniter4\framework\system\Database\MySQLi\Connection.php(327): mysqli->query('\r\n        SELEC...', 0)
#1 C:\xampp\htdocs\gscgeavotingsystem\vendor\codeigniter4\framework\system\Database\BaseConnection.php(738): CodeIgniter\Database\MySQLi\Connection->execute('\r\n        SELEC...')
#2 C:\xampp\htdocs\gscgeavotingsystem\vendor\codeigniter4\framework\system\Database\BaseConnection.php(652): CodeIgniter\Database\BaseConnection->simpleQuery('\r\n        SELEC...')
#3 C:\xampp\htdocs\gscgeavotingsystem\app\Controllers\Main.php(153): CodeIgniter\Database\BaseConnection->query('\r\n        SELEC...')
#4 C:\xampp\htdocs\gscgeavotingsystem\vendor\codeigniter4\framework\system\CodeIgniter.php(933): App\Controllers\Main->getDashboarddata()
#5 C:\xampp\htdocs\gscgeavotingsystem\vendor\codeigniter4\framework\system\CodeIgniter.php(507): CodeIgniter\CodeIgniter->runController(Object(App\Controllers\Main))
#6 C:\xampp\htdocs\gscgeavotingsystem\vendor\codeigniter4\framework\system\CodeIgniter.php(354): CodeIgniter\CodeIgniter->handleRequest(NULL, Object(Config\Cache), false)
#7 C:\xampp\htdocs\gscgeavotingsystem\vendor\codeigniter4\framework\system\Boot.php(334): CodeIgniter\CodeIgniter->run()
#8 C:\xampp\htdocs\gscgeavotingsystem\vendor\codeigniter4\framework\system\Boot.php(67): CodeIgniter\Boot::runCodeIgniter(Object(CodeIgniter\CodeIgniter))
#9 C:\xampp\htdocs\gscgeavotingsystem\public\index.php(56): CodeIgniter\Boot::bootWeb(Object(Config\Paths))
#10 {main}
CRITICAL - 2026-05-15 22:49:48 --> CodeIgniter\Database\Exceptions\DatabaseException: Unknown column 'tvm.PositionName' in 'field list'
[Method: GET, Route: main/dashboarddata]
in SYSTEMPATH\Database\BaseConnection.php on line 692.
 1 APPPATH\Controllers\Main.php(153): CodeIgniter\Database\BaseConnection->query('
        SELECT 
            tvn.id,
            tvn.Candidate,
            tvn.CandidateImage,
            tvm.PositionName,
            COUNT(tv.id) AS NumberOfVotes
        FROM tblvotetrn tvn
        LEFT JOIN tblvote tv 
            ON tv.votetrnid = tvn.id
            AND tv.IsActive = 1
        LEFT JOIN tblvotemst tvm
            ON tvm.id = tvn.votemstid
        GROUP BY tvn.id
    ')
 2 SYSTEMPATH\CodeIgniter.php(933): App\Controllers\Main->getDashboarddata()
 3 SYSTEMPATH\CodeIgniter.php(507): CodeIgniter\CodeIgniter->runController(Object(App\Controllers\Main))
 4 SYSTEMPATH\CodeIgniter.php(354): CodeIgniter\CodeIgniter->handleRequest(null, Object(Config\Cache), false)
 5 SYSTEMPATH\Boot.php(334): CodeIgniter\CodeIgniter->run()
 6 SYSTEMPATH\Boot.php(67): CodeIgniter\Boot::runCodeIgniter(Object(CodeIgniter\CodeIgniter))
 7 FCPATH\index.php(56): CodeIgniter\Boot::bootWeb(Object(Config\Paths))
CRITICAL - 2026-05-15 22:49:48 --> [Caused by] CodeIgniter\Database\Exceptions\DatabaseException: Unknown column 'tvm.PositionName' in 'field list'
in SYSTEMPATH\Database\MySQLi\Connection.php on line 332.
 1 SYSTEMPATH\Database\BaseConnection.php(738): CodeIgniter\Database\MySQLi\Connection->execute('
        SELECT 
            tvn.id,
            tvn.Candidate,
            tvn.CandidateImage,
            tvm.PositionName,
            COUNT(tv.id) AS NumberOfVotes
        FROM tblvotetrn tvn
        LEFT JOIN tblvote tv 
            ON tv.votetrnid = tvn.id
            AND tv.IsActive = 1
        LEFT JOIN tblvotemst tvm
            ON tvm.id = tvn.votemstid
        GROUP BY tvn.id
    ')
 2 SYSTEMPATH\Database\BaseConnection.php(652): CodeIgniter\Database\BaseConnection->simpleQuery('
        SELECT 
            tvn.id,
            tvn.Candidate,
            tvn.CandidateImage,
            tvm.PositionName,
            COUNT(tv.id) AS NumberOfVotes
        FROM tblvotetrn tvn
        LEFT JOIN tblvote tv 
            ON tv.votetrnid = tvn.id
            AND tv.IsActive = 1
        LEFT JOIN tblvotemst tvm
            ON tvm.id = tvn.votemstid
        GROUP BY tvn.id
    ')
 3 APPPATH\Controllers\Main.php(153): CodeIgniter\Database\BaseConnection->query('
        SELECT 
            tvn.id,
            tvn.Candidate,
            tvn.CandidateImage,
            tvm.PositionName,
            COUNT(tv.id) AS NumberOfVotes
        FROM tblvotetrn tvn
        LEFT JOIN tblvote tv 
            ON tv.votetrnid = tvn.id
            AND tv.IsActive = 1
        LEFT JOIN tblvotemst tvm
            ON tvm.id = tvn.votemstid
        GROUP BY tvn.id
    ')
 4 SYSTEMPATH\CodeIgniter.php(933): App\Controllers\Main->getDashboarddata()
 5 SYSTEMPATH\CodeIgniter.php(507): CodeIgniter\CodeIgniter->runController(Object(App\Controllers\Main))
 6 SYSTEMPATH\CodeIgniter.php(354): CodeIgniter\CodeIgniter->handleRequest(null, Object(Config\Cache), false)
 7 SYSTEMPATH\Boot.php(334): CodeIgniter\CodeIgniter->run()
 8 SYSTEMPATH\Boot.php(67): CodeIgniter\Boot::runCodeIgniter(Object(CodeIgniter\CodeIgniter))
 9 FCPATH\index.php(56): CodeIgniter\Boot::bootWeb(Object(Config\Paths))
CRITICAL - 2026-05-15 22:49:48 --> [Caused by] mysqli_sql_exception: Unknown column 'tvm.PositionName' in 'field list'
in SYSTEMPATH\Database\MySQLi\Connection.php on line 327.
 1 SYSTEMPATH\Database\MySQLi\Connection.php(327): mysqli->query('
        SELECT 
            tvn.id,
            tvn.Candidate,
            tvn.CandidateImage,
            tvm.PositionName,
            COUNT(tv.id) AS NumberOfVotes
        FROM tblvotetrn tvn
        LEFT JOIN tblvote tv 
            ON tv.votetrnid = tvn.id
            AND tv.IsActive = 1
        LEFT JOIN tblvotemst tvm
            ON tvm.id = tvn.votemstid
        GROUP BY tvn.id
    ', 0)
 2 SYSTEMPATH\Database\BaseConnection.php(738): CodeIgniter\Database\MySQLi\Connection->execute('
        SELECT 
            tvn.id,
            tvn.Candidate,
            tvn.CandidateImage,
            tvm.PositionName,
            COUNT(tv.id) AS NumberOfVotes
        FROM tblvotetrn tvn
        LEFT JOIN tblvote tv 
            ON tv.votetrnid = tvn.id
            AND tv.IsActive = 1
        LEFT JOIN tblvotemst tvm
            ON tvm.id = tvn.votemstid
        GROUP BY tvn.id
    ')
 3 SYSTEMPATH\Database\BaseConnection.php(652): CodeIgniter\Database\BaseConnection->simpleQuery('
        SELECT 
            tvn.id,
            tvn.Candidate,
            tvn.CandidateImage,
            tvm.PositionName,
            COUNT(tv.id) AS NumberOfVotes
        FROM tblvotetrn tvn
        LEFT JOIN tblvote tv 
            ON tv.votetrnid = tvn.id
            AND tv.IsActive = 1
        LEFT JOIN tblvotemst tvm
            ON tvm.id = tvn.votemstid
        GROUP BY tvn.id
    ')
 4 APPPATH\Controllers\Main.php(153): CodeIgniter\Database\BaseConnection->query('
        SELECT 
            tvn.id,
            tvn.Candidate,
            tvn.CandidateImage,
            tvm.PositionName,
            COUNT(tv.id) AS NumberOfVotes
        FROM tblvotetrn tvn
        LEFT JOIN tblvote tv 
            ON tv.votetrnid = tvn.id
            AND tv.IsActive = 1
        LEFT JOIN tblvotemst tvm
            ON tvm.id = tvn.votemstid
        GROUP BY tvn.id
    ')
 5 SYSTEMPATH\CodeIgniter.php(933): App\Controllers\Main->getDashboarddata()
 6 SYSTEMPATH\CodeIgniter.php(507): CodeIgniter\CodeIgniter->runController(Object(App\Controllers\Main))
 7 SYSTEMPATH\CodeIgniter.php(354): CodeIgniter\CodeIgniter->handleRequest(null, Object(Config\Cache), false)
 8 SYSTEMPATH\Boot.php(334): CodeIgniter\CodeIgniter->run()
 9 SYSTEMPATH\Boot.php(67): CodeIgniter\Boot::runCodeIgniter(Object(CodeIgniter\CodeIgniter))
10 FCPATH\index.php(56): CodeIgniter\Boot::bootWeb(Object(Config\Paths))
DEBUG - 2026-05-15 22:49:49 --> Session: Class initialized using 'CodeIgniter\Session\Handlers\FileHandler' driver.
ERROR - 2026-05-15 22:49:50 --> mysqli_sql_exception: Unknown column 'tvm.PositionName' in 'field list' in C:\xampp\htdocs\gscgeavotingsystem\vendor\codeigniter4\framework\system\Database\MySQLi\Connection.php:327
Stack trace:
#0 C:\xampp\htdocs\gscgeavotingsystem\vendor\codeigniter4\framework\system\Database\MySQLi\Connection.php(327): mysqli->query('\r\n        SELEC...', 0)
#1 C:\xampp\htdocs\gscgeavotingsystem\vendor\codeigniter4\framework\system\Database\BaseConnection.php(738): CodeIgniter\Database\MySQLi\Connection->execute('\r\n        SELEC...')
#2 C:\xampp\htdocs\gscgeavotingsystem\vendor\codeigniter4\framework\system\Database\BaseConnection.php(652): CodeIgniter\Database\BaseConnection->simpleQuery('\r\n        SELEC...')
#3 C:\xampp\htdocs\gscgeavotingsystem\app\Controllers\Main.php(153): CodeIgniter\Database\BaseConnection->query('\r\n        SELEC...')
#4 C:\xampp\htdocs\gscgeavotingsystem\vendor\codeigniter4\framework\system\CodeIgniter.php(933): App\Controllers\Main->getDashboarddata()
#5 C:\xampp\htdocs\gscgeavotingsystem\vendor\codeigniter4\framework\system\CodeIgniter.php(507): CodeIgniter\CodeIgniter->runController(Object(App\Controllers\Main))
#6 C:\xampp\htdocs\gscgeavotingsystem\vendor\codeigniter4\framework\system\CodeIgniter.php(354): CodeIgniter\CodeIgniter->handleRequest(NULL, Object(Config\Cache), false)
#7 C:\xampp\htdocs\gscgeavotingsystem\vendor\codeigniter4\framework\system\Boot.php(334): CodeIgniter\CodeIgniter->run()
#8 C:\xampp\htdocs\gscgeavotingsystem\vendor\codeigniter4\framework\system\Boot.php(67): CodeIgniter\Boot::runCodeIgniter(Object(CodeIgniter\CodeIgniter))
#9 C:\xampp\htdocs\gscgeavotingsystem\public\index.php(56): CodeIgniter\Boot::bootWeb(Object(Config\Paths))
#10 {main}
CRITICAL - 2026-05-15 22:49:50 --> CodeIgniter\Database\Exceptions\DatabaseException: Unknown column 'tvm.PositionName' in 'field list'
[Method: GET, Route: main/dashboarddata]
in SYSTEMPATH\Database\BaseConnection.php on line 692.
 1 APPPATH\Controllers\Main.php(153): CodeIgniter\Database\BaseConnection->query('
        SELECT 
            tvn.id,
            tvn.Candidate,
            tvn.CandidateImage,
            tvm.PositionName,
            COUNT(tv.id) AS NumberOfVotes
        FROM tblvotetrn tvn
        LEFT JOIN tblvote tv 
            ON tv.votetrnid = tvn.id
            AND tv.IsActive = 1
        LEFT JOIN tblvotemst tvm
            ON tvm.id = tvn.votemstid
        GROUP BY tvn.id
    ')
 2 SYSTEMPATH\CodeIgniter.php(933): App\Controllers\Main->getDashboarddata()
 3 SYSTEMPATH\CodeIgniter.php(507): CodeIgniter\CodeIgniter->runController(Object(App\Controllers\Main))
 4 SYSTEMPATH\CodeIgniter.php(354): CodeIgniter\CodeIgniter->handleRequest(null, Object(Config\Cache), false)
 5 SYSTEMPATH\Boot.php(334): CodeIgniter\CodeIgniter->run()
 6 SYSTEMPATH\Boot.php(67): CodeIgniter\Boot::runCodeIgniter(Object(CodeIgniter\CodeIgniter))
 7 FCPATH\index.php(56): CodeIgniter\Boot::bootWeb(Object(Config\Paths))
CRITICAL - 2026-05-15 22:49:50 --> [Caused by] CodeIgniter\Database\Exceptions\DatabaseException: Unknown column 'tvm.PositionName' in 'field list'
in SYSTEMPATH\Database\MySQLi\Connection.php on line 332.
 1 SYSTEMPATH\Database\BaseConnection.php(738): CodeIgniter\Database\MySQLi\Connection->execute('
        SELECT 
            tvn.id,
            tvn.Candidate,
            tvn.CandidateImage,
            tvm.PositionName,
            COUNT(tv.id) AS NumberOfVotes
        FROM tblvotetrn tvn
        LEFT JOIN tblvote tv 
            ON tv.votetrnid = tvn.id
            AND tv.IsActive = 1
        LEFT JOIN tblvotemst tvm
            ON tvm.id = tvn.votemstid
        GROUP BY tvn.id
    ')
 2 SYSTEMPATH\Database\BaseConnection.php(652): CodeIgniter\Database\BaseConnection->simpleQuery('
        SELECT 
            tvn.id,
            tvn.Candidate,
            tvn.CandidateImage,
            tvm.PositionName,
            COUNT(tv.id) AS NumberOfVotes
        FROM tblvotetrn tvn
        LEFT JOIN tblvote tv 
            ON tv.votetrnid = tvn.id
            AND tv.IsActive = 1
        LEFT JOIN tblvotemst tvm
            ON tvm.id = tvn.votemstid
        GROUP BY tvn.id
    ')
 3 APPPATH\Controllers\Main.php(153): CodeIgniter\Database\BaseConnection->query('
        SELECT 
            tvn.id,
            tvn.Candidate,
            tvn.CandidateImage,
            tvm.PositionName,
            COUNT(tv.id) AS NumberOfVotes
        FROM tblvotetrn tvn
        LEFT JOIN tblvote tv 
            ON tv.votetrnid = tvn.id
            AND tv.IsActive = 1
        LEFT JOIN tblvotemst tvm
            ON tvm.id = tvn.votemstid
        GROUP BY tvn.id
    ')
 4 SYSTEMPATH\CodeIgniter.php(933): App\Controllers\Main->getDashboarddata()
 5 SYSTEMPATH\CodeIgniter.php(507): CodeIgniter\CodeIgniter->runController(Object(App\Controllers\Main))
 6 SYSTEMPATH\CodeIgniter.php(354): CodeIgniter\CodeIgniter->handleRequest(null, Object(Config\Cache), false)
 7 SYSTEMPATH\Boot.php(334): CodeIgniter\CodeIgniter->run()
 8 SYSTEMPATH\Boot.php(67): CodeIgniter\Boot::runCodeIgniter(Object(CodeIgniter\CodeIgniter))
 9 FCPATH\index.php(56): CodeIgniter\Boot::bootWeb(Object(Config\Paths))
CRITICAL - 2026-05-15 22:49:50 --> [Caused by] mysqli_sql_exception: Unknown column 'tvm.PositionName' in 'field list'
in SYSTEMPATH\Database\MySQLi\Connection.php on line 327.
 1 SYSTEMPATH\Database\MySQLi\Connection.php(327): mysqli->query('
        SELECT 
            tvn.id,
            tvn.Candidate,
            tvn.CandidateImage,
            tvm.PositionName,
            COUNT(tv.id) AS NumberOfVotes
        FROM tblvotetrn tvn
        LEFT JOIN tblvote tv 
            ON tv.votetrnid = tvn.id
            AND tv.IsActive = 1
        LEFT JOIN tblvotemst tvm
            ON tvm.id = tvn.votemstid
        GROUP BY tvn.id
    ', 0)
 2 SYSTEMPATH\Database\BaseConnection.php(738): CodeIgniter\Database\MySQLi\Connection->execute('
        SELECT 
            tvn.id,
            tvn.Candidate,
            tvn.CandidateImage,
            tvm.PositionName,
            COUNT(tv.id) AS NumberOfVotes
        FROM tblvotetrn tvn
        LEFT JOIN tblvote tv 
            ON tv.votetrnid = tvn.id
            AND tv.IsActive = 1
        LEFT JOIN tblvotemst tvm
            ON tvm.id = tvn.votemstid
        GROUP BY tvn.id
    ')
 3 SYSTEMPATH\Database\BaseConnection.php(652): CodeIgniter\Database\BaseConnection->simpleQuery('
        SELECT 
            tvn.id,
            tvn.Candidate,
            tvn.CandidateImage,
            tvm.PositionName,
            COUNT(tv.id) AS NumberOfVotes
        FROM tblvotetrn tvn
        LEFT JOIN tblvote tv 
            ON tv.votetrnid = tvn.id
            AND tv.IsActive = 1
        LEFT JOIN tblvotemst tvm
            ON tvm.id = tvn.votemstid
        GROUP BY tvn.id
    ')
 4 APPPATH\Controllers\Main.php(153): CodeIgniter\Database\BaseConnection->query('
        SELECT 
            tvn.id,
            tvn.Candidate,
            tvn.CandidateImage,
            tvm.PositionName,
            COUNT(tv.id) AS NumberOfVotes
        FROM tblvotetrn tvn
        LEFT JOIN tblvote tv 
            ON tv.votetrnid = tvn.id
            AND tv.IsActive = 1
        LEFT JOIN tblvotemst tvm
            ON tvm.id = tvn.votemstid
        GROUP BY tvn.id
    ')
 5 SYSTEMPATH\CodeIgniter.php(933): App\Controllers\Main->getDashboarddata()
 6 SYSTEMPATH\CodeIgniter.php(507): CodeIgniter\CodeIgniter->runController(Object(App\Controllers\Main))
 7 SYSTEMPATH\CodeIgniter.php(354): CodeIgniter\CodeIgniter->handleRequest(null, Object(Config\Cache), false)
 8 SYSTEMPATH\Boot.php(334): CodeIgniter\CodeIgniter->run()
 9 SYSTEMPATH\Boot.php(67): CodeIgniter\Boot::runCodeIgniter(Object(CodeIgniter\CodeIgniter))
10 FCPATH\index.php(56): CodeIgniter\Boot::bootWeb(Object(Config\Paths))
DEBUG - 2026-05-15 22:49:50 --> Session: Class initialized using 'CodeIgniter\Session\Handlers\FileHandler' driver.
DEBUG - 2026-05-15 22:49:57 --> Session: Class initialized using 'CodeIgniter\Session\Handlers\FileHandler' driver.
DEBUG - 2026-05-15 22:49:58 --> Session: Class initialized using 'CodeIgniter\Session\Handlers\FileHandler' driver.
ERROR - 2026-05-15 22:49:58 --> mysqli_sql_exception: Unknown column 'tvm.PositionName' in 'field list' in C:\xampp\htdocs\gscgeavotingsystem\vendor\codeigniter4\framework\system\Database\MySQLi\Connection.php:327
Stack trace:
#0 C:\xampp\htdocs\gscgeavotingsystem\vendor\codeigniter4\framework\system\Database\MySQLi\Connection.php(327): mysqli->query('\r\n        SELEC...', 0)
#1 C:\xampp\htdocs\gscgeavotingsystem\vendor\codeigniter4\framework\system\Database\BaseConnection.php(738): CodeIgniter\Database\MySQLi\Connection->execute('\r\n        SELEC...')
#2 C:\xampp\htdocs\gscgeavotingsystem\vendor\codeigniter4\framework\system\Database\BaseConnection.php(652): CodeIgniter\Database\BaseConnection->simpleQuery('\r\n        SELEC...')
#3 C:\xampp\htdocs\gscgeavotingsystem\app\Controllers\Main.php(153): CodeIgniter\Database\BaseConnection->query('\r\n        SELEC...')
#4 C:\xampp\htdocs\gscgeavotingsystem\vendor\codeigniter4\framework\system\CodeIgniter.php(933): App\Controllers\Main->getDashboarddata()
#5 C:\xampp\htdocs\gscgeavotingsystem\vendor\codeigniter4\framework\system\CodeIgniter.php(507): CodeIgniter\CodeIgniter->runController(Object(App\Controllers\Main))
#6 C:\xampp\htdocs\gscgeavotingsystem\vendor\codeigniter4\framework\system\CodeIgniter.php(354): CodeIgniter\CodeIgniter->handleRequest(NULL, Object(Config\Cache), false)
#7 C:\xampp\htdocs\gscgeavotingsystem\vendor\codeigniter4\framework\system\Boot.php(334): CodeIgniter\CodeIgniter->run()
#8 C:\xampp\htdocs\gscgeavotingsystem\vendor\codeigniter4\framework\system\Boot.php(67): CodeIgniter\Boot::runCodeIgniter(Object(CodeIgniter\CodeIgniter))
#9 C:\xampp\htdocs\gscgeavotingsystem\public\index.php(56): CodeIgniter\Boot::bootWeb(Object(Config\Paths))
#10 {main}
CRITICAL - 2026-05-15 22:49:58 --> CodeIgniter\Database\Exceptions\DatabaseException: Unknown column 'tvm.PositionName' in 'field list'
[Method: GET, Route: main/dashboarddata]
in SYSTEMPATH\Database\BaseConnection.php on line 692.
 1 APPPATH\Controllers\Main.php(153): CodeIgniter\Database\BaseConnection->query('
        SELECT 
            tvn.id,
            tvn.Candidate,
            tvn.CandidateImage,
            tvm.PositionName,
            COUNT(tv.id) AS NumberOfVotes
        FROM tblvotetrn tvn
        LEFT JOIN tblvote tv 
            ON tv.votetrnid = tvn.id
            AND tv.IsActive = 1
        LEFT JOIN tblvotemst tvm
            ON tvm.id = tvn.votemstid
        GROUP BY tvn.id
    ')
 2 SYSTEMPATH\CodeIgniter.php(933): App\Controllers\Main->getDashboarddata()
 3 SYSTEMPATH\CodeIgniter.php(507): CodeIgniter\CodeIgniter->runController(Object(App\Controllers\Main))
 4 SYSTEMPATH\CodeIgniter.php(354): CodeIgniter\CodeIgniter->handleRequest(null, Object(Config\Cache), false)
 5 SYSTEMPATH\Boot.php(334): CodeIgniter\CodeIgniter->run()
 6 SYSTEMPATH\Boot.php(67): CodeIgniter\Boot::runCodeIgniter(Object(CodeIgniter\CodeIgniter))
 7 FCPATH\index.php(56): CodeIgniter\Boot::bootWeb(Object(Config\Paths))
CRITICAL - 2026-05-15 22:49:58 --> [Caused by] CodeIgniter\Database\Exceptions\DatabaseException: Unknown column 'tvm.PositionName' in 'field list'
in SYSTEMPATH\Database\MySQLi\Connection.php on line 332.
 1 SYSTEMPATH\Database\BaseConnection.php(738): CodeIgniter\Database\MySQLi\Connection->execute('
        SELECT 
            tvn.id,
            tvn.Candidate,
            tvn.CandidateImage,
            tvm.PositionName,
            COUNT(tv.id) AS NumberOfVotes
        FROM tblvotetrn tvn
        LEFT JOIN tblvote tv 
            ON tv.votetrnid = tvn.id
            AND tv.IsActive = 1
        LEFT JOIN tblvotemst tvm
            ON tvm.id = tvn.votemstid
        GROUP BY tvn.id
    ')
 2 SYSTEMPATH\Database\BaseConnection.php(652): CodeIgniter\Database\BaseConnection->simpleQuery('
        SELECT 
            tvn.id,
            tvn.Candidate,
            tvn.CandidateImage,
            tvm.PositionName,
            COUNT(tv.id) AS NumberOfVotes
        FROM tblvotetrn tvn
        LEFT JOIN tblvote tv 
            ON tv.votetrnid = tvn.id
            AND tv.IsActive = 1
        LEFT JOIN tblvotemst tvm
            ON tvm.id = tvn.votemstid
        GROUP BY tvn.id
    ')
 3 APPPATH\Controllers\Main.php(153): CodeIgniter\Database\BaseConnection->query('
        SELECT 
            tvn.id,
            tvn.Candidate,
            tvn.CandidateImage,
            tvm.PositionName,
            COUNT(tv.id) AS NumberOfVotes
        FROM tblvotetrn tvn
        LEFT JOIN tblvote tv 
            ON tv.votetrnid = tvn.id
            AND tv.IsActive = 1
        LEFT JOIN tblvotemst tvm
            ON tvm.id = tvn.votemstid
        GROUP BY tvn.id
    ')
 4 SYSTEMPATH\CodeIgniter.php(933): App\Controllers\Main->getDashboarddata()
 5 SYSTEMPATH\CodeIgniter.php(507): CodeIgniter\CodeIgniter->runController(Object(App\Controllers\Main))
 6 SYSTEMPATH\CodeIgniter.php(354): CodeIgniter\CodeIgniter->handleRequest(null, Object(Config\Cache), false)
 7 SYSTEMPATH\Boot.php(334): CodeIgniter\CodeIgniter->run()
 8 SYSTEMPATH\Boot.php(67): CodeIgniter\Boot::runCodeIgniter(Object(CodeIgniter\CodeIgniter))
 9 FCPATH\index.php(56): CodeIgniter\Boot::bootWeb(Object(Config\Paths))
CRITICAL - 2026-05-15 22:49:58 --> [Caused by] mysqli_sql_exception: Unknown column 'tvm.PositionName' in 'field list'
in SYSTEMPATH\Database\MySQLi\Connection.php on line 327.
 1 SYSTEMPATH\Database\MySQLi\Connection.php(327): mysqli->query('
        SELECT 
            tvn.id,
            tvn.Candidate,
            tvn.CandidateImage,
            tvm.PositionName,
            COUNT(tv.id) AS NumberOfVotes
        FROM tblvotetrn tvn
        LEFT JOIN tblvote tv 
            ON tv.votetrnid = tvn.id
            AND tv.IsActive = 1
        LEFT JOIN tblvotemst tvm
            ON tvm.id = tvn.votemstid
        GROUP BY tvn.id
    ', 0)
 2 SYSTEMPATH\Database\BaseConnection.php(738): CodeIgniter\Database\MySQLi\Connection->execute('
        SELECT 
            tvn.id,
            tvn.Candidate,
            tvn.CandidateImage,
            tvm.PositionName,
            COUNT(tv.id) AS NumberOfVotes
        FROM tblvotetrn tvn
        LEFT JOIN tblvote tv 
            ON tv.votetrnid = tvn.id
            AND tv.IsActive = 1
        LEFT JOIN tblvotemst tvm
            ON tvm.id = tvn.votemstid
        GROUP BY tvn.id
    ')
 3 SYSTEMPATH\Database\BaseConnection.php(652): CodeIgniter\Database\BaseConnection->simpleQuery('
        SELECT 
            tvn.id,
            tvn.Candidate,
            tvn.CandidateImage,
            tvm.PositionName,
            COUNT(tv.id) AS NumberOfVotes
        FROM tblvotetrn tvn
        LEFT JOIN tblvote tv 
            ON tv.votetrnid = tvn.id
            AND tv.IsActive = 1
        LEFT JOIN tblvotemst tvm
            ON tvm.id = tvn.votemstid
        GROUP BY tvn.id
    ')
 4 APPPATH\Controllers\Main.php(153): CodeIgniter\Database\BaseConnection->query('
        SELECT 
            tvn.id,
            tvn.Candidate,
            tvn.CandidateImage,
            tvm.PositionName,
            COUNT(tv.id) AS NumberOfVotes
        FROM tblvotetrn tvn
        LEFT JOIN tblvote tv 
            ON tv.votetrnid = tvn.id
            AND tv.IsActive = 1
        LEFT JOIN tblvotemst tvm
            ON tvm.id = tvn.votemstid
        GROUP BY tvn.id
    ')
 5 SYSTEMPATH\CodeIgniter.php(933): App\Controllers\Main->getDashboarddata()
 6 SYSTEMPATH\CodeIgniter.php(507): CodeIgniter\CodeIgniter->runController(Object(App\Controllers\Main))
 7 SYSTEMPATH\CodeIgniter.php(354): CodeIgniter\CodeIgniter->handleRequest(null, Object(Config\Cache), false)
 8 SYSTEMPATH\Boot.php(334): CodeIgniter\CodeIgniter->run()
 9 SYSTEMPATH\Boot.php(67): CodeIgniter\Boot::runCodeIgniter(Object(CodeIgniter\CodeIgniter))
10 FCPATH\index.php(56): CodeIgniter\Boot::bootWeb(Object(Config\Paths))
DEBUG - 2026-05-15 22:49:58 --> Session: Class initialized using 'CodeIgniter\Session\Handlers\FileHandler' driver.
DEBUG - 2026-05-15 22:50:08 --> Session: Class initialized using 'CodeIgniter\Session\Handlers\FileHandler' driver.
ERROR - 2026-05-15 22:50:08 --> mysqli_sql_exception: Unknown column 'tvm.PositionName' in 'field list' in C:\xampp\htdocs\gscgeavotingsystem\vendor\codeigniter4\framework\system\Database\MySQLi\Connection.php:327
Stack trace:
#0 C:\xampp\htdocs\gscgeavotingsystem\vendor\codeigniter4\framework\system\Database\MySQLi\Connection.php(327): mysqli->query('\r\n        SELEC...', 0)
#1 C:\xampp\htdocs\gscgeavotingsystem\vendor\codeigniter4\framework\system\Database\BaseConnection.php(738): CodeIgniter\Database\MySQLi\Connection->execute('\r\n        SELEC...')
#2 C:\xampp\htdocs\gscgeavotingsystem\vendor\codeigniter4\framework\system\Database\BaseConnection.php(652): CodeIgniter\Database\BaseConnection->simpleQuery('\r\n        SELEC...')
#3 C:\xampp\htdocs\gscgeavotingsystem\app\Controllers\Main.php(153): CodeIgniter\Database\BaseConnection->query('\r\n        SELEC...')
#4 C:\xampp\htdocs\gscgeavotingsystem\vendor\codeigniter4\framework\system\CodeIgniter.php(933): App\Controllers\Main->getDashboarddata()
#5 C:\xampp\htdocs\gscgeavotingsystem\vendor\codeigniter4\framework\system\CodeIgniter.php(507): CodeIgniter\CodeIgniter->runController(Object(App\Controllers\Main))
#6 C:\xampp\htdocs\gscgeavotingsystem\vendor\codeigniter4\framework\system\CodeIgniter.php(354): CodeIgniter\CodeIgniter->handleRequest(NULL, Object(Config\Cache), false)
#7 C:\xampp\htdocs\gscgeavotingsystem\vendor\codeigniter4\framework\system\Boot.php(334): CodeIgniter\CodeIgniter->run()
#8 C:\xampp\htdocs\gscgeavotingsystem\vendor\codeigniter4\framework\system\Boot.php(67): CodeIgniter\Boot::runCodeIgniter(Object(CodeIgniter\CodeIgniter))
#9 C:\xampp\htdocs\gscgeavotingsystem\public\index.php(56): CodeIgniter\Boot::bootWeb(Object(Config\Paths))
#10 {main}
CRITICAL - 2026-05-15 22:50:08 --> CodeIgniter\Database\Exceptions\DatabaseException: Unknown column 'tvm.PositionName' in 'field list'
[Method: GET, Route: main/dashboarddata]
in SYSTEMPATH\Database\BaseConnection.php on line 692.
 1 APPPATH\Controllers\Main.php(153): CodeIgniter\Database\BaseConnection->query('
        SELECT 
            tvn.id,
            tvn.Candidate,
            tvn.CandidateImage,
            tvm.PositionName,
            COUNT(tv.id) AS NumberOfVotes
        FROM tblvotetrn tvn
        LEFT JOIN tblvote tv 
            ON tv.votetrnid = tvn.id
            AND tv.IsActive = 1
        LEFT JOIN tblvotemst tvm
            ON tvm.id = tvn.votemstid
        GROUP BY tvn.id
    ')
 2 SYSTEMPATH\CodeIgniter.php(933): App\Controllers\Main->getDashboarddata()
 3 SYSTEMPATH\CodeIgniter.php(507): CodeIgniter\CodeIgniter->runController(Object(App\Controllers\Main))
 4 SYSTEMPATH\CodeIgniter.php(354): CodeIgniter\CodeIgniter->handleRequest(null, Object(Config\Cache), false)
 5 SYSTEMPATH\Boot.php(334): CodeIgniter\CodeIgniter->run()
 6 SYSTEMPATH\Boot.php(67): CodeIgniter\Boot::runCodeIgniter(Object(CodeIgniter\CodeIgniter))
 7 FCPATH\index.php(56): CodeIgniter\Boot::bootWeb(Object(Config\Paths))
CRITICAL - 2026-05-15 22:50:08 --> [Caused by] CodeIgniter\Database\Exceptions\DatabaseException: Unknown column 'tvm.PositionName' in 'field list'
in SYSTEMPATH\Database\MySQLi\Connection.php on line 332.
 1 SYSTEMPATH\Database\BaseConnection.php(738): CodeIgniter\Database\MySQLi\Connection->execute('
        SELECT 
            tvn.id,
            tvn.Candidate,
            tvn.CandidateImage,
            tvm.PositionName,
            COUNT(tv.id) AS NumberOfVotes
        FROM tblvotetrn tvn
        LEFT JOIN tblvote tv 
            ON tv.votetrnid = tvn.id
            AND tv.IsActive = 1
        LEFT JOIN tblvotemst tvm
            ON tvm.id = tvn.votemstid
        GROUP BY tvn.id
    ')
 2 SYSTEMPATH\Database\BaseConnection.php(652): CodeIgniter\Database\BaseConnection->simpleQuery('
        SELECT 
            tvn.id,
            tvn.Candidate,
            tvn.CandidateImage,
            tvm.PositionName,
            COUNT(tv.id) AS NumberOfVotes
        FROM tblvotetrn tvn
        LEFT JOIN tblvote tv 
            ON tv.votetrnid = tvn.id
            AND tv.IsActive = 1
        LEFT JOIN tblvotemst tvm
            ON tvm.id = tvn.votemstid
        GROUP BY tvn.id
    ')
 3 APPPATH\Controllers\Main.php(153): CodeIgniter\Database\BaseConnection->query('
        SELECT 
            tvn.id,
            tvn.Candidate,
            tvn.CandidateImage,
            tvm.PositionName,
            COUNT(tv.id) AS NumberOfVotes
        FROM tblvotetrn tvn
        LEFT JOIN tblvote tv 
            ON tv.votetrnid = tvn.id
            AND tv.IsActive = 1
        LEFT JOIN tblvotemst tvm
            ON tvm.id = tvn.votemstid
        GROUP BY tvn.id
    ')
 4 SYSTEMPATH\CodeIgniter.php(933): App\Controllers\Main->getDashboarddata()
 5 SYSTEMPATH\CodeIgniter.php(507): CodeIgniter\CodeIgniter->runController(Object(App\Controllers\Main))
 6 SYSTEMPATH\CodeIgniter.php(354): CodeIgniter\CodeIgniter->handleRequest(null, Object(Config\Cache), false)
 7 SYSTEMPATH\Boot.php(334): CodeIgniter\CodeIgniter->run()
 8 SYSTEMPATH\Boot.php(67): CodeIgniter\Boot::runCodeIgniter(Object(CodeIgniter\CodeIgniter))
 9 FCPATH\index.php(56): CodeIgniter\Boot::bootWeb(Object(Config\Paths))
CRITICAL - 2026-05-15 22:50:08 --> [Caused by] mysqli_sql_exception: Unknown column 'tvm.PositionName' in 'field list'
in SYSTEMPATH\Database\MySQLi\Connection.php on line 327.
 1 SYSTEMPATH\Database\MySQLi\Connection.php(327): mysqli->query('
        SELECT 
            tvn.id,
            tvn.Candidate,
            tvn.CandidateImage,
            tvm.PositionName,
            COUNT(tv.id) AS NumberOfVotes
        FROM tblvotetrn tvn
        LEFT JOIN tblvote tv 
            ON tv.votetrnid = tvn.id
            AND tv.IsActive = 1
        LEFT JOIN tblvotemst tvm
            ON tvm.id = tvn.votemstid
        GROUP BY tvn.id
    ', 0)
 2 SYSTEMPATH\Database\BaseConnection.php(738): CodeIgniter\Database\MySQLi\Connection->execute('
        SELECT 
            tvn.id,
            tvn.Candidate,
            tvn.CandidateImage,
            tvm.PositionName,
            COUNT(tv.id) AS NumberOfVotes
        FROM tblvotetrn tvn
        LEFT JOIN tblvote tv 
            ON tv.votetrnid = tvn.id
            AND tv.IsActive = 1
        LEFT JOIN tblvotemst tvm
            ON tvm.id = tvn.votemstid
        GROUP BY tvn.id
    ')
 3 SYSTEMPATH\Database\BaseConnection.php(652): CodeIgniter\Database\BaseConnection->simpleQuery('
        SELECT 
            tvn.id,
            tvn.Candidate,
            tvn.CandidateImage,
            tvm.PositionName,
            COUNT(tv.id) AS NumberOfVotes
        FROM tblvotetrn tvn
        LEFT JOIN tblvote tv 
            ON tv.votetrnid = tvn.id
            AND tv.IsActive = 1
        LEFT JOIN tblvotemst tvm
            ON tvm.id = tvn.votemstid
        GROUP BY tvn.id
    ')
 4 APPPATH\Controllers\Main.php(153): CodeIgniter\Database\BaseConnection->query('
        SELECT 
            tvn.id,
            tvn.Candidate,
            tvn.CandidateImage,
            tvm.PositionName,
            COUNT(tv.id) AS NumberOfVotes
        FROM tblvotetrn tvn
        LEFT JOIN tblvote tv 
            ON tv.votetrnid = tvn.id
            AND tv.IsActive = 1
        LEFT JOIN tblvotemst tvm
            ON tvm.id = tvn.votemstid
        GROUP BY tvn.id
    ')
 5 SYSTEMPATH\CodeIgniter.php(933): App\Controllers\Main->getDashboarddata()
 6 SYSTEMPATH\CodeIgniter.php(507): CodeIgniter\CodeIgniter->runController(Object(App\Controllers\Main))
 7 SYSTEMPATH\CodeIgniter.php(354): CodeIgniter\CodeIgniter->handleRequest(null, Object(Config\Cache), false)
 8 SYSTEMPATH\Boot.php(334): CodeIgniter\CodeIgniter->run()
 9 SYSTEMPATH\Boot.php(67): CodeIgniter\Boot::runCodeIgniter(Object(CodeIgniter\CodeIgniter))
10 FCPATH\index.php(56): CodeIgniter\Boot::bootWeb(Object(Config\Paths))
DEBUG - 2026-05-15 22:50:19 --> Session: Class initialized using 'CodeIgniter\Session\Handlers\FileHandler' driver.
ERROR - 2026-05-15 22:50:19 --> mysqli_sql_exception: Unknown column 'tvm.PositionName' in 'field list' in C:\xampp\htdocs\gscgeavotingsystem\vendor\codeigniter4\framework\system\Database\MySQLi\Connection.php:327
Stack trace:
#0 C:\xampp\htdocs\gscgeavotingsystem\vendor\codeigniter4\framework\system\Database\MySQLi\Connection.php(327): mysqli->query('\r\n        SELEC...', 0)
#1 C:\xampp\htdocs\gscgeavotingsystem\vendor\codeigniter4\framework\system\Database\BaseConnection.php(738): CodeIgniter\Database\MySQLi\Connection->execute('\r\n        SELEC...')
#2 C:\xampp\htdocs\gscgeavotingsystem\vendor\codeigniter4\framework\system\Database\BaseConnection.php(652): CodeIgniter\Database\BaseConnection->simpleQuery('\r\n        SELEC...')
#3 C:\xampp\htdocs\gscgeavotingsystem\app\Controllers\Main.php(153): CodeIgniter\Database\BaseConnection->query('\r\n        SELEC...')
#4 C:\xampp\htdocs\gscgeavotingsystem\vendor\codeigniter4\framework\system\CodeIgniter.php(933): App\Controllers\Main->getDashboarddata()
#5 C:\xampp\htdocs\gscgeavotingsystem\vendor\codeigniter4\framework\system\CodeIgniter.php(507): CodeIgniter\CodeIgniter->runController(Object(App\Controllers\Main))
#6 C:\xampp\htdocs\gscgeavotingsystem\vendor\codeigniter4\framework\system\CodeIgniter.php(354): CodeIgniter\CodeIgniter->handleRequest(NULL, Object(Config\Cache), false)
#7 C:\xampp\htdocs\gscgeavotingsystem\vendor\codeigniter4\framework\system\Boot.php(334): CodeIgniter\CodeIgniter->run()
#8 C:\xampp\htdocs\gscgeavotingsystem\vendor\codeigniter4\framework\system\Boot.php(67): CodeIgniter\Boot::runCodeIgniter(Object(CodeIgniter\CodeIgniter))
#9 C:\xampp\htdocs\gscgeavotingsystem\public\index.php(56): CodeIgniter\Boot::bootWeb(Object(Config\Paths))
#10 {main}
CRITICAL - 2026-05-15 22:50:19 --> CodeIgniter\Database\Exceptions\DatabaseException: Unknown column 'tvm.PositionName' in 'field list'
[Method: GET, Route: main/dashboarddata]
in SYSTEMPATH\Database\BaseConnection.php on line 692.
 1 APPPATH\Controllers\Main.php(153): CodeIgniter\Database\BaseConnection->query('
        SELECT 
            tvn.id,
            tvn.Candidate,
            tvn.CandidateImage,
            tvm.PositionName,
            COUNT(tv.id) AS NumberOfVotes
        FROM tblvotetrn tvn
        LEFT JOIN tblvote tv 
            ON tv.votetrnid = tvn.id
            AND tv.IsActive = 1
        LEFT JOIN tblvotemst tvm
            ON tvm.id = tvn.votemstid
        GROUP BY tvn.id
    ')
 2 SYSTEMPATH\CodeIgniter.php(933): App\Controllers\Main->getDashboarddata()
 3 SYSTEMPATH\CodeIgniter.php(507): CodeIgniter\CodeIgniter->runController(Object(App\Controllers\Main))
 4 SYSTEMPATH\CodeIgniter.php(354): CodeIgniter\CodeIgniter->handleRequest(null, Object(Config\Cache), false)
 5 SYSTEMPATH\Boot.php(334): CodeIgniter\CodeIgniter->run()
 6 SYSTEMPATH\Boot.php(67): CodeIgniter\Boot::runCodeIgniter(Object(CodeIgniter\CodeIgniter))
 7 FCPATH\index.php(56): CodeIgniter\Boot::bootWeb(Object(Config\Paths))
CRITICAL - 2026-05-15 22:50:19 --> [Caused by] CodeIgniter\Database\Exceptions\DatabaseException: Unknown column 'tvm.PositionName' in 'field list'
in SYSTEMPATH\Database\MySQLi\Connection.php on line 332.
 1 SYSTEMPATH\Database\BaseConnection.php(738): CodeIgniter\Database\MySQLi\Connection->execute('
        SELECT 
            tvn.id,
            tvn.Candidate,
            tvn.CandidateImage,
            tvm.PositionName,
            COUNT(tv.id) AS NumberOfVotes
        FROM tblvotetrn tvn
        LEFT JOIN tblvote tv 
            ON tv.votetrnid = tvn.id
            AND tv.IsActive = 1
        LEFT JOIN tblvotemst tvm
            ON tvm.id = tvn.votemstid
        GROUP BY tvn.id
    ')
 2 SYSTEMPATH\Database\BaseConnection.php(652): CodeIgniter\Database\BaseConnection->simpleQuery('
        SELECT 
            tvn.id,
            tvn.Candidate,
            tvn.CandidateImage,
            tvm.PositionName,
            COUNT(tv.id) AS NumberOfVotes
        FROM tblvotetrn tvn
        LEFT JOIN tblvote tv 
            ON tv.votetrnid = tvn.id
            AND tv.IsActive = 1
        LEFT JOIN tblvotemst tvm
            ON tvm.id = tvn.votemstid
        GROUP BY tvn.id
    ')
 3 APPPATH\Controllers\Main.php(153): CodeIgniter\Database\BaseConnection->query('
        SELECT 
            tvn.id,
            tvn.Candidate,
            tvn.CandidateImage,
            tvm.PositionName,
            COUNT(tv.id) AS NumberOfVotes
        FROM tblvotetrn tvn
        LEFT JOIN tblvote tv 
            ON tv.votetrnid = tvn.id
            AND tv.IsActive = 1
        LEFT JOIN tblvotemst tvm
            ON tvm.id = tvn.votemstid
        GROUP BY tvn.id
    ')
 4 SYSTEMPATH\CodeIgniter.php(933): App\Controllers\Main->getDashboarddata()
 5 SYSTEMPATH\CodeIgniter.php(507): CodeIgniter\CodeIgniter->runController(Object(App\Controllers\Main))
 6 SYSTEMPATH\CodeIgniter.php(354): CodeIgniter\CodeIgniter->handleRequest(null, Object(Config\Cache), false)
 7 SYSTEMPATH\Boot.php(334): CodeIgniter\CodeIgniter->run()
 8 SYSTEMPATH\Boot.php(67): CodeIgniter\Boot::runCodeIgniter(Object(CodeIgniter\CodeIgniter))
 9 FCPATH\index.php(56): CodeIgniter\Boot::bootWeb(Object(Config\Paths))
CRITICAL - 2026-05-15 22:50:19 --> [Caused by] mysqli_sql_exception: Unknown column 'tvm.PositionName' in 'field list'
in SYSTEMPATH\Database\MySQLi\Connection.php on line 327.
 1 SYSTEMPATH\Database\MySQLi\Connection.php(327): mysqli->query('
        SELECT 
            tvn.id,
            tvn.Candidate,
            tvn.CandidateImage,
            tvm.PositionName,
            COUNT(tv.id) AS NumberOfVotes
        FROM tblvotetrn tvn
        LEFT JOIN tblvote tv 
            ON tv.votetrnid = tvn.id
            AND tv.IsActive = 1
        LEFT JOIN tblvotemst tvm
            ON tvm.id = tvn.votemstid
        GROUP BY tvn.id
    ', 0)
 2 SYSTEMPATH\Database\BaseConnection.php(738): CodeIgniter\Database\MySQLi\Connection->execute('
        SELECT 
            tvn.id,
            tvn.Candidate,
            tvn.CandidateImage,
            tvm.PositionName,
            COUNT(tv.id) AS NumberOfVotes
        FROM tblvotetrn tvn
        LEFT JOIN tblvote tv 
            ON tv.votetrnid = tvn.id
            AND tv.IsActive = 1
        LEFT JOIN tblvotemst tvm
            ON tvm.id = tvn.votemstid
        GROUP BY tvn.id
    ')
 3 SYSTEMPATH\Database\BaseConnection.php(652): CodeIgniter\Database\BaseConnection->simpleQuery('
        SELECT 
            tvn.id,
            tvn.Candidate,
            tvn.CandidateImage,
            tvm.PositionName,
            COUNT(tv.id) AS NumberOfVotes
        FROM tblvotetrn tvn
        LEFT JOIN tblvote tv 
            ON tv.votetrnid = tvn.id
            AND tv.IsActive = 1
        LEFT JOIN tblvotemst tvm
            ON tvm.id = tvn.votemstid
        GROUP BY tvn.id
    ')
 4 APPPATH\Controllers\Main.php(153): CodeIgniter\Database\BaseConnection->query('
        SELECT 
            tvn.id,
            tvn.Candidate,
            tvn.CandidateImage,
            tvm.PositionName,
            COUNT(tv.id) AS NumberOfVotes
        FROM tblvotetrn tvn
        LEFT JOIN tblvote tv 
            ON tv.votetrnid = tvn.id
            AND tv.IsActive = 1
        LEFT JOIN tblvotemst tvm
            ON tvm.id = tvn.votemstid
        GROUP BY tvn.id
    ')
 5 SYSTEMPATH\CodeIgniter.php(933): App\Controllers\Main->getDashboarddata()
 6 SYSTEMPATH\CodeIgniter.php(507): CodeIgniter\CodeIgniter->runController(Object(App\Controllers\Main))
 7 SYSTEMPATH\CodeIgniter.php(354): CodeIgniter\CodeIgniter->handleRequest(null, Object(Config\Cache), false)
 8 SYSTEMPATH\Boot.php(334): CodeIgniter\CodeIgniter->run()
 9 SYSTEMPATH\Boot.php(67): CodeIgniter\Boot::runCodeIgniter(Object(CodeIgniter\CodeIgniter))
10 FCPATH\index.php(56): CodeIgniter\Boot::bootWeb(Object(Config\Paths))
DEBUG - 2026-05-15 22:50:28 --> Session: Class initialized using 'CodeIgniter\Session\Handlers\FileHandler' driver.
ERROR - 2026-05-15 22:50:28 --> mysqli_sql_exception: Unknown column 'tvm.PositionName' in 'field list' in C:\xampp\htdocs\gscgeavotingsystem\vendor\codeigniter4\framework\system\Database\MySQLi\Connection.php:327
Stack trace:
#0 C:\xampp\htdocs\gscgeavotingsystem\vendor\codeigniter4\framework\system\Database\MySQLi\Connection.php(327): mysqli->query('\r\n        SELEC...', 0)
#1 C:\xampp\htdocs\gscgeavotingsystem\vendor\codeigniter4\framework\system\Database\BaseConnection.php(738): CodeIgniter\Database\MySQLi\Connection->execute('\r\n        SELEC...')
#2 C:\xampp\htdocs\gscgeavotingsystem\vendor\codeigniter4\framework\system\Database\BaseConnection.php(652): CodeIgniter\Database\BaseConnection->simpleQuery('\r\n        SELEC...')
#3 C:\xampp\htdocs\gscgeavotingsystem\app\Controllers\Main.php(153): CodeIgniter\Database\BaseConnection->query('\r\n        SELEC...')
#4 C:\xampp\htdocs\gscgeavotingsystem\vendor\codeigniter4\framework\system\CodeIgniter.php(933): App\Controllers\Main->getDashboarddata()
#5 C:\xampp\htdocs\gscgeavotingsystem\vendor\codeigniter4\framework\system\CodeIgniter.php(507): CodeIgniter\CodeIgniter->runController(Object(App\Controllers\Main))
#6 C:\xampp\htdocs\gscgeavotingsystem\vendor\codeigniter4\framework\system\CodeIgniter.php(354): CodeIgniter\CodeIgniter->handleRequest(NULL, Object(Config\Cache), false)
#7 C:\xampp\htdocs\gscgeavotingsystem\vendor\codeigniter4\framework\system\Boot.php(334): CodeIgniter\CodeIgniter->run()
#8 C:\xampp\htdocs\gscgeavotingsystem\vendor\codeigniter4\framework\system\Boot.php(67): CodeIgniter\Boot::runCodeIgniter(Object(CodeIgniter\CodeIgniter))
#9 C:\xampp\htdocs\gscgeavotingsystem\public\index.php(56): CodeIgniter\Boot::bootWeb(Object(Config\Paths))
#10 {main}
CRITICAL - 2026-05-15 22:50:28 --> CodeIgniter\Database\Exceptions\DatabaseException: Unknown column 'tvm.PositionName' in 'field list'
[Method: GET, Route: main/dashboarddata]
in SYSTEMPATH\Database\BaseConnection.php on line 692.
 1 APPPATH\Controllers\Main.php(153): CodeIgniter\Database\BaseConnection->query('
        SELECT 
            tvn.id,
            tvn.Candidate,
            tvn.CandidateImage,
            tvm.PositionName,
            COUNT(tv.id) AS NumberOfVotes
        FROM tblvotetrn tvn
        LEFT JOIN tblvote tv 
            ON tv.votetrnid = tvn.id
            AND tv.IsActive = 1
        LEFT JOIN tblvotemst tvm
            ON tvm.id = tvn.votemstid
        GROUP BY tvn.id
    ')
 2 SYSTEMPATH\CodeIgniter.php(933): App\Controllers\Main->getDashboarddata()
 3 SYSTEMPATH\CodeIgniter.php(507): CodeIgniter\CodeIgniter->runController(Object(App\Controllers\Main))
 4 SYSTEMPATH\CodeIgniter.php(354): CodeIgniter\CodeIgniter->handleRequest(null, Object(Config\Cache), false)
 5 SYSTEMPATH\Boot.php(334): CodeIgniter\CodeIgniter->run()
 6 SYSTEMPATH\Boot.php(67): CodeIgniter\Boot::runCodeIgniter(Object(CodeIgniter\CodeIgniter))
 7 FCPATH\index.php(56): CodeIgniter\Boot::bootWeb(Object(Config\Paths))
CRITICAL - 2026-05-15 22:50:28 --> [Caused by] CodeIgniter\Database\Exceptions\DatabaseException: Unknown column 'tvm.PositionName' in 'field list'
in SYSTEMPATH\Database\MySQLi\Connection.php on line 332.
 1 SYSTEMPATH\Database\BaseConnection.php(738): CodeIgniter\Database\MySQLi\Connection->execute('
        SELECT 
            tvn.id,
            tvn.Candidate,
            tvn.CandidateImage,
            tvm.PositionName,
            COUNT(tv.id) AS NumberOfVotes
        FROM tblvotetrn tvn
        LEFT JOIN tblvote tv 
            ON tv.votetrnid = tvn.id
            AND tv.IsActive = 1
        LEFT JOIN tblvotemst tvm
            ON tvm.id = tvn.votemstid
        GROUP BY tvn.id
    ')
 2 SYSTEMPATH\Database\BaseConnection.php(652): CodeIgniter\Database\BaseConnection->simpleQuery('
        SELECT 
            tvn.id,
            tvn.Candidate,
            tvn.CandidateImage,
            tvm.PositionName,
            COUNT(tv.id) AS NumberOfVotes
        FROM tblvotetrn tvn
        LEFT JOIN tblvote tv 
            ON tv.votetrnid = tvn.id
            AND tv.IsActive = 1
        LEFT JOIN tblvotemst tvm
            ON tvm.id = tvn.votemstid
        GROUP BY tvn.id
    ')
 3 APPPATH\Controllers\Main.php(153): CodeIgniter\Database\BaseConnection->query('
        SELECT 
            tvn.id,
            tvn.Candidate,
            tvn.CandidateImage,
            tvm.PositionName,
            COUNT(tv.id) AS NumberOfVotes
        FROM tblvotetrn tvn
        LEFT JOIN tblvote tv 
            ON tv.votetrnid = tvn.id
            AND tv.IsActive = 1
        LEFT JOIN tblvotemst tvm
            ON tvm.id = tvn.votemstid
        GROUP BY tvn.id
    ')
 4 SYSTEMPATH\CodeIgniter.php(933): App\Controllers\Main->getDashboarddata()
 5 SYSTEMPATH\CodeIgniter.php(507): CodeIgniter\CodeIgniter->runController(Object(App\Controllers\Main))
 6 SYSTEMPATH\CodeIgniter.php(354): CodeIgniter\CodeIgniter->handleRequest(null, Object(Config\Cache), false)
 7 SYSTEMPATH\Boot.php(334): CodeIgniter\CodeIgniter->run()
 8 SYSTEMPATH\Boot.php(67): CodeIgniter\Boot::runCodeIgniter(Object(CodeIgniter\CodeIgniter))
 9 FCPATH\index.php(56): CodeIgniter\Boot::bootWeb(Object(Config\Paths))
CRITICAL - 2026-05-15 22:50:28 --> [Caused by] mysqli_sql_exception: Unknown column 'tvm.PositionName' in 'field list'
in SYSTEMPATH\Database\MySQLi\Connection.php on line 327.
 1 SYSTEMPATH\Database\MySQLi\Connection.php(327): mysqli->query('
        SELECT 
            tvn.id,
            tvn.Candidate,
            tvn.CandidateImage,
            tvm.PositionName,
            COUNT(tv.id) AS NumberOfVotes
        FROM tblvotetrn tvn
        LEFT JOIN tblvote tv 
            ON tv.votetrnid = tvn.id
            AND tv.IsActive = 1
        LEFT JOIN tblvotemst tvm
            ON tvm.id = tvn.votemstid
        GROUP BY tvn.id
    ', 0)
 2 SYSTEMPATH\Database\BaseConnection.php(738): CodeIgniter\Database\MySQLi\Connection->execute('
        SELECT 
            tvn.id,
            tvn.Candidate,
            tvn.CandidateImage,
            tvm.PositionName,
            COUNT(tv.id) AS NumberOfVotes
        FROM tblvotetrn tvn
        LEFT JOIN tblvote tv 
            ON tv.votetrnid = tvn.id
            AND tv.IsActive = 1
        LEFT JOIN tblvotemst tvm
            ON tvm.id = tvn.votemstid
        GROUP BY tvn.id
    ')
 3 SYSTEMPATH\Database\BaseConnection.php(652): CodeIgniter\Database\BaseConnection->simpleQuery('
        SELECT 
            tvn.id,
            tvn.Candidate,
            tvn.CandidateImage,
            tvm.PositionName,
            COUNT(tv.id) AS NumberOfVotes
        FROM tblvotetrn tvn
        LEFT JOIN tblvote tv 
            ON tv.votetrnid = tvn.id
            AND tv.IsActive = 1
        LEFT JOIN tblvotemst tvm
            ON tvm.id = tvn.votemstid
        GROUP BY tvn.id
    ')
 4 APPPATH\Controllers\Main.php(153): CodeIgniter\Database\BaseConnection->query('
        SELECT 
            tvn.id,
            tvn.Candidate,
            tvn.CandidateImage,
            tvm.PositionName,
            COUNT(tv.id) AS NumberOfVotes
        FROM tblvotetrn tvn
        LEFT JOIN tblvote tv 
            ON tv.votetrnid = tvn.id
            AND tv.IsActive = 1
        LEFT JOIN tblvotemst tvm
            ON tvm.id = tvn.votemstid
        GROUP BY tvn.id
    ')
 5 SYSTEMPATH\CodeIgniter.php(933): App\Controllers\Main->getDashboarddata()
 6 SYSTEMPATH\CodeIgniter.php(507): CodeIgniter\CodeIgniter->runController(Object(App\Controllers\Main))
 7 SYSTEMPATH\CodeIgniter.php(354): CodeIgniter\CodeIgniter->handleRequest(null, Object(Config\Cache), false)
 8 SYSTEMPATH\Boot.php(334): CodeIgniter\CodeIgniter->run()
 9 SYSTEMPATH\Boot.php(67): CodeIgniter\Boot::runCodeIgniter(Object(CodeIgniter\CodeIgniter))
10 FCPATH\index.php(56): CodeIgniter\Boot::bootWeb(Object(Config\Paths))
DEBUG - 2026-05-15 22:50:29 --> Session: Class initialized using 'CodeIgniter\Session\Handlers\FileHandler' driver.
ERROR - 2026-05-15 22:50:29 --> mysqli_sql_exception: Unknown column 'tvm.PositionName' in 'field list' in C:\xampp\htdocs\gscgeavotingsystem\vendor\codeigniter4\framework\system\Database\MySQLi\Connection.php:327
Stack trace:
#0 C:\xampp\htdocs\gscgeavotingsystem\vendor\codeigniter4\framework\system\Database\MySQLi\Connection.php(327): mysqli->query('\r\n        SELEC...', 0)
#1 C:\xampp\htdocs\gscgeavotingsystem\vendor\codeigniter4\framework\system\Database\BaseConnection.php(738): CodeIgniter\Database\MySQLi\Connection->execute('\r\n        SELEC...')
#2 C:\xampp\htdocs\gscgeavotingsystem\vendor\codeigniter4\framework\system\Database\BaseConnection.php(652): CodeIgniter\Database\BaseConnection->simpleQuery('\r\n        SELEC...')
#3 C:\xampp\htdocs\gscgeavotingsystem\app\Controllers\Main.php(153): CodeIgniter\Database\BaseConnection->query('\r\n        SELEC...')
#4 C:\xampp\htdocs\gscgeavotingsystem\vendor\codeigniter4\framework\system\CodeIgniter.php(933): App\Controllers\Main->getDashboarddata()
#5 C:\xampp\htdocs\gscgeavotingsystem\vendor\codeigniter4\framework\system\CodeIgniter.php(507): CodeIgniter\CodeIgniter->runController(Object(App\Controllers\Main))
#6 C:\xampp\htdocs\gscgeavotingsystem\vendor\codeigniter4\framework\system\CodeIgniter.php(354): CodeIgniter\CodeIgniter->handleRequest(NULL, Object(Config\Cache), false)
#7 C:\xampp\htdocs\gscgeavotingsystem\vendor\codeigniter4\framework\system\Boot.php(334): CodeIgniter\CodeIgniter->run()
#8 C:\xampp\htdocs\gscgeavotingsystem\vendor\codeigniter4\framework\system\Boot.php(67): CodeIgniter\Boot::runCodeIgniter(Object(CodeIgniter\CodeIgniter))
#9 C:\xampp\htdocs\gscgeavotingsystem\public\index.php(56): CodeIgniter\Boot::bootWeb(Object(Config\Paths))
#10 {main}
CRITICAL - 2026-05-15 22:50:29 --> CodeIgniter\Database\Exceptions\DatabaseException: Unknown column 'tvm.PositionName' in 'field list'
[Method: GET, Route: main/dashboarddata]
in SYSTEMPATH\Database\BaseConnection.php on line 692.
 1 APPPATH\Controllers\Main.php(153): CodeIgniter\Database\BaseConnection->query('
        SELECT 
            tvn.id,
            tvn.Candidate,
            tvn.CandidateImage,
            tvm.PositionName,
            COUNT(tv.id) AS NumberOfVotes
        FROM tblvotetrn tvn
        LEFT JOIN tblvote tv 
            ON tv.votetrnid = tvn.id
            AND tv.IsActive = 1
        LEFT JOIN tblvotemst tvm
            ON tvm.id = tvn.votemstid
        GROUP BY tvn.id
    ')
 2 SYSTEMPATH\CodeIgniter.php(933): App\Controllers\Main->getDashboarddata()
 3 SYSTEMPATH\CodeIgniter.php(507): CodeIgniter\CodeIgniter->runController(Object(App\Controllers\Main))
 4 SYSTEMPATH\CodeIgniter.php(354): CodeIgniter\CodeIgniter->handleRequest(null, Object(Config\Cache), false)
 5 SYSTEMPATH\Boot.php(334): CodeIgniter\CodeIgniter->run()
 6 SYSTEMPATH\Boot.php(67): CodeIgniter\Boot::runCodeIgniter(Object(CodeIgniter\CodeIgniter))
 7 FCPATH\index.php(56): CodeIgniter\Boot::bootWeb(Object(Config\Paths))
CRITICAL - 2026-05-15 22:50:29 --> [Caused by] CodeIgniter\Database\Exceptions\DatabaseException: Unknown column 'tvm.PositionName' in 'field list'
in SYSTEMPATH\Database\MySQLi\Connection.php on line 332.
 1 SYSTEMPATH\Database\BaseConnection.php(738): CodeIgniter\Database\MySQLi\Connection->execute('
        SELECT 
            tvn.id,
            tvn.Candidate,
            tvn.CandidateImage,
            tvm.PositionName,
            COUNT(tv.id) AS NumberOfVotes
        FROM tblvotetrn tvn
        LEFT JOIN tblvote tv 
            ON tv.votetrnid = tvn.id
            AND tv.IsActive = 1
        LEFT JOIN tblvotemst tvm
            ON tvm.id = tvn.votemstid
        GROUP BY tvn.id
    ')
 2 SYSTEMPATH\Database\BaseConnection.php(652): CodeIgniter\Database\BaseConnection->simpleQuery('
        SELECT 
            tvn.id,
            tvn.Candidate,
            tvn.CandidateImage,
            tvm.PositionName,
            COUNT(tv.id) AS NumberOfVotes
        FROM tblvotetrn tvn
        LEFT JOIN tblvote tv 
            ON tv.votetrnid = tvn.id
            AND tv.IsActive = 1
        LEFT JOIN tblvotemst tvm
            ON tvm.id = tvn.votemstid
        GROUP BY tvn.id
    ')
 3 APPPATH\Controllers\Main.php(153): CodeIgniter\Database\BaseConnection->query('
        SELECT 
            tvn.id,
            tvn.Candidate,
            tvn.CandidateImage,
            tvm.PositionName,
            COUNT(tv.id) AS NumberOfVotes
        FROM tblvotetrn tvn
        LEFT JOIN tblvote tv 
            ON tv.votetrnid = tvn.id
            AND tv.IsActive = 1
        LEFT JOIN tblvotemst tvm
            ON tvm.id = tvn.votemstid
        GROUP BY tvn.id
    ')
 4 SYSTEMPATH\CodeIgniter.php(933): App\Controllers\Main->getDashboarddata()
 5 SYSTEMPATH\CodeIgniter.php(507): CodeIgniter\CodeIgniter->runController(Object(App\Controllers\Main))
 6 SYSTEMPATH\CodeIgniter.php(354): CodeIgniter\CodeIgniter->handleRequest(null, Object(Config\Cache), false)
 7 SYSTEMPATH\Boot.php(334): CodeIgniter\CodeIgniter->run()
 8 SYSTEMPATH\Boot.php(67): CodeIgniter\Boot::runCodeIgniter(Object(CodeIgniter\CodeIgniter))
 9 FCPATH\index.php(56): CodeIgniter\Boot::bootWeb(Object(Config\Paths))
CRITICAL - 2026-05-15 22:50:29 --> [Caused by] mysqli_sql_exception: Unknown column 'tvm.PositionName' in 'field list'
in SYSTEMPATH\Database\MySQLi\Connection.php on line 327.
 1 SYSTEMPATH\Database\MySQLi\Connection.php(327): mysqli->query('
        SELECT 
            tvn.id,
            tvn.Candidate,
            tvn.CandidateImage,
            tvm.PositionName,
            COUNT(tv.id) AS NumberOfVotes
        FROM tblvotetrn tvn
        LEFT JOIN tblvote tv 
            ON tv.votetrnid = tvn.id
            AND tv.IsActive = 1
        LEFT JOIN tblvotemst tvm
            ON tvm.id = tvn.votemstid
        GROUP BY tvn.id
    ', 0)
 2 SYSTEMPATH\Database\BaseConnection.php(738): CodeIgniter\Database\MySQLi\Connection->execute('
        SELECT 
            tvn.id,
            tvn.Candidate,
            tvn.CandidateImage,
            tvm.PositionName,
            COUNT(tv.id) AS NumberOfVotes
        FROM tblvotetrn tvn
        LEFT JOIN tblvote tv 
            ON tv.votetrnid = tvn.id
            AND tv.IsActive = 1
        LEFT JOIN tblvotemst tvm
            ON tvm.id = tvn.votemstid
        GROUP BY tvn.id
    ')
 3 SYSTEMPATH\Database\BaseConnection.php(652): CodeIgniter\Database\BaseConnection->simpleQuery('
        SELECT 
            tvn.id,
            tvn.Candidate,
            tvn.CandidateImage,
            tvm.PositionName,
            COUNT(tv.id) AS NumberOfVotes
        FROM tblvotetrn tvn
        LEFT JOIN tblvote tv 
            ON tv.votetrnid = tvn.id
            AND tv.IsActive = 1
        LEFT JOIN tblvotemst tvm
            ON tvm.id = tvn.votemstid
        GROUP BY tvn.id
    ')
 4 APPPATH\Controllers\Main.php(153): CodeIgniter\Database\BaseConnection->query('
        SELECT 
            tvn.id,
            tvn.Candidate,
            tvn.CandidateImage,
            tvm.PositionName,
            COUNT(tv.id) AS NumberOfVotes
        FROM tblvotetrn tvn
        LEFT JOIN tblvote tv 
            ON tv.votetrnid = tvn.id
            AND tv.IsActive = 1
        LEFT JOIN tblvotemst tvm
            ON tvm.id = tvn.votemstid
        GROUP BY tvn.id
    ')
 5 SYSTEMPATH\CodeIgniter.php(933): App\Controllers\Main->getDashboarddata()
 6 SYSTEMPATH\CodeIgniter.php(507): CodeIgniter\CodeIgniter->runController(Object(App\Controllers\Main))
 7 SYSTEMPATH\CodeIgniter.php(354): CodeIgniter\CodeIgniter->handleRequest(null, Object(Config\Cache), false)
 8 SYSTEMPATH\Boot.php(334): CodeIgniter\CodeIgniter->run()
 9 SYSTEMPATH\Boot.php(67): CodeIgniter\Boot::runCodeIgniter(Object(CodeIgniter\CodeIgniter))
10 FCPATH\index.php(56): CodeIgniter\Boot::bootWeb(Object(Config\Paths))
DEBUG - 2026-05-15 22:50:39 --> Session: Class initialized using 'CodeIgniter\Session\Handlers\FileHandler' driver.
ERROR - 2026-05-15 22:50:39 --> mysqli_sql_exception: Unknown column 'tvm.PositionName' in 'field list' in C:\xampp\htdocs\gscgeavotingsystem\vendor\codeigniter4\framework\system\Database\MySQLi\Connection.php:327
Stack trace:
#0 C:\xampp\htdocs\gscgeavotingsystem\vendor\codeigniter4\framework\system\Database\MySQLi\Connection.php(327): mysqli->query('\r\n        SELEC...', 0)
#1 C:\xampp\htdocs\gscgeavotingsystem\vendor\codeigniter4\framework\system\Database\BaseConnection.php(738): CodeIgniter\Database\MySQLi\Connection->execute('\r\n        SELEC...')
#2 C:\xampp\htdocs\gscgeavotingsystem\vendor\codeigniter4\framework\system\Database\BaseConnection.php(652): CodeIgniter\Database\BaseConnection->simpleQuery('\r\n        SELEC...')
#3 C:\xampp\htdocs\gscgeavotingsystem\app\Controllers\Main.php(153): CodeIgniter\Database\BaseConnection->query('\r\n        SELEC...')
#4 C:\xampp\htdocs\gscgeavotingsystem\vendor\codeigniter4\framework\system\CodeIgniter.php(933): App\Controllers\Main->getDashboarddata()
#5 C:\xampp\htdocs\gscgeavotingsystem\vendor\codeigniter4\framework\system\CodeIgniter.php(507): CodeIgniter\CodeIgniter->runController(Object(App\Controllers\Main))
#6 C:\xampp\htdocs\gscgeavotingsystem\vendor\codeigniter4\framework\system\CodeIgniter.php(354): CodeIgniter\CodeIgniter->handleRequest(NULL, Object(Config\Cache), false)
#7 C:\xampp\htdocs\gscgeavotingsystem\vendor\codeigniter4\framework\system\Boot.php(334): CodeIgniter\CodeIgniter->run()
#8 C:\xampp\htdocs\gscgeavotingsystem\vendor\codeigniter4\framework\system\Boot.php(67): CodeIgniter\Boot::runCodeIgniter(Object(CodeIgniter\CodeIgniter))
#9 C:\xampp\htdocs\gscgeavotingsystem\public\index.php(56): CodeIgniter\Boot::bootWeb(Object(Config\Paths))
#10 {main}
CRITICAL - 2026-05-15 22:50:39 --> CodeIgniter\Database\Exceptions\DatabaseException: Unknown column 'tvm.PositionName' in 'field list'
[Method: GET, Route: main/dashboarddata]
in SYSTEMPATH\Database\BaseConnection.php on line 692.
 1 APPPATH\Controllers\Main.php(153): CodeIgniter\Database\BaseConnection->query('
        SELECT 
            tvn.id,
            tvn.Candidate,
            tvn.CandidateImage,
            tvm.PositionName,
            COUNT(tv.id) AS NumberOfVotes
        FROM tblvotetrn tvn
        LEFT JOIN tblvote tv 
            ON tv.votetrnid = tvn.id
            AND tv.IsActive = 1
        LEFT JOIN tblvotemst tvm
            ON tvm.id = tvn.votemstid
        GROUP BY tvn.id
    ')
 2 SYSTEMPATH\CodeIgniter.php(933): App\Controllers\Main->getDashboarddata()
 3 SYSTEMPATH\CodeIgniter.php(507): CodeIgniter\CodeIgniter->runController(Object(App\Controllers\Main))
 4 SYSTEMPATH\CodeIgniter.php(354): CodeIgniter\CodeIgniter->handleRequest(null, Object(Config\Cache), false)
 5 SYSTEMPATH\Boot.php(334): CodeIgniter\CodeIgniter->run()
 6 SYSTEMPATH\Boot.php(67): CodeIgniter\Boot::runCodeIgniter(Object(CodeIgniter\CodeIgniter))
 7 FCPATH\index.php(56): CodeIgniter\Boot::bootWeb(Object(Config\Paths))
CRITICAL - 2026-05-15 22:50:39 --> [Caused by] CodeIgniter\Database\Exceptions\DatabaseException: Unknown column 'tvm.PositionName' in 'field list'
in SYSTEMPATH\Database\MySQLi\Connection.php on line 332.
 1 SYSTEMPATH\Database\BaseConnection.php(738): CodeIgniter\Database\MySQLi\Connection->execute('
        SELECT 
            tvn.id,
            tvn.Candidate,
            tvn.CandidateImage,
            tvm.PositionName,
            COUNT(tv.id) AS NumberOfVotes
        FROM tblvotetrn tvn
        LEFT JOIN tblvote tv 
            ON tv.votetrnid = tvn.id
            AND tv.IsActive = 1
        LEFT JOIN tblvotemst tvm
            ON tvm.id = tvn.votemstid
        GROUP BY tvn.id
    ')
 2 SYSTEMPATH\Database\BaseConnection.php(652): CodeIgniter\Database\BaseConnection->simpleQuery('
        SELECT 
            tvn.id,
            tvn.Candidate,
            tvn.CandidateImage,
            tvm.PositionName,
            COUNT(tv.id) AS NumberOfVotes
        FROM tblvotetrn tvn
        LEFT JOIN tblvote tv 
            ON tv.votetrnid = tvn.id
            AND tv.IsActive = 1
        LEFT JOIN tblvotemst tvm
            ON tvm.id = tvn.votemstid
        GROUP BY tvn.id
    ')
 3 APPPATH\Controllers\Main.php(153): CodeIgniter\Database\BaseConnection->query('
        SELECT 
            tvn.id,
            tvn.Candidate,
            tvn.CandidateImage,
            tvm.PositionName,
            COUNT(tv.id) AS NumberOfVotes
        FROM tblvotetrn tvn
        LEFT JOIN tblvote tv 
            ON tv.votetrnid = tvn.id
            AND tv.IsActive = 1
        LEFT JOIN tblvotemst tvm
            ON tvm.id = tvn.votemstid
        GROUP BY tvn.id
    ')
 4 SYSTEMPATH\CodeIgniter.php(933): App\Controllers\Main->getDashboarddata()
 5 SYSTEMPATH\CodeIgniter.php(507): CodeIgniter\CodeIgniter->runController(Object(App\Controllers\Main))
 6 SYSTEMPATH\CodeIgniter.php(354): CodeIgniter\CodeIgniter->handleRequest(null, Object(Config\Cache), false)
 7 SYSTEMPATH\Boot.php(334): CodeIgniter\CodeIgniter->run()
 8 SYSTEMPATH\Boot.php(67): CodeIgniter\Boot::runCodeIgniter(Object(CodeIgniter\CodeIgniter))
 9 FCPATH\index.php(56): CodeIgniter\Boot::bootWeb(Object(Config\Paths))
CRITICAL - 2026-05-15 22:50:39 --> [Caused by] mysqli_sql_exception: Unknown column 'tvm.PositionName' in 'field list'
in SYSTEMPATH\Database\MySQLi\Connection.php on line 327.
 1 SYSTEMPATH\Database\MySQLi\Connection.php(327): mysqli->query('
        SELECT 
            tvn.id,
            tvn.Candidate,
            tvn.CandidateImage,
            tvm.PositionName,
            COUNT(tv.id) AS NumberOfVotes
        FROM tblvotetrn tvn
        LEFT JOIN tblvote tv 
            ON tv.votetrnid = tvn.id
            AND tv.IsActive = 1
        LEFT JOIN tblvotemst tvm
            ON tvm.id = tvn.votemstid
        GROUP BY tvn.id
    ', 0)
 2 SYSTEMPATH\Database\BaseConnection.php(738): CodeIgniter\Database\MySQLi\Connection->execute('
        SELECT 
            tvn.id,
            tvn.Candidate,
            tvn.CandidateImage,
            tvm.PositionName,
            COUNT(tv.id) AS NumberOfVotes
        FROM tblvotetrn tvn
        LEFT JOIN tblvote tv 
            ON tv.votetrnid = tvn.id
            AND tv.IsActive = 1
        LEFT JOIN tblvotemst tvm
            ON tvm.id = tvn.votemstid
        GROUP BY tvn.id
    ')
 3 SYSTEMPATH\Database\BaseConnection.php(652): CodeIgniter\Database\BaseConnection->simpleQuery('
        SELECT 
            tvn.id,
            tvn.Candidate,
            tvn.CandidateImage,
            tvm.PositionName,
            COUNT(tv.id) AS NumberOfVotes
        FROM tblvotetrn tvn
        LEFT JOIN tblvote tv 
            ON tv.votetrnid = tvn.id
            AND tv.IsActive = 1
        LEFT JOIN tblvotemst tvm
            ON tvm.id = tvn.votemstid
        GROUP BY tvn.id
    ')
 4 APPPATH\Controllers\Main.php(153): CodeIgniter\Database\BaseConnection->query('
        SELECT 
            tvn.id,
            tvn.Candidate,
            tvn.CandidateImage,
            tvm.PositionName,
            COUNT(tv.id) AS NumberOfVotes
        FROM tblvotetrn tvn
        LEFT JOIN tblvote tv 
            ON tv.votetrnid = tvn.id
            AND tv.IsActive = 1
        LEFT JOIN tblvotemst tvm
            ON tvm.id = tvn.votemstid
        GROUP BY tvn.id
    ')
 5 SYSTEMPATH\CodeIgniter.php(933): App\Controllers\Main->getDashboarddata()
 6 SYSTEMPATH\CodeIgniter.php(507): CodeIgniter\CodeIgniter->runController(Object(App\Controllers\Main))
 7 SYSTEMPATH\CodeIgniter.php(354): CodeIgniter\CodeIgniter->handleRequest(null, Object(Config\Cache), false)
 8 SYSTEMPATH\Boot.php(334): CodeIgniter\CodeIgniter->run()
 9 SYSTEMPATH\Boot.php(67): CodeIgniter\Boot::runCodeIgniter(Object(CodeIgniter\CodeIgniter))
10 FCPATH\index.php(56): CodeIgniter\Boot::bootWeb(Object(Config\Paths))
DEBUG - 2026-05-15 22:50:49 --> Session: Class initialized using 'CodeIgniter\Session\Handlers\FileHandler' driver.
ERROR - 2026-05-15 22:50:50 --> mysqli_sql_exception: Unknown column 'tvm.PositionName' in 'field list' in C:\xampp\htdocs\gscgeavotingsystem\vendor\codeigniter4\framework\system\Database\MySQLi\Connection.php:327
Stack trace:
#0 C:\xampp\htdocs\gscgeavotingsystem\vendor\codeigniter4\framework\system\Database\MySQLi\Connection.php(327): mysqli->query('\r\n        SELEC...', 0)
#1 C:\xampp\htdocs\gscgeavotingsystem\vendor\codeigniter4\framework\system\Database\BaseConnection.php(738): CodeIgniter\Database\MySQLi\Connection->execute('\r\n        SELEC...')
#2 C:\xampp\htdocs\gscgeavotingsystem\vendor\codeigniter4\framework\system\Database\BaseConnection.php(652): CodeIgniter\Database\BaseConnection->simpleQuery('\r\n        SELEC...')
#3 C:\xampp\htdocs\gscgeavotingsystem\app\Controllers\Main.php(153): CodeIgniter\Database\BaseConnection->query('\r\n        SELEC...')
#4 C:\xampp\htdocs\gscgeavotingsystem\vendor\codeigniter4\framework\system\CodeIgniter.php(933): App\Controllers\Main->getDashboarddata()
#5 C:\xampp\htdocs\gscgeavotingsystem\vendor\codeigniter4\framework\system\CodeIgniter.php(507): CodeIgniter\CodeIgniter->runController(Object(App\Controllers\Main))
#6 C:\xampp\htdocs\gscgeavotingsystem\vendor\codeigniter4\framework\system\CodeIgniter.php(354): CodeIgniter\CodeIgniter->handleRequest(NULL, Object(Config\Cache), false)
#7 C:\xampp\htdocs\gscgeavotingsystem\vendor\codeigniter4\framework\system\Boot.php(334): CodeIgniter\CodeIgniter->run()
#8 C:\xampp\htdocs\gscgeavotingsystem\vendor\codeigniter4\framework\system\Boot.php(67): CodeIgniter\Boot::runCodeIgniter(Object(CodeIgniter\CodeIgniter))
#9 C:\xampp\htdocs\gscgeavotingsystem\public\index.php(56): CodeIgniter\Boot::bootWeb(Object(Config\Paths))
#10 {main}
CRITICAL - 2026-05-15 22:50:50 --> CodeIgniter\Database\Exceptions\DatabaseException: Unknown column 'tvm.PositionName' in 'field list'
[Method: GET, Route: main/dashboarddata]
in SYSTEMPATH\Database\BaseConnection.php on line 692.
 1 APPPATH\Controllers\Main.php(153): CodeIgniter\Database\BaseConnection->query('
        SELECT 
            tvn.id,
            tvn.Candidate,
            tvn.CandidateImage,
            tvm.PositionName,
            COUNT(tv.id) AS NumberOfVotes
        FROM tblvotetrn tvn
        LEFT JOIN tblvote tv 
            ON tv.votetrnid = tvn.id
            AND tv.IsActive = 1
        LEFT JOIN tblvotemst tvm
            ON tvm.id = tvn.votemstid
        GROUP BY tvn.id
    ')
 2 SYSTEMPATH\CodeIgniter.php(933): App\Controllers\Main->getDashboarddata()
 3 SYSTEMPATH\CodeIgniter.php(507): CodeIgniter\CodeIgniter->runController(Object(App\Controllers\Main))
 4 SYSTEMPATH\CodeIgniter.php(354): CodeIgniter\CodeIgniter->handleRequest(null, Object(Config\Cache), false)
 5 SYSTEMPATH\Boot.php(334): CodeIgniter\CodeIgniter->run()
 6 SYSTEMPATH\Boot.php(67): CodeIgniter\Boot::runCodeIgniter(Object(CodeIgniter\CodeIgniter))
 7 FCPATH\index.php(56): CodeIgniter\Boot::bootWeb(Object(Config\Paths))
CRITICAL - 2026-05-15 22:50:50 --> [Caused by] CodeIgniter\Database\Exceptions\DatabaseException: Unknown column 'tvm.PositionName' in 'field list'
in SYSTEMPATH\Database\MySQLi\Connection.php on line 332.
 1 SYSTEMPATH\Database\BaseConnection.php(738): CodeIgniter\Database\MySQLi\Connection->execute('
        SELECT 
            tvn.id,
            tvn.Candidate,
            tvn.CandidateImage,
            tvm.PositionName,
            COUNT(tv.id) AS NumberOfVotes
        FROM tblvotetrn tvn
        LEFT JOIN tblvote tv 
            ON tv.votetrnid = tvn.id
            AND tv.IsActive = 1
        LEFT JOIN tblvotemst tvm
            ON tvm.id = tvn.votemstid
        GROUP BY tvn.id
    ')
 2 SYSTEMPATH\Database\BaseConnection.php(652): CodeIgniter\Database\BaseConnection->simpleQuery('
        SELECT 
            tvn.id,
            tvn.Candidate,
            tvn.CandidateImage,
            tvm.PositionName,
            COUNT(tv.id) AS NumberOfVotes
        FROM tblvotetrn tvn
        LEFT JOIN tblvote tv 
            ON tv.votetrnid = tvn.id
            AND tv.IsActive = 1
        LEFT JOIN tblvotemst tvm
            ON tvm.id = tvn.votemstid
        GROUP BY tvn.id
    ')
 3 APPPATH\Controllers\Main.php(153): CodeIgniter\Database\BaseConnection->query('
        SELECT 
            tvn.id,
            tvn.Candidate,
            tvn.CandidateImage,
            tvm.PositionName,
            COUNT(tv.id) AS NumberOfVotes
        FROM tblvotetrn tvn
        LEFT JOIN tblvote tv 
            ON tv.votetrnid = tvn.id
            AND tv.IsActive = 1
        LEFT JOIN tblvotemst tvm
            ON tvm.id = tvn.votemstid
        GROUP BY tvn.id
    ')
 4 SYSTEMPATH\CodeIgniter.php(933): App\Controllers\Main->getDashboarddata()
 5 SYSTEMPATH\CodeIgniter.php(507): CodeIgniter\CodeIgniter->runController(Object(App\Controllers\Main))
 6 SYSTEMPATH\CodeIgniter.php(354): CodeIgniter\CodeIgniter->handleRequest(null, Object(Config\Cache), false)
 7 SYSTEMPATH\Boot.php(334): CodeIgniter\CodeIgniter->run()
 8 SYSTEMPATH\Boot.php(67): CodeIgniter\Boot::runCodeIgniter(Object(CodeIgniter\CodeIgniter))
 9 FCPATH\index.php(56): CodeIgniter\Boot::bootWeb(Object(Config\Paths))
CRITICAL - 2026-05-15 22:50:50 --> [Caused by] mysqli_sql_exception: Unknown column 'tvm.PositionName' in 'field list'
in SYSTEMPATH\Database\MySQLi\Connection.php on line 327.
 1 SYSTEMPATH\Database\MySQLi\Connection.php(327): mysqli->query('
        SELECT 
            tvn.id,
            tvn.Candidate,
            tvn.CandidateImage,
            tvm.PositionName,
            COUNT(tv.id) AS NumberOfVotes
        FROM tblvotetrn tvn
        LEFT JOIN tblvote tv 
            ON tv.votetrnid = tvn.id
            AND tv.IsActive = 1
        LEFT JOIN tblvotemst tvm
            ON tvm.id = tvn.votemstid
        GROUP BY tvn.id
    ', 0)
 2 SYSTEMPATH\Database\BaseConnection.php(738): CodeIgniter\Database\MySQLi\Connection->execute('
        SELECT 
            tvn.id,
            tvn.Candidate,
            tvn.CandidateImage,
            tvm.PositionName,
            COUNT(tv.id) AS NumberOfVotes
        FROM tblvotetrn tvn
        LEFT JOIN tblvote tv 
            ON tv.votetrnid = tvn.id
            AND tv.IsActive = 1
        LEFT JOIN tblvotemst tvm
            ON tvm.id = tvn.votemstid
        GROUP BY tvn.id
    ')
 3 SYSTEMPATH\Database\BaseConnection.php(652): CodeIgniter\Database\BaseConnection->simpleQuery('
        SELECT 
            tvn.id,
            tvn.Candidate,
            tvn.CandidateImage,
            tvm.PositionName,
            COUNT(tv.id) AS NumberOfVotes
        FROM tblvotetrn tvn
        LEFT JOIN tblvote tv 
            ON tv.votetrnid = tvn.id
            AND tv.IsActive = 1
        LEFT JOIN tblvotemst tvm
            ON tvm.id = tvn.votemstid
        GROUP BY tvn.id
    ')
 4 APPPATH\Controllers\Main.php(153): CodeIgniter\Database\BaseConnection->query('
        SELECT 
            tvn.id,
            tvn.Candidate,
            tvn.CandidateImage,
            tvm.PositionName,
            COUNT(tv.id) AS NumberOfVotes
        FROM tblvotetrn tvn
        LEFT JOIN tblvote tv 
            ON tv.votetrnid = tvn.id
            AND tv.IsActive = 1
        LEFT JOIN tblvotemst tvm
            ON tvm.id = tvn.votemstid
        GROUP BY tvn.id
    ')
 5 SYSTEMPATH\CodeIgniter.php(933): App\Controllers\Main->getDashboarddata()
 6 SYSTEMPATH\CodeIgniter.php(507): CodeIgniter\CodeIgniter->runController(Object(App\Controllers\Main))
 7 SYSTEMPATH\CodeIgniter.php(354): CodeIgniter\CodeIgniter->handleRequest(null, Object(Config\Cache), false)
 8 SYSTEMPATH\Boot.php(334): CodeIgniter\CodeIgniter->run()
 9 SYSTEMPATH\Boot.php(67): CodeIgniter\Boot::runCodeIgniter(Object(CodeIgniter\CodeIgniter))
10 FCPATH\index.php(56): CodeIgniter\Boot::bootWeb(Object(Config\Paths))
DEBUG - 2026-05-15 22:50:59 --> Session: Class initialized using 'CodeIgniter\Session\Handlers\FileHandler' driver.
ERROR - 2026-05-15 22:51:00 --> mysqli_sql_exception: Unknown column 'tvm.PositionName' in 'field list' in C:\xampp\htdocs\gscgeavotingsystem\vendor\codeigniter4\framework\system\Database\MySQLi\Connection.php:327
Stack trace:
#0 C:\xampp\htdocs\gscgeavotingsystem\vendor\codeigniter4\framework\system\Database\MySQLi\Connection.php(327): mysqli->query('\r\n        SELEC...', 0)
#1 C:\xampp\htdocs\gscgeavotingsystem\vendor\codeigniter4\framework\system\Database\BaseConnection.php(738): CodeIgniter\Database\MySQLi\Connection->execute('\r\n        SELEC...')
#2 C:\xampp\htdocs\gscgeavotingsystem\vendor\codeigniter4\framework\system\Database\BaseConnection.php(652): CodeIgniter\Database\BaseConnection->simpleQuery('\r\n        SELEC...')
#3 C:\xampp\htdocs\gscgeavotingsystem\app\Controllers\Main.php(153): CodeIgniter\Database\BaseConnection->query('\r\n        SELEC...')
#4 C:\xampp\htdocs\gscgeavotingsystem\vendor\codeigniter4\framework\system\CodeIgniter.php(933): App\Controllers\Main->getDashboarddata()
#5 C:\xampp\htdocs\gscgeavotingsystem\vendor\codeigniter4\framework\system\CodeIgniter.php(507): CodeIgniter\CodeIgniter->runController(Object(App\Controllers\Main))
#6 C:\xampp\htdocs\gscgeavotingsystem\vendor\codeigniter4\framework\system\CodeIgniter.php(354): CodeIgniter\CodeIgniter->handleRequest(NULL, Object(Config\Cache), false)
#7 C:\xampp\htdocs\gscgeavotingsystem\vendor\codeigniter4\framework\system\Boot.php(334): CodeIgniter\CodeIgniter->run()
#8 C:\xampp\htdocs\gscgeavotingsystem\vendor\codeigniter4\framework\system\Boot.php(67): CodeIgniter\Boot::runCodeIgniter(Object(CodeIgniter\CodeIgniter))
#9 C:\xampp\htdocs\gscgeavotingsystem\public\index.php(56): CodeIgniter\Boot::bootWeb(Object(Config\Paths))
#10 {main}
CRITICAL - 2026-05-15 22:51:00 --> CodeIgniter\Database\Exceptions\DatabaseException: Unknown column 'tvm.PositionName' in 'field list'
[Method: GET, Route: main/dashboarddata]
in SYSTEMPATH\Database\BaseConnection.php on line 692.
 1 APPPATH\Controllers\Main.php(153): CodeIgniter\Database\BaseConnection->query('
        SELECT 
            tvn.id,
            tvn.Candidate,
            tvn.CandidateImage,
            tvm.PositionName,
            COUNT(tv.id) AS NumberOfVotes
        FROM tblvotetrn tvn
        LEFT JOIN tblvote tv 
            ON tv.votetrnid = tvn.id
            AND tv.IsActive = 1
        LEFT JOIN tblvotemst tvm
            ON tvm.id = tvn.votemstid
        GROUP BY tvn.id
    ')
 2 SYSTEMPATH\CodeIgniter.php(933): App\Controllers\Main->getDashboarddata()
 3 SYSTEMPATH\CodeIgniter.php(507): CodeIgniter\CodeIgniter->runController(Object(App\Controllers\Main))
 4 SYSTEMPATH\CodeIgniter.php(354): CodeIgniter\CodeIgniter->handleRequest(null, Object(Config\Cache), false)
 5 SYSTEMPATH\Boot.php(334): CodeIgniter\CodeIgniter->run()
 6 SYSTEMPATH\Boot.php(67): CodeIgniter\Boot::runCodeIgniter(Object(CodeIgniter\CodeIgniter))
 7 FCPATH\index.php(56): CodeIgniter\Boot::bootWeb(Object(Config\Paths))
CRITICAL - 2026-05-15 22:51:00 --> [Caused by] CodeIgniter\Database\Exceptions\DatabaseException: Unknown column 'tvm.PositionName' in 'field list'
in SYSTEMPATH\Database\MySQLi\Connection.php on line 332.
 1 SYSTEMPATH\Database\BaseConnection.php(738): CodeIgniter\Database\MySQLi\Connection->execute('
        SELECT 
            tvn.id,
            tvn.Candidate,
            tvn.CandidateImage,
            tvm.PositionName,
            COUNT(tv.id) AS NumberOfVotes
        FROM tblvotetrn tvn
        LEFT JOIN tblvote tv 
            ON tv.votetrnid = tvn.id
            AND tv.IsActive = 1
        LEFT JOIN tblvotemst tvm
            ON tvm.id = tvn.votemstid
        GROUP BY tvn.id
    ')
 2 SYSTEMPATH\Database\BaseConnection.php(652): CodeIgniter\Database\BaseConnection->simpleQuery('
        SELECT 
            tvn.id,
            tvn.Candidate,
            tvn.CandidateImage,
            tvm.PositionName,
            COUNT(tv.id) AS NumberOfVotes
        FROM tblvotetrn tvn
        LEFT JOIN tblvote tv 
            ON tv.votetrnid = tvn.id
            AND tv.IsActive = 1
        LEFT JOIN tblvotemst tvm
            ON tvm.id = tvn.votemstid
        GROUP BY tvn.id
    ')
 3 APPPATH\Controllers\Main.php(153): CodeIgniter\Database\BaseConnection->query('
        SELECT 
            tvn.id,
            tvn.Candidate,
            tvn.CandidateImage,
            tvm.PositionName,
            COUNT(tv.id) AS NumberOfVotes
        FROM tblvotetrn tvn
        LEFT JOIN tblvote tv 
            ON tv.votetrnid = tvn.id
            AND tv.IsActive = 1
        LEFT JOIN tblvotemst tvm
            ON tvm.id = tvn.votemstid
        GROUP BY tvn.id
    ')
 4 SYSTEMPATH\CodeIgniter.php(933): App\Controllers\Main->getDashboarddata()
 5 SYSTEMPATH\CodeIgniter.php(507): CodeIgniter\CodeIgniter->runController(Object(App\Controllers\Main))
 6 SYSTEMPATH\CodeIgniter.php(354): CodeIgniter\CodeIgniter->handleRequest(null, Object(Config\Cache), false)
 7 SYSTEMPATH\Boot.php(334): CodeIgniter\CodeIgniter->run()
 8 SYSTEMPATH\Boot.php(67): CodeIgniter\Boot::runCodeIgniter(Object(CodeIgniter\CodeIgniter))
 9 FCPATH\index.php(56): CodeIgniter\Boot::bootWeb(Object(Config\Paths))
CRITICAL - 2026-05-15 22:51:00 --> [Caused by] mysqli_sql_exception: Unknown column 'tvm.PositionName' in 'field list'
in SYSTEMPATH\Database\MySQLi\Connection.php on line 327.
 1 SYSTEMPATH\Database\MySQLi\Connection.php(327): mysqli->query('
        SELECT 
            tvn.id,
            tvn.Candidate,
            tvn.CandidateImage,
            tvm.PositionName,
            COUNT(tv.id) AS NumberOfVotes
        FROM tblvotetrn tvn
        LEFT JOIN tblvote tv 
            ON tv.votetrnid = tvn.id
            AND tv.IsActive = 1
        LEFT JOIN tblvotemst tvm
            ON tvm.id = tvn.votemstid
        GROUP BY tvn.id
    ', 0)
 2 SYSTEMPATH\Database\BaseConnection.php(738): CodeIgniter\Database\MySQLi\Connection->execute('
        SELECT 
            tvn.id,
            tvn.Candidate,
            tvn.CandidateImage,
            tvm.PositionName,
            COUNT(tv.id) AS NumberOfVotes
        FROM tblvotetrn tvn
        LEFT JOIN tblvote tv 
            ON tv.votetrnid = tvn.id
            AND tv.IsActive = 1
        LEFT JOIN tblvotemst tvm
            ON tvm.id = tvn.votemstid
        GROUP BY tvn.id
    ')
 3 SYSTEMPATH\Database\BaseConnection.php(652): CodeIgniter\Database\BaseConnection->simpleQuery('
        SELECT 
            tvn.id,
            tvn.Candidate,
            tvn.CandidateImage,
            tvm.PositionName,
            COUNT(tv.id) AS NumberOfVotes
        FROM tblvotetrn tvn
        LEFT JOIN tblvote tv 
            ON tv.votetrnid = tvn.id
            AND tv.IsActive = 1
        LEFT JOIN tblvotemst tvm
            ON tvm.id = tvn.votemstid
        GROUP BY tvn.id
    ')
 4 APPPATH\Controllers\Main.php(153): CodeIgniter\Database\BaseConnection->query('
        SELECT 
            tvn.id,
            tvn.Candidate,
            tvn.CandidateImage,
            tvm.PositionName,
            COUNT(tv.id) AS NumberOfVotes
        FROM tblvotetrn tvn
        LEFT JOIN tblvote tv 
            ON tv.votetrnid = tvn.id
            AND tv.IsActive = 1
        LEFT JOIN tblvotemst tvm
            ON tvm.id = tvn.votemstid
        GROUP BY tvn.id
    ')
 5 SYSTEMPATH\CodeIgniter.php(933): App\Controllers\Main->getDashboarddata()
 6 SYSTEMPATH\CodeIgniter.php(507): CodeIgniter\CodeIgniter->runController(Object(App\Controllers\Main))
 7 SYSTEMPATH\CodeIgniter.php(354): CodeIgniter\CodeIgniter->handleRequest(null, Object(Config\Cache), false)
 8 SYSTEMPATH\Boot.php(334): CodeIgniter\CodeIgniter->run()
 9 SYSTEMPATH\Boot.php(67): CodeIgniter\Boot::runCodeIgniter(Object(CodeIgniter\CodeIgniter))
10 FCPATH\index.php(56): CodeIgniter\Boot::bootWeb(Object(Config\Paths))
DEBUG - 2026-05-15 22:51:10 --> Session: Class initialized using 'CodeIgniter\Session\Handlers\FileHandler' driver.
ERROR - 2026-05-15 22:51:10 --> mysqli_sql_exception: Unknown column 'tvm.PositionName' in 'field list' in C:\xampp\htdocs\gscgeavotingsystem\vendor\codeigniter4\framework\system\Database\MySQLi\Connection.php:327
Stack trace:
#0 C:\xampp\htdocs\gscgeavotingsystem\vendor\codeigniter4\framework\system\Database\MySQLi\Connection.php(327): mysqli->query('\r\n        SELEC...', 0)
#1 C:\xampp\htdocs\gscgeavotingsystem\vendor\codeigniter4\framework\system\Database\BaseConnection.php(738): CodeIgniter\Database\MySQLi\Connection->execute('\r\n        SELEC...')
#2 C:\xampp\htdocs\gscgeavotingsystem\vendor\codeigniter4\framework\system\Database\BaseConnection.php(652): CodeIgniter\Database\BaseConnection->simpleQuery('\r\n        SELEC...')
#3 C:\xampp\htdocs\gscgeavotingsystem\app\Controllers\Main.php(153): CodeIgniter\Database\BaseConnection->query('\r\n        SELEC...')
#4 C:\xampp\htdocs\gscgeavotingsystem\vendor\codeigniter4\framework\system\CodeIgniter.php(933): App\Controllers\Main->getDashboarddata()
#5 C:\xampp\htdocs\gscgeavotingsystem\vendor\codeigniter4\framework\system\CodeIgniter.php(507): CodeIgniter\CodeIgniter->runController(Object(App\Controllers\Main))
#6 C:\xampp\htdocs\gscgeavotingsystem\vendor\codeigniter4\framework\system\CodeIgniter.php(354): CodeIgniter\CodeIgniter->handleRequest(NULL, Object(Config\Cache), false)
#7 C:\xampp\htdocs\gscgeavotingsystem\vendor\codeigniter4\framework\system\Boot.php(334): CodeIgniter\CodeIgniter->run()
#8 C:\xampp\htdocs\gscgeavotingsystem\vendor\codeigniter4\framework\system\Boot.php(67): CodeIgniter\Boot::runCodeIgniter(Object(CodeIgniter\CodeIgniter))
#9 C:\xampp\htdocs\gscgeavotingsystem\public\index.php(56): CodeIgniter\Boot::bootWeb(Object(Config\Paths))
#10 {main}
CRITICAL - 2026-05-15 22:51:10 --> CodeIgniter\Database\Exceptions\DatabaseException: Unknown column 'tvm.PositionName' in 'field list'
[Method: GET, Route: main/dashboarddata]
in SYSTEMPATH\Database\BaseConnection.php on line 692.
 1 APPPATH\Controllers\Main.php(153): CodeIgniter\Database\BaseConnection->query('
        SELECT 
            tvn.id,
            tvn.Candidate,
            tvn.CandidateImage,
            tvm.PositionName,
            COUNT(tv.id) AS NumberOfVotes
        FROM tblvotetrn tvn
        LEFT JOIN tblvote tv 
            ON tv.votetrnid = tvn.id
            AND tv.IsActive = 1
        LEFT JOIN tblvotemst tvm
            ON tvm.id = tvn.votemstid
        GROUP BY tvn.id
    ')
 2 SYSTEMPATH\CodeIgniter.php(933): App\Controllers\Main->getDashboarddata()
 3 SYSTEMPATH\CodeIgniter.php(507): CodeIgniter\CodeIgniter->runController(Object(App\Controllers\Main))
 4 SYSTEMPATH\CodeIgniter.php(354): CodeIgniter\CodeIgniter->handleRequest(null, Object(Config\Cache), false)
 5 SYSTEMPATH\Boot.php(334): CodeIgniter\CodeIgniter->run()
 6 SYSTEMPATH\Boot.php(67): CodeIgniter\Boot::runCodeIgniter(Object(CodeIgniter\CodeIgniter))
 7 FCPATH\index.php(56): CodeIgniter\Boot::bootWeb(Object(Config\Paths))
CRITICAL - 2026-05-15 22:51:10 --> [Caused by] CodeIgniter\Database\Exceptions\DatabaseException: Unknown column 'tvm.PositionName' in 'field list'
in SYSTEMPATH\Database\MySQLi\Connection.php on line 332.
 1 SYSTEMPATH\Database\BaseConnection.php(738): CodeIgniter\Database\MySQLi\Connection->execute('
        SELECT 
            tvn.id,
            tvn.Candidate,
            tvn.CandidateImage,
            tvm.PositionName,
            COUNT(tv.id) AS NumberOfVotes
        FROM tblvotetrn tvn
        LEFT JOIN tblvote tv 
            ON tv.votetrnid = tvn.id
            AND tv.IsActive = 1
        LEFT JOIN tblvotemst tvm
            ON tvm.id = tvn.votemstid
        GROUP BY tvn.id
    ')
 2 SYSTEMPATH\Database\BaseConnection.php(652): CodeIgniter\Database\BaseConnection->simpleQuery('
        SELECT 
            tvn.id,
            tvn.Candidate,
            tvn.CandidateImage,
            tvm.PositionName,
            COUNT(tv.id) AS NumberOfVotes
        FROM tblvotetrn tvn
        LEFT JOIN tblvote tv 
            ON tv.votetrnid = tvn.id
            AND tv.IsActive = 1
        LEFT JOIN tblvotemst tvm
            ON tvm.id = tvn.votemstid
        GROUP BY tvn.id
    ')
 3 APPPATH\Controllers\Main.php(153): CodeIgniter\Database\BaseConnection->query('
        SELECT 
            tvn.id,
            tvn.Candidate,
            tvn.CandidateImage,
            tvm.PositionName,
            COUNT(tv.id) AS NumberOfVotes
        FROM tblvotetrn tvn
        LEFT JOIN tblvote tv 
            ON tv.votetrnid = tvn.id
            AND tv.IsActive = 1
        LEFT JOIN tblvotemst tvm
            ON tvm.id = tvn.votemstid
        GROUP BY tvn.id
    ')
 4 SYSTEMPATH\CodeIgniter.php(933): App\Controllers\Main->getDashboarddata()
 5 SYSTEMPATH\CodeIgniter.php(507): CodeIgniter\CodeIgniter->runController(Object(App\Controllers\Main))
 6 SYSTEMPATH\CodeIgniter.php(354): CodeIgniter\CodeIgniter->handleRequest(null, Object(Config\Cache), false)
 7 SYSTEMPATH\Boot.php(334): CodeIgniter\CodeIgniter->run()
 8 SYSTEMPATH\Boot.php(67): CodeIgniter\Boot::runCodeIgniter(Object(CodeIgniter\CodeIgniter))
 9 FCPATH\index.php(56): CodeIgniter\Boot::bootWeb(Object(Config\Paths))
CRITICAL - 2026-05-15 22:51:10 --> [Caused by] mysqli_sql_exception: Unknown column 'tvm.PositionName' in 'field list'
in SYSTEMPATH\Database\MySQLi\Connection.php on line 327.
 1 SYSTEMPATH\Database\MySQLi\Connection.php(327): mysqli->query('
        SELECT 
            tvn.id,
            tvn.Candidate,
            tvn.CandidateImage,
            tvm.PositionName,
            COUNT(tv.id) AS NumberOfVotes
        FROM tblvotetrn tvn
        LEFT JOIN tblvote tv 
            ON tv.votetrnid = tvn.id
            AND tv.IsActive = 1
        LEFT JOIN tblvotemst tvm
            ON tvm.id = tvn.votemstid
        GROUP BY tvn.id
    ', 0)
 2 SYSTEMPATH\Database\BaseConnection.php(738): CodeIgniter\Database\MySQLi\Connection->execute('
        SELECT 
            tvn.id,
            tvn.Candidate,
            tvn.CandidateImage,
            tvm.PositionName,
            COUNT(tv.id) AS NumberOfVotes
        FROM tblvotetrn tvn
        LEFT JOIN tblvote tv 
            ON tv.votetrnid = tvn.id
            AND tv.IsActive = 1
        LEFT JOIN tblvotemst tvm
            ON tvm.id = tvn.votemstid
        GROUP BY tvn.id
    ')
 3 SYSTEMPATH\Database\BaseConnection.php(652): CodeIgniter\Database\BaseConnection->simpleQuery('
        SELECT 
            tvn.id,
            tvn.Candidate,
            tvn.CandidateImage,
            tvm.PositionName,
            COUNT(tv.id) AS NumberOfVotes
        FROM tblvotetrn tvn
        LEFT JOIN tblvote tv 
            ON tv.votetrnid = tvn.id
            AND tv.IsActive = 1
        LEFT JOIN tblvotemst tvm
            ON tvm.id = tvn.votemstid
        GROUP BY tvn.id
    ')
 4 APPPATH\Controllers\Main.php(153): CodeIgniter\Database\BaseConnection->query('
        SELECT 
            tvn.id,
            tvn.Candidate,
            tvn.CandidateImage,
            tvm.PositionName,
            COUNT(tv.id) AS NumberOfVotes
        FROM tblvotetrn tvn
        LEFT JOIN tblvote tv 
            ON tv.votetrnid = tvn.id
            AND tv.IsActive = 1
        LEFT JOIN tblvotemst tvm
            ON tvm.id = tvn.votemstid
        GROUP BY tvn.id
    ')
 5 SYSTEMPATH\CodeIgniter.php(933): App\Controllers\Main->getDashboarddata()
 6 SYSTEMPATH\CodeIgniter.php(507): CodeIgniter\CodeIgniter->runController(Object(App\Controllers\Main))
 7 SYSTEMPATH\CodeIgniter.php(354): CodeIgniter\CodeIgniter->handleRequest(null, Object(Config\Cache), false)
 8 SYSTEMPATH\Boot.php(334): CodeIgniter\CodeIgniter->run()
 9 SYSTEMPATH\Boot.php(67): CodeIgniter\Boot::runCodeIgniter(Object(CodeIgniter\CodeIgniter))
10 FCPATH\index.php(56): CodeIgniter\Boot::bootWeb(Object(Config\Paths))
DEBUG - 2026-05-15 22:51:20 --> Session: Class initialized using 'CodeIgniter\Session\Handlers\FileHandler' driver.
ERROR - 2026-05-15 22:51:20 --> mysqli_sql_exception: Unknown column 'tvm.PositionName' in 'field list' in C:\xampp\htdocs\gscgeavotingsystem\vendor\codeigniter4\framework\system\Database\MySQLi\Connection.php:327
Stack trace:
#0 C:\xampp\htdocs\gscgeavotingsystem\vendor\codeigniter4\framework\system\Database\MySQLi\Connection.php(327): mysqli->query('\r\n        SELEC...', 0)
#1 C:\xampp\htdocs\gscgeavotingsystem\vendor\codeigniter4\framework\system\Database\BaseConnection.php(738): CodeIgniter\Database\MySQLi\Connection->execute('\r\n        SELEC...')
#2 C:\xampp\htdocs\gscgeavotingsystem\vendor\codeigniter4\framework\system\Database\BaseConnection.php(652): CodeIgniter\Database\BaseConnection->simpleQuery('\r\n        SELEC...')
#3 C:\xampp\htdocs\gscgeavotingsystem\app\Controllers\Main.php(153): CodeIgniter\Database\BaseConnection->query('\r\n        SELEC...')
#4 C:\xampp\htdocs\gscgeavotingsystem\vendor\codeigniter4\framework\system\CodeIgniter.php(933): App\Controllers\Main->getDashboarddata()
#5 C:\xampp\htdocs\gscgeavotingsystem\vendor\codeigniter4\framework\system\CodeIgniter.php(507): CodeIgniter\CodeIgniter->runController(Object(App\Controllers\Main))
#6 C:\xampp\htdocs\gscgeavotingsystem\vendor\codeigniter4\framework\system\CodeIgniter.php(354): CodeIgniter\CodeIgniter->handleRequest(NULL, Object(Config\Cache), false)
#7 C:\xampp\htdocs\gscgeavotingsystem\vendor\codeigniter4\framework\system\Boot.php(334): CodeIgniter\CodeIgniter->run()
#8 C:\xampp\htdocs\gscgeavotingsystem\vendor\codeigniter4\framework\system\Boot.php(67): CodeIgniter\Boot::runCodeIgniter(Object(CodeIgniter\CodeIgniter))
#9 C:\xampp\htdocs\gscgeavotingsystem\public\index.php(56): CodeIgniter\Boot::bootWeb(Object(Config\Paths))
#10 {main}
CRITICAL - 2026-05-15 22:51:20 --> CodeIgniter\Database\Exceptions\DatabaseException: Unknown column 'tvm.PositionName' in 'field list'
[Method: GET, Route: main/dashboarddata]
in SYSTEMPATH\Database\BaseConnection.php on line 692.
 1 APPPATH\Controllers\Main.php(153): CodeIgniter\Database\BaseConnection->query('
        SELECT 
            tvn.id,
            tvn.Candidate,
            tvn.CandidateImage,
            tvm.PositionName,
            COUNT(tv.id) AS NumberOfVotes
        FROM tblvotetrn tvn
        LEFT JOIN tblvote tv 
            ON tv.votetrnid = tvn.id
            AND tv.IsActive = 1
        LEFT JOIN tblvotemst tvm
            ON tvm.id = tvn.votemstid
        GROUP BY tvn.id
    ')
 2 SYSTEMPATH\CodeIgniter.php(933): App\Controllers\Main->getDashboarddata()
 3 SYSTEMPATH\CodeIgniter.php(507): CodeIgniter\CodeIgniter->runController(Object(App\Controllers\Main))
 4 SYSTEMPATH\CodeIgniter.php(354): CodeIgniter\CodeIgniter->handleRequest(null, Object(Config\Cache), false)
 5 SYSTEMPATH\Boot.php(334): CodeIgniter\CodeIgniter->run()
 6 SYSTEMPATH\Boot.php(67): CodeIgniter\Boot::runCodeIgniter(Object(CodeIgniter\CodeIgniter))
 7 FCPATH\index.php(56): CodeIgniter\Boot::bootWeb(Object(Config\Paths))
CRITICAL - 2026-05-15 22:51:20 --> [Caused by] CodeIgniter\Database\Exceptions\DatabaseException: Unknown column 'tvm.PositionName' in 'field list'
in SYSTEMPATH\Database\MySQLi\Connection.php on line 332.
 1 SYSTEMPATH\Database\BaseConnection.php(738): CodeIgniter\Database\MySQLi\Connection->execute('
        SELECT 
            tvn.id,
            tvn.Candidate,
            tvn.CandidateImage,
            tvm.PositionName,
            COUNT(tv.id) AS NumberOfVotes
        FROM tblvotetrn tvn
        LEFT JOIN tblvote tv 
            ON tv.votetrnid = tvn.id
            AND tv.IsActive = 1
        LEFT JOIN tblvotemst tvm
            ON tvm.id = tvn.votemstid
        GROUP BY tvn.id
    ')
 2 SYSTEMPATH\Database\BaseConnection.php(652): CodeIgniter\Database\BaseConnection->simpleQuery('
        SELECT 
            tvn.id,
            tvn.Candidate,
            tvn.CandidateImage,
            tvm.PositionName,
            COUNT(tv.id) AS NumberOfVotes
        FROM tblvotetrn tvn
        LEFT JOIN tblvote tv 
            ON tv.votetrnid = tvn.id
            AND tv.IsActive = 1
        LEFT JOIN tblvotemst tvm
            ON tvm.id = tvn.votemstid
        GROUP BY tvn.id
    ')
 3 APPPATH\Controllers\Main.php(153): CodeIgniter\Database\BaseConnection->query('
        SELECT 
            tvn.id,
            tvn.Candidate,
            tvn.CandidateImage,
            tvm.PositionName,
            COUNT(tv.id) AS NumberOfVotes
        FROM tblvotetrn tvn
        LEFT JOIN tblvote tv 
            ON tv.votetrnid = tvn.id
            AND tv.IsActive = 1
        LEFT JOIN tblvotemst tvm
            ON tvm.id = tvn.votemstid
        GROUP BY tvn.id
    ')
 4 SYSTEMPATH\CodeIgniter.php(933): App\Controllers\Main->getDashboarddata()
 5 SYSTEMPATH\CodeIgniter.php(507): CodeIgniter\CodeIgniter->runController(Object(App\Controllers\Main))
 6 SYSTEMPATH\CodeIgniter.php(354): CodeIgniter\CodeIgniter->handleRequest(null, Object(Config\Cache), false)
 7 SYSTEMPATH\Boot.php(334): CodeIgniter\CodeIgniter->run()
 8 SYSTEMPATH\Boot.php(67): CodeIgniter\Boot::runCodeIgniter(Object(CodeIgniter\CodeIgniter))
 9 FCPATH\index.php(56): CodeIgniter\Boot::bootWeb(Object(Config\Paths))
CRITICAL - 2026-05-15 22:51:20 --> [Caused by] mysqli_sql_exception: Unknown column 'tvm.PositionName' in 'field list'
in SYSTEMPATH\Database\MySQLi\Connection.php on line 327.
 1 SYSTEMPATH\Database\MySQLi\Connection.php(327): mysqli->query('
        SELECT 
            tvn.id,
            tvn.Candidate,
            tvn.CandidateImage,
            tvm.PositionName,
            COUNT(tv.id) AS NumberOfVotes
        FROM tblvotetrn tvn
        LEFT JOIN tblvote tv 
            ON tv.votetrnid = tvn.id
            AND tv.IsActive = 1
        LEFT JOIN tblvotemst tvm
            ON tvm.id = tvn.votemstid
        GROUP BY tvn.id
    ', 0)
 2 SYSTEMPATH\Database\BaseConnection.php(738): CodeIgniter\Database\MySQLi\Connection->execute('
        SELECT 
            tvn.id,
            tvn.Candidate,
            tvn.CandidateImage,
            tvm.PositionName,
            COUNT(tv.id) AS NumberOfVotes
        FROM tblvotetrn tvn
        LEFT JOIN tblvote tv 
            ON tv.votetrnid = tvn.id
            AND tv.IsActive = 1
        LEFT JOIN tblvotemst tvm
            ON tvm.id = tvn.votemstid
        GROUP BY tvn.id
    ')
 3 SYSTEMPATH\Database\BaseConnection.php(652): CodeIgniter\Database\BaseConnection->simpleQuery('
        SELECT 
            tvn.id,
            tvn.Candidate,
            tvn.CandidateImage,
            tvm.PositionName,
            COUNT(tv.id) AS NumberOfVotes
        FROM tblvotetrn tvn
        LEFT JOIN tblvote tv 
            ON tv.votetrnid = tvn.id
            AND tv.IsActive = 1
        LEFT JOIN tblvotemst tvm
            ON tvm.id = tvn.votemstid
        GROUP BY tvn.id
    ')
 4 APPPATH\Controllers\Main.php(153): CodeIgniter\Database\BaseConnection->query('
        SELECT 
            tvn.id,
            tvn.Candidate,
            tvn.CandidateImage,
            tvm.PositionName,
            COUNT(tv.id) AS NumberOfVotes
        FROM tblvotetrn tvn
        LEFT JOIN tblvote tv 
            ON tv.votetrnid = tvn.id
            AND tv.IsActive = 1
        LEFT JOIN tblvotemst tvm
            ON tvm.id = tvn.votemstid
        GROUP BY tvn.id
    ')
 5 SYSTEMPATH\CodeIgniter.php(933): App\Controllers\Main->getDashboarddata()
 6 SYSTEMPATH\CodeIgniter.php(507): CodeIgniter\CodeIgniter->runController(Object(App\Controllers\Main))
 7 SYSTEMPATH\CodeIgniter.php(354): CodeIgniter\CodeIgniter->handleRequest(null, Object(Config\Cache), false)
 8 SYSTEMPATH\Boot.php(334): CodeIgniter\CodeIgniter->run()
 9 SYSTEMPATH\Boot.php(67): CodeIgniter\Boot::runCodeIgniter(Object(CodeIgniter\CodeIgniter))
10 FCPATH\index.php(56): CodeIgniter\Boot::bootWeb(Object(Config\Paths))
DEBUG - 2026-05-15 22:51:30 --> Session: Class initialized using 'CodeIgniter\Session\Handlers\FileHandler' driver.
ERROR - 2026-05-15 22:51:30 --> mysqli_sql_exception: Unknown column 'tvm.PositionName' in 'field list' in C:\xampp\htdocs\gscgeavotingsystem\vendor\codeigniter4\framework\system\Database\MySQLi\Connection.php:327
Stack trace:
#0 C:\xampp\htdocs\gscgeavotingsystem\vendor\codeigniter4\framework\system\Database\MySQLi\Connection.php(327): mysqli->query('\r\n        SELEC...', 0)
#1 C:\xampp\htdocs\gscgeavotingsystem\vendor\codeigniter4\framework\system\Database\BaseConnection.php(738): CodeIgniter\Database\MySQLi\Connection->execute('\r\n        SELEC...')
#2 C:\xampp\htdocs\gscgeavotingsystem\vendor\codeigniter4\framework\system\Database\BaseConnection.php(652): CodeIgniter\Database\BaseConnection->simpleQuery('\r\n        SELEC...')
#3 C:\xampp\htdocs\gscgeavotingsystem\app\Controllers\Main.php(153): CodeIgniter\Database\BaseConnection->query('\r\n        SELEC...')
#4 C:\xampp\htdocs\gscgeavotingsystem\vendor\codeigniter4\framework\system\CodeIgniter.php(933): App\Controllers\Main->getDashboarddata()
#5 C:\xampp\htdocs\gscgeavotingsystem\vendor\codeigniter4\framework\system\CodeIgniter.php(507): CodeIgniter\CodeIgniter->runController(Object(App\Controllers\Main))
#6 C:\xampp\htdocs\gscgeavotingsystem\vendor\codeigniter4\framework\system\CodeIgniter.php(354): CodeIgniter\CodeIgniter->handleRequest(NULL, Object(Config\Cache), false)
#7 C:\xampp\htdocs\gscgeavotingsystem\vendor\codeigniter4\framework\system\Boot.php(334): CodeIgniter\CodeIgniter->run()
#8 C:\xampp\htdocs\gscgeavotingsystem\vendor\codeigniter4\framework\system\Boot.php(67): CodeIgniter\Boot::runCodeIgniter(Object(CodeIgniter\CodeIgniter))
#9 C:\xampp\htdocs\gscgeavotingsystem\public\index.php(56): CodeIgniter\Boot::bootWeb(Object(Config\Paths))
#10 {main}
CRITICAL - 2026-05-15 22:51:30 --> CodeIgniter\Database\Exceptions\DatabaseException: Unknown column 'tvm.PositionName' in 'field list'
[Method: GET, Route: main/dashboarddata]
in SYSTEMPATH\Database\BaseConnection.php on line 692.
 1 APPPATH\Controllers\Main.php(153): CodeIgniter\Database\BaseConnection->query('
        SELECT 
            tvn.id,
            tvn.Candidate,
            tvn.CandidateImage,
            tvm.PositionName,
            COUNT(tv.id) AS NumberOfVotes
        FROM tblvotetrn tvn
        LEFT JOIN tblvote tv 
            ON tv.votetrnid = tvn.id
            AND tv.IsActive = 1
        LEFT JOIN tblvotemst tvm
            ON tvm.id = tvn.votemstid
        GROUP BY tvn.id
    ')
 2 SYSTEMPATH\CodeIgniter.php(933): App\Controllers\Main->getDashboarddata()
 3 SYSTEMPATH\CodeIgniter.php(507): CodeIgniter\CodeIgniter->runController(Object(App\Controllers\Main))
 4 SYSTEMPATH\CodeIgniter.php(354): CodeIgniter\CodeIgniter->handleRequest(null, Object(Config\Cache), false)
 5 SYSTEMPATH\Boot.php(334): CodeIgniter\CodeIgniter->run()
 6 SYSTEMPATH\Boot.php(67): CodeIgniter\Boot::runCodeIgniter(Object(CodeIgniter\CodeIgniter))
 7 FCPATH\index.php(56): CodeIgniter\Boot::bootWeb(Object(Config\Paths))
CRITICAL - 2026-05-15 22:51:30 --> [Caused by] CodeIgniter\Database\Exceptions\DatabaseException: Unknown column 'tvm.PositionName' in 'field list'
in SYSTEMPATH\Database\MySQLi\Connection.php on line 332.
 1 SYSTEMPATH\Database\BaseConnection.php(738): CodeIgniter\Database\MySQLi\Connection->execute('
        SELECT 
            tvn.id,
            tvn.Candidate,
            tvn.CandidateImage,
            tvm.PositionName,
            COUNT(tv.id) AS NumberOfVotes
        FROM tblvotetrn tvn
        LEFT JOIN tblvote tv 
            ON tv.votetrnid = tvn.id
            AND tv.IsActive = 1
        LEFT JOIN tblvotemst tvm
            ON tvm.id = tvn.votemstid
        GROUP BY tvn.id
    ')
 2 SYSTEMPATH\Database\BaseConnection.php(652): CodeIgniter\Database\BaseConnection->simpleQuery('
        SELECT 
            tvn.id,
            tvn.Candidate,
            tvn.CandidateImage,
            tvm.PositionName,
            COUNT(tv.id) AS NumberOfVotes
        FROM tblvotetrn tvn
        LEFT JOIN tblvote tv 
            ON tv.votetrnid = tvn.id
            AND tv.IsActive = 1
        LEFT JOIN tblvotemst tvm
            ON tvm.id = tvn.votemstid
        GROUP BY tvn.id
    ')
 3 APPPATH\Controllers\Main.php(153): CodeIgniter\Database\BaseConnection->query('
        SELECT 
            tvn.id,
            tvn.Candidate,
            tvn.CandidateImage,
            tvm.PositionName,
            COUNT(tv.id) AS NumberOfVotes
        FROM tblvotetrn tvn
        LEFT JOIN tblvote tv 
            ON tv.votetrnid = tvn.id
            AND tv.IsActive = 1
        LEFT JOIN tblvotemst tvm
            ON tvm.id = tvn.votemstid
        GROUP BY tvn.id
    ')
 4 SYSTEMPATH\CodeIgniter.php(933): App\Controllers\Main->getDashboarddata()
 5 SYSTEMPATH\CodeIgniter.php(507): CodeIgniter\CodeIgniter->runController(Object(App\Controllers\Main))
 6 SYSTEMPATH\CodeIgniter.php(354): CodeIgniter\CodeIgniter->handleRequest(null, Object(Config\Cache), false)
 7 SYSTEMPATH\Boot.php(334): CodeIgniter\CodeIgniter->run()
 8 SYSTEMPATH\Boot.php(67): CodeIgniter\Boot::runCodeIgniter(Object(CodeIgniter\CodeIgniter))
 9 FCPATH\index.php(56): CodeIgniter\Boot::bootWeb(Object(Config\Paths))
CRITICAL - 2026-05-15 22:51:30 --> [Caused by] mysqli_sql_exception: Unknown column 'tvm.PositionName' in 'field list'
in SYSTEMPATH\Database\MySQLi\Connection.php on line 327.
 1 SYSTEMPATH\Database\MySQLi\Connection.php(327): mysqli->query('
        SELECT 
            tvn.id,
            tvn.Candidate,
            tvn.CandidateImage,
            tvm.PositionName,
            COUNT(tv.id) AS NumberOfVotes
        FROM tblvotetrn tvn
        LEFT JOIN tblvote tv 
            ON tv.votetrnid = tvn.id
            AND tv.IsActive = 1
        LEFT JOIN tblvotemst tvm
            ON tvm.id = tvn.votemstid
        GROUP BY tvn.id
    ', 0)
 2 SYSTEMPATH\Database\BaseConnection.php(738): CodeIgniter\Database\MySQLi\Connection->execute('
        SELECT 
            tvn.id,
            tvn.Candidate,
            tvn.CandidateImage,
            tvm.PositionName,
            COUNT(tv.id) AS NumberOfVotes
        FROM tblvotetrn tvn
        LEFT JOIN tblvote tv 
            ON tv.votetrnid = tvn.id
            AND tv.IsActive = 1
        LEFT JOIN tblvotemst tvm
            ON tvm.id = tvn.votemstid
        GROUP BY tvn.id
    ')
 3 SYSTEMPATH\Database\BaseConnection.php(652): CodeIgniter\Database\BaseConnection->simpleQuery('
        SELECT 
            tvn.id,
            tvn.Candidate,
            tvn.CandidateImage,
            tvm.PositionName,
            COUNT(tv.id) AS NumberOfVotes
        FROM tblvotetrn tvn
        LEFT JOIN tblvote tv 
            ON tv.votetrnid = tvn.id
            AND tv.IsActive = 1
        LEFT JOIN tblvotemst tvm
            ON tvm.id = tvn.votemstid
        GROUP BY tvn.id
    ')
 4 APPPATH\Controllers\Main.php(153): CodeIgniter\Database\BaseConnection->query('
        SELECT 
            tvn.id,
            tvn.Candidate,
            tvn.CandidateImage,
            tvm.PositionName,
            COUNT(tv.id) AS NumberOfVotes
        FROM tblvotetrn tvn
        LEFT JOIN tblvote tv 
            ON tv.votetrnid = tvn.id
            AND tv.IsActive = 1
        LEFT JOIN tblvotemst tvm
            ON tvm.id = tvn.votemstid
        GROUP BY tvn.id
    ')
 5 SYSTEMPATH\CodeIgniter.php(933): App\Controllers\Main->getDashboarddata()
 6 SYSTEMPATH\CodeIgniter.php(507): CodeIgniter\CodeIgniter->runController(Object(App\Controllers\Main))
 7 SYSTEMPATH\CodeIgniter.php(354): CodeIgniter\CodeIgniter->handleRequest(null, Object(Config\Cache), false)
 8 SYSTEMPATH\Boot.php(334): CodeIgniter\CodeIgniter->run()
 9 SYSTEMPATH\Boot.php(67): CodeIgniter\Boot::runCodeIgniter(Object(CodeIgniter\CodeIgniter))
10 FCPATH\index.php(56): CodeIgniter\Boot::bootWeb(Object(Config\Paths))
DEBUG - 2026-05-15 22:51:40 --> Session: Class initialized using 'CodeIgniter\Session\Handlers\FileHandler' driver.
ERROR - 2026-05-15 22:51:40 --> mysqli_sql_exception: Unknown column 'tvm.PositionName' in 'field list' in C:\xampp\htdocs\gscgeavotingsystem\vendor\codeigniter4\framework\system\Database\MySQLi\Connection.php:327
Stack trace:
#0 C:\xampp\htdocs\gscgeavotingsystem\vendor\codeigniter4\framework\system\Database\MySQLi\Connection.php(327): mysqli->query('\r\n        SELEC...', 0)
#1 C:\xampp\htdocs\gscgeavotingsystem\vendor\codeigniter4\framework\system\Database\BaseConnection.php(738): CodeIgniter\Database\MySQLi\Connection->execute('\r\n        SELEC...')
#2 C:\xampp\htdocs\gscgeavotingsystem\vendor\codeigniter4\framework\system\Database\BaseConnection.php(652): CodeIgniter\Database\BaseConnection->simpleQuery('\r\n        SELEC...')
#3 C:\xampp\htdocs\gscgeavotingsystem\app\Controllers\Main.php(153): CodeIgniter\Database\BaseConnection->query('\r\n        SELEC...')
#4 C:\xampp\htdocs\gscgeavotingsystem\vendor\codeigniter4\framework\system\CodeIgniter.php(933): App\Controllers\Main->getDashboarddata()
#5 C:\xampp\htdocs\gscgeavotingsystem\vendor\codeigniter4\framework\system\CodeIgniter.php(507): CodeIgniter\CodeIgniter->runController(Object(App\Controllers\Main))
#6 C:\xampp\htdocs\gscgeavotingsystem\vendor\codeigniter4\framework\system\CodeIgniter.php(354): CodeIgniter\CodeIgniter->handleRequest(NULL, Object(Config\Cache), false)
#7 C:\xampp\htdocs\gscgeavotingsystem\vendor\codeigniter4\framework\system\Boot.php(334): CodeIgniter\CodeIgniter->run()
#8 C:\xampp\htdocs\gscgeavotingsystem\vendor\codeigniter4\framework\system\Boot.php(67): CodeIgniter\Boot::runCodeIgniter(Object(CodeIgniter\CodeIgniter))
#9 C:\xampp\htdocs\gscgeavotingsystem\public\index.php(56): CodeIgniter\Boot::bootWeb(Object(Config\Paths))
#10 {main}
CRITICAL - 2026-05-15 22:51:40 --> CodeIgniter\Database\Exceptions\DatabaseException: Unknown column 'tvm.PositionName' in 'field list'
[Method: GET, Route: main/dashboarddata]
in SYSTEMPATH\Database\BaseConnection.php on line 692.
 1 APPPATH\Controllers\Main.php(153): CodeIgniter\Database\BaseConnection->query('
        SELECT 
            tvn.id,
            tvn.Candidate,
            tvn.CandidateImage,
            tvm.PositionName,
            COUNT(tv.id) AS NumberOfVotes
        FROM tblvotetrn tvn
        LEFT JOIN tblvote tv 
            ON tv.votetrnid = tvn.id
            AND tv.IsActive = 1
        LEFT JOIN tblvotemst tvm
            ON tvm.id = tvn.votemstid
        GROUP BY tvn.id
    ')
 2 SYSTEMPATH\CodeIgniter.php(933): App\Controllers\Main->getDashboarddata()
 3 SYSTEMPATH\CodeIgniter.php(507): CodeIgniter\CodeIgniter->runController(Object(App\Controllers\Main))
 4 SYSTEMPATH\CodeIgniter.php(354): CodeIgniter\CodeIgniter->handleRequest(null, Object(Config\Cache), false)
 5 SYSTEMPATH\Boot.php(334): CodeIgniter\CodeIgniter->run()
 6 SYSTEMPATH\Boot.php(67): CodeIgniter\Boot::runCodeIgniter(Object(CodeIgniter\CodeIgniter))
 7 FCPATH\index.php(56): CodeIgniter\Boot::bootWeb(Object(Config\Paths))
CRITICAL - 2026-05-15 22:51:40 --> [Caused by] CodeIgniter\Database\Exceptions\DatabaseException: Unknown column 'tvm.PositionName' in 'field list'
in SYSTEMPATH\Database\MySQLi\Connection.php on line 332.
 1 SYSTEMPATH\Database\BaseConnection.php(738): CodeIgniter\Database\MySQLi\Connection->execute('
        SELECT 
            tvn.id,
            tvn.Candidate,
            tvn.CandidateImage,
            tvm.PositionName,
            COUNT(tv.id) AS NumberOfVotes
        FROM tblvotetrn tvn
        LEFT JOIN tblvote tv 
            ON tv.votetrnid = tvn.id
            AND tv.IsActive = 1
        LEFT JOIN tblvotemst tvm
            ON tvm.id = tvn.votemstid
        GROUP BY tvn.id
    ')
 2 SYSTEMPATH\Database\BaseConnection.php(652): CodeIgniter\Database\BaseConnection->simpleQuery('
        SELECT 
            tvn.id,
            tvn.Candidate,
            tvn.CandidateImage,
            tvm.PositionName,
            COUNT(tv.id) AS NumberOfVotes
        FROM tblvotetrn tvn
        LEFT JOIN tblvote tv 
            ON tv.votetrnid = tvn.id
            AND tv.IsActive = 1
        LEFT JOIN tblvotemst tvm
            ON tvm.id = tvn.votemstid
        GROUP BY tvn.id
    ')
 3 APPPATH\Controllers\Main.php(153): CodeIgniter\Database\BaseConnection->query('
        SELECT 
            tvn.id,
            tvn.Candidate,
            tvn.CandidateImage,
            tvm.PositionName,
            COUNT(tv.id) AS NumberOfVotes
        FROM tblvotetrn tvn
        LEFT JOIN tblvote tv 
            ON tv.votetrnid = tvn.id
            AND tv.IsActive = 1
        LEFT JOIN tblvotemst tvm
            ON tvm.id = tvn.votemstid
        GROUP BY tvn.id
    ')
 4 SYSTEMPATH\CodeIgniter.php(933): App\Controllers\Main->getDashboarddata()
 5 SYSTEMPATH\CodeIgniter.php(507): CodeIgniter\CodeIgniter->runController(Object(App\Controllers\Main))
 6 SYSTEMPATH\CodeIgniter.php(354): CodeIgniter\CodeIgniter->handleRequest(null, Object(Config\Cache), false)
 7 SYSTEMPATH\Boot.php(334): CodeIgniter\CodeIgniter->run()
 8 SYSTEMPATH\Boot.php(67): CodeIgniter\Boot::runCodeIgniter(Object(CodeIgniter\CodeIgniter))
 9 FCPATH\index.php(56): CodeIgniter\Boot::bootWeb(Object(Config\Paths))
CRITICAL - 2026-05-15 22:51:40 --> [Caused by] mysqli_sql_exception: Unknown column 'tvm.PositionName' in 'field list'
in SYSTEMPATH\Database\MySQLi\Connection.php on line 327.
 1 SYSTEMPATH\Database\MySQLi\Connection.php(327): mysqli->query('
        SELECT 
            tvn.id,
            tvn.Candidate,
            tvn.CandidateImage,
            tvm.PositionName,
            COUNT(tv.id) AS NumberOfVotes
        FROM tblvotetrn tvn
        LEFT JOIN tblvote tv 
            ON tv.votetrnid = tvn.id
            AND tv.IsActive = 1
        LEFT JOIN tblvotemst tvm
            ON tvm.id = tvn.votemstid
        GROUP BY tvn.id
    ', 0)
 2 SYSTEMPATH\Database\BaseConnection.php(738): CodeIgniter\Database\MySQLi\Connection->execute('
        SELECT 
            tvn.id,
            tvn.Candidate,
            tvn.CandidateImage,
            tvm.PositionName,
            COUNT(tv.id) AS NumberOfVotes
        FROM tblvotetrn tvn
        LEFT JOIN tblvote tv 
            ON tv.votetrnid = tvn.id
            AND tv.IsActive = 1
        LEFT JOIN tblvotemst tvm
            ON tvm.id = tvn.votemstid
        GROUP BY tvn.id
    ')
 3 SYSTEMPATH\Database\BaseConnection.php(652): CodeIgniter\Database\BaseConnection->simpleQuery('
        SELECT 
            tvn.id,
            tvn.Candidate,
            tvn.CandidateImage,
            tvm.PositionName,
            COUNT(tv.id) AS NumberOfVotes
        FROM tblvotetrn tvn
        LEFT JOIN tblvote tv 
            ON tv.votetrnid = tvn.id
            AND tv.IsActive = 1
        LEFT JOIN tblvotemst tvm
            ON tvm.id = tvn.votemstid
        GROUP BY tvn.id
    ')
 4 APPPATH\Controllers\Main.php(153): CodeIgniter\Database\BaseConnection->query('
        SELECT 
            tvn.id,
            tvn.Candidate,
            tvn.CandidateImage,
            tvm.PositionName,
            COUNT(tv.id) AS NumberOfVotes
        FROM tblvotetrn tvn
        LEFT JOIN tblvote tv 
            ON tv.votetrnid = tvn.id
            AND tv.IsActive = 1
        LEFT JOIN tblvotemst tvm
            ON tvm.id = tvn.votemstid
        GROUP BY tvn.id
    ')
 5 SYSTEMPATH\CodeIgniter.php(933): App\Controllers\Main->getDashboarddata()
 6 SYSTEMPATH\CodeIgniter.php(507): CodeIgniter\CodeIgniter->runController(Object(App\Controllers\Main))
 7 SYSTEMPATH\CodeIgniter.php(354): CodeIgniter\CodeIgniter->handleRequest(null, Object(Config\Cache), false)
 8 SYSTEMPATH\Boot.php(334): CodeIgniter\CodeIgniter->run()
 9 SYSTEMPATH\Boot.php(67): CodeIgniter\Boot::runCodeIgniter(Object(CodeIgniter\CodeIgniter))
10 FCPATH\index.php(56): CodeIgniter\Boot::bootWeb(Object(Config\Paths))
DEBUG - 2026-05-15 22:51:50 --> Session: Class initialized using 'CodeIgniter\Session\Handlers\FileHandler' driver.
ERROR - 2026-05-15 22:51:51 --> mysqli_sql_exception: Unknown column 'tvm.PositionName' in 'field list' in C:\xampp\htdocs\gscgeavotingsystem\vendor\codeigniter4\framework\system\Database\MySQLi\Connection.php:327
Stack trace:
#0 C:\xampp\htdocs\gscgeavotingsystem\vendor\codeigniter4\framework\system\Database\MySQLi\Connection.php(327): mysqli->query('\r\n        SELEC...', 0)
#1 C:\xampp\htdocs\gscgeavotingsystem\vendor\codeigniter4\framework\system\Database\BaseConnection.php(738): CodeIgniter\Database\MySQLi\Connection->execute('\r\n        SELEC...')
#2 C:\xampp\htdocs\gscgeavotingsystem\vendor\codeigniter4\framework\system\Database\BaseConnection.php(652): CodeIgniter\Database\BaseConnection->simpleQuery('\r\n        SELEC...')
#3 C:\xampp\htdocs\gscgeavotingsystem\app\Controllers\Main.php(153): CodeIgniter\Database\BaseConnection->query('\r\n        SELEC...')
#4 C:\xampp\htdocs\gscgeavotingsystem\vendor\codeigniter4\framework\system\CodeIgniter.php(933): App\Controllers\Main->getDashboarddata()
#5 C:\xampp\htdocs\gscgeavotingsystem\vendor\codeigniter4\framework\system\CodeIgniter.php(507): CodeIgniter\CodeIgniter->runController(Object(App\Controllers\Main))
#6 C:\xampp\htdocs\gscgeavotingsystem\vendor\codeigniter4\framework\system\CodeIgniter.php(354): CodeIgniter\CodeIgniter->handleRequest(NULL, Object(Config\Cache), false)
#7 C:\xampp\htdocs\gscgeavotingsystem\vendor\codeigniter4\framework\system\Boot.php(334): CodeIgniter\CodeIgniter->run()
#8 C:\xampp\htdocs\gscgeavotingsystem\vendor\codeigniter4\framework\system\Boot.php(67): CodeIgniter\Boot::runCodeIgniter(Object(CodeIgniter\CodeIgniter))
#9 C:\xampp\htdocs\gscgeavotingsystem\public\index.php(56): CodeIgniter\Boot::bootWeb(Object(Config\Paths))
#10 {main}
CRITICAL - 2026-05-15 22:51:51 --> CodeIgniter\Database\Exceptions\DatabaseException: Unknown column 'tvm.PositionName' in 'field list'
[Method: GET, Route: main/dashboarddata]
in SYSTEMPATH\Database\BaseConnection.php on line 692.
 1 APPPATH\Controllers\Main.php(153): CodeIgniter\Database\BaseConnection->query('
        SELECT 
            tvn.id,
            tvn.Candidate,
            tvn.CandidateImage,
            tvm.PositionName,
            COUNT(tv.id) AS NumberOfVotes
        FROM tblvotetrn tvn
        LEFT JOIN tblvote tv 
            ON tv.votetrnid = tvn.id
            AND tv.IsActive = 1
        LEFT JOIN tblvotemst tvm
            ON tvm.id = tvn.votemstid
        GROUP BY tvn.id
    ')
 2 SYSTEMPATH\CodeIgniter.php(933): App\Controllers\Main->getDashboarddata()
 3 SYSTEMPATH\CodeIgniter.php(507): CodeIgniter\CodeIgniter->runController(Object(App\Controllers\Main))
 4 SYSTEMPATH\CodeIgniter.php(354): CodeIgniter\CodeIgniter->handleRequest(null, Object(Config\Cache), false)
 5 SYSTEMPATH\Boot.php(334): CodeIgniter\CodeIgniter->run()
 6 SYSTEMPATH\Boot.php(67): CodeIgniter\Boot::runCodeIgniter(Object(CodeIgniter\CodeIgniter))
 7 FCPATH\index.php(56): CodeIgniter\Boot::bootWeb(Object(Config\Paths))
CRITICAL - 2026-05-15 22:51:51 --> [Caused by] CodeIgniter\Database\Exceptions\DatabaseException: Unknown column 'tvm.PositionName' in 'field list'
in SYSTEMPATH\Database\MySQLi\Connection.php on line 332.
 1 SYSTEMPATH\Database\BaseConnection.php(738): CodeIgniter\Database\MySQLi\Connection->execute('
        SELECT 
            tvn.id,
            tvn.Candidate,
            tvn.CandidateImage,
            tvm.PositionName,
            COUNT(tv.id) AS NumberOfVotes
        FROM tblvotetrn tvn
        LEFT JOIN tblvote tv 
            ON tv.votetrnid = tvn.id
            AND tv.IsActive = 1
        LEFT JOIN tblvotemst tvm
            ON tvm.id = tvn.votemstid
        GROUP BY tvn.id
    ')
 2 SYSTEMPATH\Database\BaseConnection.php(652): CodeIgniter\Database\BaseConnection->simpleQuery('
        SELECT 
            tvn.id,
            tvn.Candidate,
            tvn.CandidateImage,
            tvm.PositionName,
            COUNT(tv.id) AS NumberOfVotes
        FROM tblvotetrn tvn
        LEFT JOIN tblvote tv 
            ON tv.votetrnid = tvn.id
            AND tv.IsActive = 1
        LEFT JOIN tblvotemst tvm
            ON tvm.id = tvn.votemstid
        GROUP BY tvn.id
    ')
 3 APPPATH\Controllers\Main.php(153): CodeIgniter\Database\BaseConnection->query('
        SELECT 
            tvn.id,
            tvn.Candidate,
            tvn.CandidateImage,
            tvm.PositionName,
            COUNT(tv.id) AS NumberOfVotes
        FROM tblvotetrn tvn
        LEFT JOIN tblvote tv 
            ON tv.votetrnid = tvn.id
            AND tv.IsActive = 1
        LEFT JOIN tblvotemst tvm
            ON tvm.id = tvn.votemstid
        GROUP BY tvn.id
    ')
 4 SYSTEMPATH\CodeIgniter.php(933): App\Controllers\Main->getDashboarddata()
 5 SYSTEMPATH\CodeIgniter.php(507): CodeIgniter\CodeIgniter->runController(Object(App\Controllers\Main))
 6 SYSTEMPATH\CodeIgniter.php(354): CodeIgniter\CodeIgniter->handleRequest(null, Object(Config\Cache), false)
 7 SYSTEMPATH\Boot.php(334): CodeIgniter\CodeIgniter->run()
 8 SYSTEMPATH\Boot.php(67): CodeIgniter\Boot::runCodeIgniter(Object(CodeIgniter\CodeIgniter))
 9 FCPATH\index.php(56): CodeIgniter\Boot::bootWeb(Object(Config\Paths))
CRITICAL - 2026-05-15 22:51:51 --> [Caused by] mysqli_sql_exception: Unknown column 'tvm.PositionName' in 'field list'
in SYSTEMPATH\Database\MySQLi\Connection.php on line 327.
 1 SYSTEMPATH\Database\MySQLi\Connection.php(327): mysqli->query('
        SELECT 
            tvn.id,
            tvn.Candidate,
            tvn.CandidateImage,
            tvm.PositionName,
            COUNT(tv.id) AS NumberOfVotes
        FROM tblvotetrn tvn
        LEFT JOIN tblvote tv 
            ON tv.votetrnid = tvn.id
            AND tv.IsActive = 1
        LEFT JOIN tblvotemst tvm
            ON tvm.id = tvn.votemstid
        GROUP BY tvn.id
    ', 0)
 2 SYSTEMPATH\Database\BaseConnection.php(738): CodeIgniter\Database\MySQLi\Connection->execute('
        SELECT 
            tvn.id,
            tvn.Candidate,
            tvn.CandidateImage,
            tvm.PositionName,
            COUNT(tv.id) AS NumberOfVotes
        FROM tblvotetrn tvn
        LEFT JOIN tblvote tv 
            ON tv.votetrnid = tvn.id
            AND tv.IsActive = 1
        LEFT JOIN tblvotemst tvm
            ON tvm.id = tvn.votemstid
        GROUP BY tvn.id
    ')
 3 SYSTEMPATH\Database\BaseConnection.php(652): CodeIgniter\Database\BaseConnection->simpleQuery('
        SELECT 
            tvn.id,
            tvn.Candidate,
            tvn.CandidateImage,
            tvm.PositionName,
            COUNT(tv.id) AS NumberOfVotes
        FROM tblvotetrn tvn
        LEFT JOIN tblvote tv 
            ON tv.votetrnid = tvn.id
            AND tv.IsActive = 1
        LEFT JOIN tblvotemst tvm
            ON tvm.id = tvn.votemstid
        GROUP BY tvn.id
    ')
 4 APPPATH\Controllers\Main.php(153): CodeIgniter\Database\BaseConnection->query('
        SELECT 
            tvn.id,
            tvn.Candidate,
            tvn.CandidateImage,
            tvm.PositionName,
            COUNT(tv.id) AS NumberOfVotes
        FROM tblvotetrn tvn
        LEFT JOIN tblvote tv 
            ON tv.votetrnid = tvn.id
            AND tv.IsActive = 1
        LEFT JOIN tblvotemst tvm
            ON tvm.id = tvn.votemstid
        GROUP BY tvn.id
    ')
 5 SYSTEMPATH\CodeIgniter.php(933): App\Controllers\Main->getDashboarddata()
 6 SYSTEMPATH\CodeIgniter.php(507): CodeIgniter\CodeIgniter->runController(Object(App\Controllers\Main))
 7 SYSTEMPATH\CodeIgniter.php(354): CodeIgniter\CodeIgniter->handleRequest(null, Object(Config\Cache), false)
 8 SYSTEMPATH\Boot.php(334): CodeIgniter\CodeIgniter->run()
 9 SYSTEMPATH\Boot.php(67): CodeIgniter\Boot::runCodeIgniter(Object(CodeIgniter\CodeIgniter))
10 FCPATH\index.php(56): CodeIgniter\Boot::bootWeb(Object(Config\Paths))
DEBUG - 2026-05-15 22:52:01 --> Session: Class initialized using 'CodeIgniter\Session\Handlers\FileHandler' driver.
ERROR - 2026-05-15 22:52:01 --> mysqli_sql_exception: Unknown column 'tvm.PositionName' in 'field list' in C:\xampp\htdocs\gscgeavotingsystem\vendor\codeigniter4\framework\system\Database\MySQLi\Connection.php:327
Stack trace:
#0 C:\xampp\htdocs\gscgeavotingsystem\vendor\codeigniter4\framework\system\Database\MySQLi\Connection.php(327): mysqli->query('\r\n        SELEC...', 0)
#1 C:\xampp\htdocs\gscgeavotingsystem\vendor\codeigniter4\framework\system\Database\BaseConnection.php(738): CodeIgniter\Database\MySQLi\Connection->execute('\r\n        SELEC...')
#2 C:\xampp\htdocs\gscgeavotingsystem\vendor\codeigniter4\framework\system\Database\BaseConnection.php(652): CodeIgniter\Database\BaseConnection->simpleQuery('\r\n        SELEC...')
#3 C:\xampp\htdocs\gscgeavotingsystem\app\Controllers\Main.php(153): CodeIgniter\Database\BaseConnection->query('\r\n        SELEC...')
#4 C:\xampp\htdocs\gscgeavotingsystem\vendor\codeigniter4\framework\system\CodeIgniter.php(933): App\Controllers\Main->getDashboarddata()
#5 C:\xampp\htdocs\gscgeavotingsystem\vendor\codeigniter4\framework\system\CodeIgniter.php(507): CodeIgniter\CodeIgniter->runController(Object(App\Controllers\Main))
#6 C:\xampp\htdocs\gscgeavotingsystem\vendor\codeigniter4\framework\system\CodeIgniter.php(354): CodeIgniter\CodeIgniter->handleRequest(NULL, Object(Config\Cache), false)
#7 C:\xampp\htdocs\gscgeavotingsystem\vendor\codeigniter4\framework\system\Boot.php(334): CodeIgniter\CodeIgniter->run()
#8 C:\xampp\htdocs\gscgeavotingsystem\vendor\codeigniter4\framework\system\Boot.php(67): CodeIgniter\Boot::runCodeIgniter(Object(CodeIgniter\CodeIgniter))
#9 C:\xampp\htdocs\gscgeavotingsystem\public\index.php(56): CodeIgniter\Boot::bootWeb(Object(Config\Paths))
#10 {main}
CRITICAL - 2026-05-15 22:52:01 --> CodeIgniter\Database\Exceptions\DatabaseException: Unknown column 'tvm.PositionName' in 'field list'
[Method: GET, Route: main/dashboarddata]
in SYSTEMPATH\Database\BaseConnection.php on line 692.
 1 APPPATH\Controllers\Main.php(153): CodeIgniter\Database\BaseConnection->query('
        SELECT 
            tvn.id,
            tvn.Candidate,
            tvn.CandidateImage,
            tvm.PositionName,
            COUNT(tv.id) AS NumberOfVotes
        FROM tblvotetrn tvn
        LEFT JOIN tblvote tv 
            ON tv.votetrnid = tvn.id
            AND tv.IsActive = 1
        LEFT JOIN tblvotemst tvm
            ON tvm.id = tvn.votemstid
        GROUP BY tvn.id
    ')
 2 SYSTEMPATH\CodeIgniter.php(933): App\Controllers\Main->getDashboarddata()
 3 SYSTEMPATH\CodeIgniter.php(507): CodeIgniter\CodeIgniter->runController(Object(App\Controllers\Main))
 4 SYSTEMPATH\CodeIgniter.php(354): CodeIgniter\CodeIgniter->handleRequest(null, Object(Config\Cache), false)
 5 SYSTEMPATH\Boot.php(334): CodeIgniter\CodeIgniter->run()
 6 SYSTEMPATH\Boot.php(67): CodeIgniter\Boot::runCodeIgniter(Object(CodeIgniter\CodeIgniter))
 7 FCPATH\index.php(56): CodeIgniter\Boot::bootWeb(Object(Config\Paths))
CRITICAL - 2026-05-15 22:52:01 --> [Caused by] CodeIgniter\Database\Exceptions\DatabaseException: Unknown column 'tvm.PositionName' in 'field list'
in SYSTEMPATH\Database\MySQLi\Connection.php on line 332.
 1 SYSTEMPATH\Database\BaseConnection.php(738): CodeIgniter\Database\MySQLi\Connection->execute('
        SELECT 
            tvn.id,
            tvn.Candidate,
            tvn.CandidateImage,
            tvm.PositionName,
            COUNT(tv.id) AS NumberOfVotes
        FROM tblvotetrn tvn
        LEFT JOIN tblvote tv 
            ON tv.votetrnid = tvn.id
            AND tv.IsActive = 1
        LEFT JOIN tblvotemst tvm
            ON tvm.id = tvn.votemstid
        GROUP BY tvn.id
    ')
 2 SYSTEMPATH\Database\BaseConnection.php(652): CodeIgniter\Database\BaseConnection->simpleQuery('
        SELECT 
            tvn.id,
            tvn.Candidate,
            tvn.CandidateImage,
            tvm.PositionName,
            COUNT(tv.id) AS NumberOfVotes
        FROM tblvotetrn tvn
        LEFT JOIN tblvote tv 
            ON tv.votetrnid = tvn.id
            AND tv.IsActive = 1
        LEFT JOIN tblvotemst tvm
            ON tvm.id = tvn.votemstid
        GROUP BY tvn.id
    ')
 3 APPPATH\Controllers\Main.php(153): CodeIgniter\Database\BaseConnection->query('
        SELECT 
            tvn.id,
            tvn.Candidate,
            tvn.CandidateImage,
            tvm.PositionName,
            COUNT(tv.id) AS NumberOfVotes
        FROM tblvotetrn tvn
        LEFT JOIN tblvote tv 
            ON tv.votetrnid = tvn.id
            AND tv.IsActive = 1
        LEFT JOIN tblvotemst tvm
            ON tvm.id = tvn.votemstid
        GROUP BY tvn.id
    ')
 4 SYSTEMPATH\CodeIgniter.php(933): App\Controllers\Main->getDashboarddata()
 5 SYSTEMPATH\CodeIgniter.php(507): CodeIgniter\CodeIgniter->runController(Object(App\Controllers\Main))
 6 SYSTEMPATH\CodeIgniter.php(354): CodeIgniter\CodeIgniter->handleRequest(null, Object(Config\Cache), false)
 7 SYSTEMPATH\Boot.php(334): CodeIgniter\CodeIgniter->run()
 8 SYSTEMPATH\Boot.php(67): CodeIgniter\Boot::runCodeIgniter(Object(CodeIgniter\CodeIgniter))
 9 FCPATH\index.php(56): CodeIgniter\Boot::bootWeb(Object(Config\Paths))
CRITICAL - 2026-05-15 22:52:01 --> [Caused by] mysqli_sql_exception: Unknown column 'tvm.PositionName' in 'field list'
in SYSTEMPATH\Database\MySQLi\Connection.php on line 327.
 1 SYSTEMPATH\Database\MySQLi\Connection.php(327): mysqli->query('
        SELECT 
            tvn.id,
            tvn.Candidate,
            tvn.CandidateImage,
            tvm.PositionName,
            COUNT(tv.id) AS NumberOfVotes
        FROM tblvotetrn tvn
        LEFT JOIN tblvote tv 
            ON tv.votetrnid = tvn.id
            AND tv.IsActive = 1
        LEFT JOIN tblvotemst tvm
            ON tvm.id = tvn.votemstid
        GROUP BY tvn.id
    ', 0)
 2 SYSTEMPATH\Database\BaseConnection.php(738): CodeIgniter\Database\MySQLi\Connection->execute('
        SELECT 
            tvn.id,
            tvn.Candidate,
            tvn.CandidateImage,
            tvm.PositionName,
            COUNT(tv.id) AS NumberOfVotes
        FROM tblvotetrn tvn
        LEFT JOIN tblvote tv 
            ON tv.votetrnid = tvn.id
            AND tv.IsActive = 1
        LEFT JOIN tblvotemst tvm
            ON tvm.id = tvn.votemstid
        GROUP BY tvn.id
    ')
 3 SYSTEMPATH\Database\BaseConnection.php(652): CodeIgniter\Database\BaseConnection->simpleQuery('
        SELECT 
            tvn.id,
            tvn.Candidate,
            tvn.CandidateImage,
            tvm.PositionName,
            COUNT(tv.id) AS NumberOfVotes
        FROM tblvotetrn tvn
        LEFT JOIN tblvote tv 
            ON tv.votetrnid = tvn.id
            AND tv.IsActive = 1
        LEFT JOIN tblvotemst tvm
            ON tvm.id = tvn.votemstid
        GROUP BY tvn.id
    ')
 4 APPPATH\Controllers\Main.php(153): CodeIgniter\Database\BaseConnection->query('
        SELECT 
            tvn.id,
            tvn.Candidate,
            tvn.CandidateImage,
            tvm.PositionName,
            COUNT(tv.id) AS NumberOfVotes
        FROM tblvotetrn tvn
        LEFT JOIN tblvote tv 
            ON tv.votetrnid = tvn.id
            AND tv.IsActive = 1
        LEFT JOIN tblvotemst tvm
            ON tvm.id = tvn.votemstid
        GROUP BY tvn.id
    ')
 5 SYSTEMPATH\CodeIgniter.php(933): App\Controllers\Main->getDashboarddata()
 6 SYSTEMPATH\CodeIgniter.php(507): CodeIgniter\CodeIgniter->runController(Object(App\Controllers\Main))
 7 SYSTEMPATH\CodeIgniter.php(354): CodeIgniter\CodeIgniter->handleRequest(null, Object(Config\Cache), false)
 8 SYSTEMPATH\Boot.php(334): CodeIgniter\CodeIgniter->run()
 9 SYSTEMPATH\Boot.php(67): CodeIgniter\Boot::runCodeIgniter(Object(CodeIgniter\CodeIgniter))
10 FCPATH\index.php(56): CodeIgniter\Boot::bootWeb(Object(Config\Paths))
DEBUG - 2026-05-15 22:52:11 --> Session: Class initialized using 'CodeIgniter\Session\Handlers\FileHandler' driver.
ERROR - 2026-05-15 22:52:11 --> mysqli_sql_exception: Unknown column 'tvm.PositionName' in 'field list' in C:\xampp\htdocs\gscgeavotingsystem\vendor\codeigniter4\framework\system\Database\MySQLi\Connection.php:327
Stack trace:
#0 C:\xampp\htdocs\gscgeavotingsystem\vendor\codeigniter4\framework\system\Database\MySQLi\Connection.php(327): mysqli->query('\r\n        SELEC...', 0)
#1 C:\xampp\htdocs\gscgeavotingsystem\vendor\codeigniter4\framework\system\Database\BaseConnection.php(738): CodeIgniter\Database\MySQLi\Connection->execute('\r\n        SELEC...')
#2 C:\xampp\htdocs\gscgeavotingsystem\vendor\codeigniter4\framework\system\Database\BaseConnection.php(652): CodeIgniter\Database\BaseConnection->simpleQuery('\r\n        SELEC...')
#3 C:\xampp\htdocs\gscgeavotingsystem\app\Controllers\Main.php(153): CodeIgniter\Database\BaseConnection->query('\r\n        SELEC...')
#4 C:\xampp\htdocs\gscgeavotingsystem\vendor\codeigniter4\framework\system\CodeIgniter.php(933): App\Controllers\Main->getDashboarddata()
#5 C:\xampp\htdocs\gscgeavotingsystem\vendor\codeigniter4\framework\system\CodeIgniter.php(507): CodeIgniter\CodeIgniter->runController(Object(App\Controllers\Main))
#6 C:\xampp\htdocs\gscgeavotingsystem\vendor\codeigniter4\framework\system\CodeIgniter.php(354): CodeIgniter\CodeIgniter->handleRequest(NULL, Object(Config\Cache), false)
#7 C:\xampp\htdocs\gscgeavotingsystem\vendor\codeigniter4\framework\system\Boot.php(334): CodeIgniter\CodeIgniter->run()
#8 C:\xampp\htdocs\gscgeavotingsystem\vendor\codeigniter4\framework\system\Boot.php(67): CodeIgniter\Boot::runCodeIgniter(Object(CodeIgniter\CodeIgniter))
#9 C:\xampp\htdocs\gscgeavotingsystem\public\index.php(56): CodeIgniter\Boot::bootWeb(Object(Config\Paths))
#10 {main}
CRITICAL - 2026-05-15 22:52:11 --> CodeIgniter\Database\Exceptions\DatabaseException: Unknown column 'tvm.PositionName' in 'field list'
[Method: GET, Route: main/dashboarddata]
in SYSTEMPATH\Database\BaseConnection.php on line 692.
 1 APPPATH\Controllers\Main.php(153): CodeIgniter\Database\BaseConnection->query('
        SELECT 
            tvn.id,
            tvn.Candidate,
            tvn.CandidateImage,
            tvm.PositionName,
            COUNT(tv.id) AS NumberOfVotes
        FROM tblvotetrn tvn
        LEFT JOIN tblvote tv 
            ON tv.votetrnid = tvn.id
            AND tv.IsActive = 1
        LEFT JOIN tblvotemst tvm
            ON tvm.id = tvn.votemstid
        GROUP BY tvn.id
    ')
 2 SYSTEMPATH\CodeIgniter.php(933): App\Controllers\Main->getDashboarddata()
 3 SYSTEMPATH\CodeIgniter.php(507): CodeIgniter\CodeIgniter->runController(Object(App\Controllers\Main))
 4 SYSTEMPATH\CodeIgniter.php(354): CodeIgniter\CodeIgniter->handleRequest(null, Object(Config\Cache), false)
 5 SYSTEMPATH\Boot.php(334): CodeIgniter\CodeIgniter->run()
 6 SYSTEMPATH\Boot.php(67): CodeIgniter\Boot::runCodeIgniter(Object(CodeIgniter\CodeIgniter))
 7 FCPATH\index.php(56): CodeIgniter\Boot::bootWeb(Object(Config\Paths))
CRITICAL - 2026-05-15 22:52:11 --> [Caused by] CodeIgniter\Database\Exceptions\DatabaseException: Unknown column 'tvm.PositionName' in 'field list'
in SYSTEMPATH\Database\MySQLi\Connection.php on line 332.
 1 SYSTEMPATH\Database\BaseConnection.php(738): CodeIgniter\Database\MySQLi\Connection->execute('
        SELECT 
            tvn.id,
            tvn.Candidate,
            tvn.CandidateImage,
            tvm.PositionName,
            COUNT(tv.id) AS NumberOfVotes
        FROM tblvotetrn tvn
        LEFT JOIN tblvote tv 
            ON tv.votetrnid = tvn.id
            AND tv.IsActive = 1
        LEFT JOIN tblvotemst tvm
            ON tvm.id = tvn.votemstid
        GROUP BY tvn.id
    ')
 2 SYSTEMPATH\Database\BaseConnection.php(652): CodeIgniter\Database\BaseConnection->simpleQuery('
        SELECT 
            tvn.id,
            tvn.Candidate,
            tvn.CandidateImage,
            tvm.PositionName,
            COUNT(tv.id) AS NumberOfVotes
        FROM tblvotetrn tvn
        LEFT JOIN tblvote tv 
            ON tv.votetrnid = tvn.id
            AND tv.IsActive = 1
        LEFT JOIN tblvotemst tvm
            ON tvm.id = tvn.votemstid
        GROUP BY tvn.id
    ')
 3 APPPATH\Controllers\Main.php(153): CodeIgniter\Database\BaseConnection->query('
        SELECT 
            tvn.id,
            tvn.Candidate,
            tvn.CandidateImage,
            tvm.PositionName,
            COUNT(tv.id) AS NumberOfVotes
        FROM tblvotetrn tvn
        LEFT JOIN tblvote tv 
            ON tv.votetrnid = tvn.id
            AND tv.IsActive = 1
        LEFT JOIN tblvotemst tvm
            ON tvm.id = tvn.votemstid
        GROUP BY tvn.id
    ')
 4 SYSTEMPATH\CodeIgniter.php(933): App\Controllers\Main->getDashboarddata()
 5 SYSTEMPATH\CodeIgniter.php(507): CodeIgniter\CodeIgniter->runController(Object(App\Controllers\Main))
 6 SYSTEMPATH\CodeIgniter.php(354): CodeIgniter\CodeIgniter->handleRequest(null, Object(Config\Cache), false)
 7 SYSTEMPATH\Boot.php(334): CodeIgniter\CodeIgniter->run()
 8 SYSTEMPATH\Boot.php(67): CodeIgniter\Boot::runCodeIgniter(Object(CodeIgniter\CodeIgniter))
 9 FCPATH\index.php(56): CodeIgniter\Boot::bootWeb(Object(Config\Paths))
CRITICAL - 2026-05-15 22:52:11 --> [Caused by] mysqli_sql_exception: Unknown column 'tvm.PositionName' in 'field list'
in SYSTEMPATH\Database\MySQLi\Connection.php on line 327.
 1 SYSTEMPATH\Database\MySQLi\Connection.php(327): mysqli->query('
        SELECT 
            tvn.id,
            tvn.Candidate,
            tvn.CandidateImage,
            tvm.PositionName,
            COUNT(tv.id) AS NumberOfVotes
        FROM tblvotetrn tvn
        LEFT JOIN tblvote tv 
            ON tv.votetrnid = tvn.id
            AND tv.IsActive = 1
        LEFT JOIN tblvotemst tvm
            ON tvm.id = tvn.votemstid
        GROUP BY tvn.id
    ', 0)
 2 SYSTEMPATH\Database\BaseConnection.php(738): CodeIgniter\Database\MySQLi\Connection->execute('
        SELECT 
            tvn.id,
            tvn.Candidate,
            tvn.CandidateImage,
            tvm.PositionName,
            COUNT(tv.id) AS NumberOfVotes
        FROM tblvotetrn tvn
        LEFT JOIN tblvote tv 
            ON tv.votetrnid = tvn.id
            AND tv.IsActive = 1
        LEFT JOIN tblvotemst tvm
            ON tvm.id = tvn.votemstid
        GROUP BY tvn.id
    ')
 3 SYSTEMPATH\Database\BaseConnection.php(652): CodeIgniter\Database\BaseConnection->simpleQuery('
        SELECT 
            tvn.id,
            tvn.Candidate,
            tvn.CandidateImage,
            tvm.PositionName,
            COUNT(tv.id) AS NumberOfVotes
        FROM tblvotetrn tvn
        LEFT JOIN tblvote tv 
            ON tv.votetrnid = tvn.id
            AND tv.IsActive = 1
        LEFT JOIN tblvotemst tvm
            ON tvm.id = tvn.votemstid
        GROUP BY tvn.id
    ')
 4 APPPATH\Controllers\Main.php(153): CodeIgniter\Database\BaseConnection->query('
        SELECT 
            tvn.id,
            tvn.Candidate,
            tvn.CandidateImage,
            tvm.PositionName,
            COUNT(tv.id) AS NumberOfVotes
        FROM tblvotetrn tvn
        LEFT JOIN tblvote tv 
            ON tv.votetrnid = tvn.id
            AND tv.IsActive = 1
        LEFT JOIN tblvotemst tvm
            ON tvm.id = tvn.votemstid
        GROUP BY tvn.id
    ')
 5 SYSTEMPATH\CodeIgniter.php(933): App\Controllers\Main->getDashboarddata()
 6 SYSTEMPATH\CodeIgniter.php(507): CodeIgniter\CodeIgniter->runController(Object(App\Controllers\Main))
 7 SYSTEMPATH\CodeIgniter.php(354): CodeIgniter\CodeIgniter->handleRequest(null, Object(Config\Cache), false)
 8 SYSTEMPATH\Boot.php(334): CodeIgniter\CodeIgniter->run()
 9 SYSTEMPATH\Boot.php(67): CodeIgniter\Boot::runCodeIgniter(Object(CodeIgniter\CodeIgniter))
10 FCPATH\index.php(56): CodeIgniter\Boot::bootWeb(Object(Config\Paths))
DEBUG - 2026-05-15 22:52:21 --> Session: Class initialized using 'CodeIgniter\Session\Handlers\FileHandler' driver.
ERROR - 2026-05-15 22:52:21 --> mysqli_sql_exception: Unknown column 'tvm.PositionName' in 'field list' in C:\xampp\htdocs\gscgeavotingsystem\vendor\codeigniter4\framework\system\Database\MySQLi\Connection.php:327
Stack trace:
#0 C:\xampp\htdocs\gscgeavotingsystem\vendor\codeigniter4\framework\system\Database\MySQLi\Connection.php(327): mysqli->query('\r\n        SELEC...', 0)
#1 C:\xampp\htdocs\gscgeavotingsystem\vendor\codeigniter4\framework\system\Database\BaseConnection.php(738): CodeIgniter\Database\MySQLi\Connection->execute('\r\n        SELEC...')
#2 C:\xampp\htdocs\gscgeavotingsystem\vendor\codeigniter4\framework\system\Database\BaseConnection.php(652): CodeIgniter\Database\BaseConnection->simpleQuery('\r\n        SELEC...')
#3 C:\xampp\htdocs\gscgeavotingsystem\app\Controllers\Main.php(153): CodeIgniter\Database\BaseConnection->query('\r\n        SELEC...')
#4 C:\xampp\htdocs\gscgeavotingsystem\vendor\codeigniter4\framework\system\CodeIgniter.php(933): App\Controllers\Main->getDashboarddata()
#5 C:\xampp\htdocs\gscgeavotingsystem\vendor\codeigniter4\framework\system\CodeIgniter.php(507): CodeIgniter\CodeIgniter->runController(Object(App\Controllers\Main))
#6 C:\xampp\htdocs\gscgeavotingsystem\vendor\codeigniter4\framework\system\CodeIgniter.php(354): CodeIgniter\CodeIgniter->handleRequest(NULL, Object(Config\Cache), false)
#7 C:\xampp\htdocs\gscgeavotingsystem\vendor\codeigniter4\framework\system\Boot.php(334): CodeIgniter\CodeIgniter->run()
#8 C:\xampp\htdocs\gscgeavotingsystem\vendor\codeigniter4\framework\system\Boot.php(67): CodeIgniter\Boot::runCodeIgniter(Object(CodeIgniter\CodeIgniter))
#9 C:\xampp\htdocs\gscgeavotingsystem\public\index.php(56): CodeIgniter\Boot::bootWeb(Object(Config\Paths))
#10 {main}
CRITICAL - 2026-05-15 22:52:21 --> CodeIgniter\Database\Exceptions\DatabaseException: Unknown column 'tvm.PositionName' in 'field list'
[Method: GET, Route: main/dashboarddata]
in SYSTEMPATH\Database\BaseConnection.php on line 692.
 1 APPPATH\Controllers\Main.php(153): CodeIgniter\Database\BaseConnection->query('
        SELECT 
            tvn.id,
            tvn.Candidate,
            tvn.CandidateImage,
            tvm.PositionName,
            COUNT(tv.id) AS NumberOfVotes
        FROM tblvotetrn tvn
        LEFT JOIN tblvote tv 
            ON tv.votetrnid = tvn.id
            AND tv.IsActive = 1
        LEFT JOIN tblvotemst tvm
            ON tvm.id = tvn.votemstid
        GROUP BY tvn.id
    ')
 2 SYSTEMPATH\CodeIgniter.php(933): App\Controllers\Main->getDashboarddata()
 3 SYSTEMPATH\CodeIgniter.php(507): CodeIgniter\CodeIgniter->runController(Object(App\Controllers\Main))
 4 SYSTEMPATH\CodeIgniter.php(354): CodeIgniter\CodeIgniter->handleRequest(null, Object(Config\Cache), false)
 5 SYSTEMPATH\Boot.php(334): CodeIgniter\CodeIgniter->run()
 6 SYSTEMPATH\Boot.php(67): CodeIgniter\Boot::runCodeIgniter(Object(CodeIgniter\CodeIgniter))
 7 FCPATH\index.php(56): CodeIgniter\Boot::bootWeb(Object(Config\Paths))
CRITICAL - 2026-05-15 22:52:21 --> [Caused by] CodeIgniter\Database\Exceptions\DatabaseException: Unknown column 'tvm.PositionName' in 'field list'
in SYSTEMPATH\Database\MySQLi\Connection.php on line 332.
 1 SYSTEMPATH\Database\BaseConnection.php(738): CodeIgniter\Database\MySQLi\Connection->execute('
        SELECT 
            tvn.id,
            tvn.Candidate,
            tvn.CandidateImage,
            tvm.PositionName,
            COUNT(tv.id) AS NumberOfVotes
        FROM tblvotetrn tvn
        LEFT JOIN tblvote tv 
            ON tv.votetrnid = tvn.id
            AND tv.IsActive = 1
        LEFT JOIN tblvotemst tvm
            ON tvm.id = tvn.votemstid
        GROUP BY tvn.id
    ')
 2 SYSTEMPATH\Database\BaseConnection.php(652): CodeIgniter\Database\BaseConnection->simpleQuery('
        SELECT 
            tvn.id,
            tvn.Candidate,
            tvn.CandidateImage,
            tvm.PositionName,
            COUNT(tv.id) AS NumberOfVotes
        FROM tblvotetrn tvn
        LEFT JOIN tblvote tv 
            ON tv.votetrnid = tvn.id
            AND tv.IsActive = 1
        LEFT JOIN tblvotemst tvm
            ON tvm.id = tvn.votemstid
        GROUP BY tvn.id
    ')
 3 APPPATH\Controllers\Main.php(153): CodeIgniter\Database\BaseConnection->query('
        SELECT 
            tvn.id,
            tvn.Candidate,
            tvn.CandidateImage,
            tvm.PositionName,
            COUNT(tv.id) AS NumberOfVotes
        FROM tblvotetrn tvn
        LEFT JOIN tblvote tv 
            ON tv.votetrnid = tvn.id
            AND tv.IsActive = 1
        LEFT JOIN tblvotemst tvm
            ON tvm.id = tvn.votemstid
        GROUP BY tvn.id
    ')
 4 SYSTEMPATH\CodeIgniter.php(933): App\Controllers\Main->getDashboarddata()
 5 SYSTEMPATH\CodeIgniter.php(507): CodeIgniter\CodeIgniter->runController(Object(App\Controllers\Main))
 6 SYSTEMPATH\CodeIgniter.php(354): CodeIgniter\CodeIgniter->handleRequest(null, Object(Config\Cache), false)
 7 SYSTEMPATH\Boot.php(334): CodeIgniter\CodeIgniter->run()
 8 SYSTEMPATH\Boot.php(67): CodeIgniter\Boot::runCodeIgniter(Object(CodeIgniter\CodeIgniter))
 9 FCPATH\index.php(56): CodeIgniter\Boot::bootWeb(Object(Config\Paths))
CRITICAL - 2026-05-15 22:52:21 --> [Caused by] mysqli_sql_exception: Unknown column 'tvm.PositionName' in 'field list'
in SYSTEMPATH\Database\MySQLi\Connection.php on line 327.
 1 SYSTEMPATH\Database\MySQLi\Connection.php(327): mysqli->query('
        SELECT 
            tvn.id,
            tvn.Candidate,
            tvn.CandidateImage,
            tvm.PositionName,
            COUNT(tv.id) AS NumberOfVotes
        FROM tblvotetrn tvn
        LEFT JOIN tblvote tv 
            ON tv.votetrnid = tvn.id
            AND tv.IsActive = 1
        LEFT JOIN tblvotemst tvm
            ON tvm.id = tvn.votemstid
        GROUP BY tvn.id
    ', 0)
 2 SYSTEMPATH\Database\BaseConnection.php(738): CodeIgniter\Database\MySQLi\Connection->execute('
        SELECT 
            tvn.id,
            tvn.Candidate,
            tvn.CandidateImage,
            tvm.PositionName,
            COUNT(tv.id) AS NumberOfVotes
        FROM tblvotetrn tvn
        LEFT JOIN tblvote tv 
            ON tv.votetrnid = tvn.id
            AND tv.IsActive = 1
        LEFT JOIN tblvotemst tvm
            ON tvm.id = tvn.votemstid
        GROUP BY tvn.id
    ')
 3 SYSTEMPATH\Database\BaseConnection.php(652): CodeIgniter\Database\BaseConnection->simpleQuery('
        SELECT 
            tvn.id,
            tvn.Candidate,
            tvn.CandidateImage,
            tvm.PositionName,
            COUNT(tv.id) AS NumberOfVotes
        FROM tblvotetrn tvn
        LEFT JOIN tblvote tv 
            ON tv.votetrnid = tvn.id
            AND tv.IsActive = 1
        LEFT JOIN tblvotemst tvm
            ON tvm.id = tvn.votemstid
        GROUP BY tvn.id
    ')
 4 APPPATH\Controllers\Main.php(153): CodeIgniter\Database\BaseConnection->query('
        SELECT 
            tvn.id,
            tvn.Candidate,
            tvn.CandidateImage,
            tvm.PositionName,
            COUNT(tv.id) AS NumberOfVotes
        FROM tblvotetrn tvn
        LEFT JOIN tblvote tv 
            ON tv.votetrnid = tvn.id
            AND tv.IsActive = 1
        LEFT JOIN tblvotemst tvm
            ON tvm.id = tvn.votemstid
        GROUP BY tvn.id
    ')
 5 SYSTEMPATH\CodeIgniter.php(933): App\Controllers\Main->getDashboarddata()
 6 SYSTEMPATH\CodeIgniter.php(507): CodeIgniter\CodeIgniter->runController(Object(App\Controllers\Main))
 7 SYSTEMPATH\CodeIgniter.php(354): CodeIgniter\CodeIgniter->handleRequest(null, Object(Config\Cache), false)
 8 SYSTEMPATH\Boot.php(334): CodeIgniter\CodeIgniter->run()
 9 SYSTEMPATH\Boot.php(67): CodeIgniter\Boot::runCodeIgniter(Object(CodeIgniter\CodeIgniter))
10 FCPATH\index.php(56): CodeIgniter\Boot::bootWeb(Object(Config\Paths))
DEBUG - 2026-05-15 22:52:31 --> Session: Class initialized using 'CodeIgniter\Session\Handlers\FileHandler' driver.
ERROR - 2026-05-15 22:52:31 --> mysqli_sql_exception: Unknown column 'tvm.PositionName' in 'field list' in C:\xampp\htdocs\gscgeavotingsystem\vendor\codeigniter4\framework\system\Database\MySQLi\Connection.php:327
Stack trace:
#0 C:\xampp\htdocs\gscgeavotingsystem\vendor\codeigniter4\framework\system\Database\MySQLi\Connection.php(327): mysqli->query('\r\n        SELEC...', 0)
#1 C:\xampp\htdocs\gscgeavotingsystem\vendor\codeigniter4\framework\system\Database\BaseConnection.php(738): CodeIgniter\Database\MySQLi\Connection->execute('\r\n        SELEC...')
#2 C:\xampp\htdocs\gscgeavotingsystem\vendor\codeigniter4\framework\system\Database\BaseConnection.php(652): CodeIgniter\Database\BaseConnection->simpleQuery('\r\n        SELEC...')
#3 C:\xampp\htdocs\gscgeavotingsystem\app\Controllers\Main.php(153): CodeIgniter\Database\BaseConnection->query('\r\n        SELEC...')
#4 C:\xampp\htdocs\gscgeavotingsystem\vendor\codeigniter4\framework\system\CodeIgniter.php(933): App\Controllers\Main->getDashboarddata()
#5 C:\xampp\htdocs\gscgeavotingsystem\vendor\codeigniter4\framework\system\CodeIgniter.php(507): CodeIgniter\CodeIgniter->runController(Object(App\Controllers\Main))
#6 C:\xampp\htdocs\gscgeavotingsystem\vendor\codeigniter4\framework\system\CodeIgniter.php(354): CodeIgniter\CodeIgniter->handleRequest(NULL, Object(Config\Cache), false)
#7 C:\xampp\htdocs\gscgeavotingsystem\vendor\codeigniter4\framework\system\Boot.php(334): CodeIgniter\CodeIgniter->run()
#8 C:\xampp\htdocs\gscgeavotingsystem\vendor\codeigniter4\framework\system\Boot.php(67): CodeIgniter\Boot::runCodeIgniter(Object(CodeIgniter\CodeIgniter))
#9 C:\xampp\htdocs\gscgeavotingsystem\public\index.php(56): CodeIgniter\Boot::bootWeb(Object(Config\Paths))
#10 {main}
CRITICAL - 2026-05-15 22:52:31 --> CodeIgniter\Database\Exceptions\DatabaseException: Unknown column 'tvm.PositionName' in 'field list'
[Method: GET, Route: main/dashboarddata]
in SYSTEMPATH\Database\BaseConnection.php on line 692.
 1 APPPATH\Controllers\Main.php(153): CodeIgniter\Database\BaseConnection->query('
        SELECT 
            tvn.id,
            tvn.Candidate,
            tvn.CandidateImage,
            tvm.PositionName,
            COUNT(tv.id) AS NumberOfVotes
        FROM tblvotetrn tvn
        LEFT JOIN tblvote tv 
            ON tv.votetrnid = tvn.id
            AND tv.IsActive = 1
        LEFT JOIN tblvotemst tvm
            ON tvm.id = tvn.votemstid
        GROUP BY tvn.id
    ')
 2 SYSTEMPATH\CodeIgniter.php(933): App\Controllers\Main->getDashboarddata()
 3 SYSTEMPATH\CodeIgniter.php(507): CodeIgniter\CodeIgniter->runController(Object(App\Controllers\Main))
 4 SYSTEMPATH\CodeIgniter.php(354): CodeIgniter\CodeIgniter->handleRequest(null, Object(Config\Cache), false)
 5 SYSTEMPATH\Boot.php(334): CodeIgniter\CodeIgniter->run()
 6 SYSTEMPATH\Boot.php(67): CodeIgniter\Boot::runCodeIgniter(Object(CodeIgniter\CodeIgniter))
 7 FCPATH\index.php(56): CodeIgniter\Boot::bootWeb(Object(Config\Paths))
CRITICAL - 2026-05-15 22:52:31 --> [Caused by] CodeIgniter\Database\Exceptions\DatabaseException: Unknown column 'tvm.PositionName' in 'field list'
in SYSTEMPATH\Database\MySQLi\Connection.php on line 332.
 1 SYSTEMPATH\Database\BaseConnection.php(738): CodeIgniter\Database\MySQLi\Connection->execute('
        SELECT 
            tvn.id,
            tvn.Candidate,
            tvn.CandidateImage,
            tvm.PositionName,
            COUNT(tv.id) AS NumberOfVotes
        FROM tblvotetrn tvn
        LEFT JOIN tblvote tv 
            ON tv.votetrnid = tvn.id
            AND tv.IsActive = 1
        LEFT JOIN tblvotemst tvm
            ON tvm.id = tvn.votemstid
        GROUP BY tvn.id
    ')
 2 SYSTEMPATH\Database\BaseConnection.php(652): CodeIgniter\Database\BaseConnection->simpleQuery('
        SELECT 
            tvn.id,
            tvn.Candidate,
            tvn.CandidateImage,
            tvm.PositionName,
            COUNT(tv.id) AS NumberOfVotes
        FROM tblvotetrn tvn
        LEFT JOIN tblvote tv 
            ON tv.votetrnid = tvn.id
            AND tv.IsActive = 1
        LEFT JOIN tblvotemst tvm
            ON tvm.id = tvn.votemstid
        GROUP BY tvn.id
    ')
 3 APPPATH\Controllers\Main.php(153): CodeIgniter\Database\BaseConnection->query('
        SELECT 
            tvn.id,
            tvn.Candidate,
            tvn.CandidateImage,
            tvm.PositionName,
            COUNT(tv.id) AS NumberOfVotes
        FROM tblvotetrn tvn
        LEFT JOIN tblvote tv 
            ON tv.votetrnid = tvn.id
            AND tv.IsActive = 1
        LEFT JOIN tblvotemst tvm
            ON tvm.id = tvn.votemstid
        GROUP BY tvn.id
    ')
 4 SYSTEMPATH\CodeIgniter.php(933): App\Controllers\Main->getDashboarddata()
 5 SYSTEMPATH\CodeIgniter.php(507): CodeIgniter\CodeIgniter->runController(Object(App\Controllers\Main))
 6 SYSTEMPATH\CodeIgniter.php(354): CodeIgniter\CodeIgniter->handleRequest(null, Object(Config\Cache), false)
 7 SYSTEMPATH\Boot.php(334): CodeIgniter\CodeIgniter->run()
 8 SYSTEMPATH\Boot.php(67): CodeIgniter\Boot::runCodeIgniter(Object(CodeIgniter\CodeIgniter))
 9 FCPATH\index.php(56): CodeIgniter\Boot::bootWeb(Object(Config\Paths))
CRITICAL - 2026-05-15 22:52:31 --> [Caused by] mysqli_sql_exception: Unknown column 'tvm.PositionName' in 'field list'
in SYSTEMPATH\Database\MySQLi\Connection.php on line 327.
 1 SYSTEMPATH\Database\MySQLi\Connection.php(327): mysqli->query('
        SELECT 
            tvn.id,
            tvn.Candidate,
            tvn.CandidateImage,
            tvm.PositionName,
            COUNT(tv.id) AS NumberOfVotes
        FROM tblvotetrn tvn
        LEFT JOIN tblvote tv 
            ON tv.votetrnid = tvn.id
            AND tv.IsActive = 1
        LEFT JOIN tblvotemst tvm
            ON tvm.id = tvn.votemstid
        GROUP BY tvn.id
    ', 0)
 2 SYSTEMPATH\Database\BaseConnection.php(738): CodeIgniter\Database\MySQLi\Connection->execute('
        SELECT 
            tvn.id,
            tvn.Candidate,
            tvn.CandidateImage,
            tvm.PositionName,
            COUNT(tv.id) AS NumberOfVotes
        FROM tblvotetrn tvn
        LEFT JOIN tblvote tv 
            ON tv.votetrnid = tvn.id
            AND tv.IsActive = 1
        LEFT JOIN tblvotemst tvm
            ON tvm.id = tvn.votemstid
        GROUP BY tvn.id
    ')
 3 SYSTEMPATH\Database\BaseConnection.php(652): CodeIgniter\Database\BaseConnection->simpleQuery('
        SELECT 
            tvn.id,
            tvn.Candidate,
            tvn.CandidateImage,
            tvm.PositionName,
            COUNT(tv.id) AS NumberOfVotes
        FROM tblvotetrn tvn
        LEFT JOIN tblvote tv 
            ON tv.votetrnid = tvn.id
            AND tv.IsActive = 1
        LEFT JOIN tblvotemst tvm
            ON tvm.id = tvn.votemstid
        GROUP BY tvn.id
    ')
 4 APPPATH\Controllers\Main.php(153): CodeIgniter\Database\BaseConnection->query('
        SELECT 
            tvn.id,
            tvn.Candidate,
            tvn.CandidateImage,
            tvm.PositionName,
            COUNT(tv.id) AS NumberOfVotes
        FROM tblvotetrn tvn
        LEFT JOIN tblvote tv 
            ON tv.votetrnid = tvn.id
            AND tv.IsActive = 1
        LEFT JOIN tblvotemst tvm
            ON tvm.id = tvn.votemstid
        GROUP BY tvn.id
    ')
 5 SYSTEMPATH\CodeIgniter.php(933): App\Controllers\Main->getDashboarddata()
 6 SYSTEMPATH\CodeIgniter.php(507): CodeIgniter\CodeIgniter->runController(Object(App\Controllers\Main))
 7 SYSTEMPATH\CodeIgniter.php(354): CodeIgniter\CodeIgniter->handleRequest(null, Object(Config\Cache), false)
 8 SYSTEMPATH\Boot.php(334): CodeIgniter\CodeIgniter->run()
 9 SYSTEMPATH\Boot.php(67): CodeIgniter\Boot::runCodeIgniter(Object(CodeIgniter\CodeIgniter))
10 FCPATH\index.php(56): CodeIgniter\Boot::bootWeb(Object(Config\Paths))
DEBUG - 2026-05-15 22:52:41 --> Session: Class initialized using 'CodeIgniter\Session\Handlers\FileHandler' driver.
ERROR - 2026-05-15 22:52:41 --> mysqli_sql_exception: Unknown column 'tvm.PositionName' in 'field list' in C:\xampp\htdocs\gscgeavotingsystem\vendor\codeigniter4\framework\system\Database\MySQLi\Connection.php:327
Stack trace:
#0 C:\xampp\htdocs\gscgeavotingsystem\vendor\codeigniter4\framework\system\Database\MySQLi\Connection.php(327): mysqli->query('\r\n        SELEC...', 0)
#1 C:\xampp\htdocs\gscgeavotingsystem\vendor\codeigniter4\framework\system\Database\BaseConnection.php(738): CodeIgniter\Database\MySQLi\Connection->execute('\r\n        SELEC...')
#2 C:\xampp\htdocs\gscgeavotingsystem\vendor\codeigniter4\framework\system\Database\BaseConnection.php(652): CodeIgniter\Database\BaseConnection->simpleQuery('\r\n        SELEC...')
#3 C:\xampp\htdocs\gscgeavotingsystem\app\Controllers\Main.php(153): CodeIgniter\Database\BaseConnection->query('\r\n        SELEC...')
#4 C:\xampp\htdocs\gscgeavotingsystem\vendor\codeigniter4\framework\system\CodeIgniter.php(933): App\Controllers\Main->getDashboarddata()
#5 C:\xampp\htdocs\gscgeavotingsystem\vendor\codeigniter4\framework\system\CodeIgniter.php(507): CodeIgniter\CodeIgniter->runController(Object(App\Controllers\Main))
#6 C:\xampp\htdocs\gscgeavotingsystem\vendor\codeigniter4\framework\system\CodeIgniter.php(354): CodeIgniter\CodeIgniter->handleRequest(NULL, Object(Config\Cache), false)
#7 C:\xampp\htdocs\gscgeavotingsystem\vendor\codeigniter4\framework\system\Boot.php(334): CodeIgniter\CodeIgniter->run()
#8 C:\xampp\htdocs\gscgeavotingsystem\vendor\codeigniter4\framework\system\Boot.php(67): CodeIgniter\Boot::runCodeIgniter(Object(CodeIgniter\CodeIgniter))
#9 C:\xampp\htdocs\gscgeavotingsystem\public\index.php(56): CodeIgniter\Boot::bootWeb(Object(Config\Paths))
#10 {main}
CRITICAL - 2026-05-15 22:52:41 --> CodeIgniter\Database\Exceptions\DatabaseException: Unknown column 'tvm.PositionName' in 'field list'
[Method: GET, Route: main/dashboarddata]
in SYSTEMPATH\Database\BaseConnection.php on line 692.
 1 APPPATH\Controllers\Main.php(153): CodeIgniter\Database\BaseConnection->query('
        SELECT 
            tvn.id,
            tvn.Candidate,
            tvn.CandidateImage,
            tvm.PositionName,
            COUNT(tv.id) AS NumberOfVotes
        FROM tblvotetrn tvn
        LEFT JOIN tblvote tv 
            ON tv.votetrnid = tvn.id
            AND tv.IsActive = 1
        LEFT JOIN tblvotemst tvm
            ON tvm.id = tvn.votemstid
        GROUP BY tvn.id
    ')
 2 SYSTEMPATH\CodeIgniter.php(933): App\Controllers\Main->getDashboarddata()
 3 SYSTEMPATH\CodeIgniter.php(507): CodeIgniter\CodeIgniter->runController(Object(App\Controllers\Main))
 4 SYSTEMPATH\CodeIgniter.php(354): CodeIgniter\CodeIgniter->handleRequest(null, Object(Config\Cache), false)
 5 SYSTEMPATH\Boot.php(334): CodeIgniter\CodeIgniter->run()
 6 SYSTEMPATH\Boot.php(67): CodeIgniter\Boot::runCodeIgniter(Object(CodeIgniter\CodeIgniter))
 7 FCPATH\index.php(56): CodeIgniter\Boot::bootWeb(Object(Config\Paths))
CRITICAL - 2026-05-15 22:52:41 --> [Caused by] CodeIgniter\Database\Exceptions\DatabaseException: Unknown column 'tvm.PositionName' in 'field list'
in SYSTEMPATH\Database\MySQLi\Connection.php on line 332.
 1 SYSTEMPATH\Database\BaseConnection.php(738): CodeIgniter\Database\MySQLi\Connection->execute('
        SELECT 
            tvn.id,
            tvn.Candidate,
            tvn.CandidateImage,
            tvm.PositionName,
            COUNT(tv.id) AS NumberOfVotes
        FROM tblvotetrn tvn
        LEFT JOIN tblvote tv 
            ON tv.votetrnid = tvn.id
            AND tv.IsActive = 1
        LEFT JOIN tblvotemst tvm
            ON tvm.id = tvn.votemstid
        GROUP BY tvn.id
    ')
 2 SYSTEMPATH\Database\BaseConnection.php(652): CodeIgniter\Database\BaseConnection->simpleQuery('
        SELECT 
            tvn.id,
            tvn.Candidate,
            tvn.CandidateImage,
            tvm.PositionName,
            COUNT(tv.id) AS NumberOfVotes
        FROM tblvotetrn tvn
        LEFT JOIN tblvote tv 
            ON tv.votetrnid = tvn.id
            AND tv.IsActive = 1
        LEFT JOIN tblvotemst tvm
            ON tvm.id = tvn.votemstid
        GROUP BY tvn.id
    ')
 3 APPPATH\Controllers\Main.php(153): CodeIgniter\Database\BaseConnection->query('
        SELECT 
            tvn.id,
            tvn.Candidate,
            tvn.CandidateImage,
            tvm.PositionName,
            COUNT(tv.id) AS NumberOfVotes
        FROM tblvotetrn tvn
        LEFT JOIN tblvote tv 
            ON tv.votetrnid = tvn.id
            AND tv.IsActive = 1
        LEFT JOIN tblvotemst tvm
            ON tvm.id = tvn.votemstid
        GROUP BY tvn.id
    ')
 4 SYSTEMPATH\CodeIgniter.php(933): App\Controllers\Main->getDashboarddata()
 5 SYSTEMPATH\CodeIgniter.php(507): CodeIgniter\CodeIgniter->runController(Object(App\Controllers\Main))
 6 SYSTEMPATH\CodeIgniter.php(354): CodeIgniter\CodeIgniter->handleRequest(null, Object(Config\Cache), false)
 7 SYSTEMPATH\Boot.php(334): CodeIgniter\CodeIgniter->run()
 8 SYSTEMPATH\Boot.php(67): CodeIgniter\Boot::runCodeIgniter(Object(CodeIgniter\CodeIgniter))
 9 FCPATH\index.php(56): CodeIgniter\Boot::bootWeb(Object(Config\Paths))
CRITICAL - 2026-05-15 22:52:41 --> [Caused by] mysqli_sql_exception: Unknown column 'tvm.PositionName' in 'field list'
in SYSTEMPATH\Database\MySQLi\Connection.php on line 327.
 1 SYSTEMPATH\Database\MySQLi\Connection.php(327): mysqli->query('
        SELECT 
            tvn.id,
            tvn.Candidate,
            tvn.CandidateImage,
            tvm.PositionName,
            COUNT(tv.id) AS NumberOfVotes
        FROM tblvotetrn tvn
        LEFT JOIN tblvote tv 
            ON tv.votetrnid = tvn.id
            AND tv.IsActive = 1
        LEFT JOIN tblvotemst tvm
            ON tvm.id = tvn.votemstid
        GROUP BY tvn.id
    ', 0)
 2 SYSTEMPATH\Database\BaseConnection.php(738): CodeIgniter\Database\MySQLi\Connection->execute('
        SELECT 
            tvn.id,
            tvn.Candidate,
            tvn.CandidateImage,
            tvm.PositionName,
            COUNT(tv.id) AS NumberOfVotes
        FROM tblvotetrn tvn
        LEFT JOIN tblvote tv 
            ON tv.votetrnid = tvn.id
            AND tv.IsActive = 1
        LEFT JOIN tblvotemst tvm
            ON tvm.id = tvn.votemstid
        GROUP BY tvn.id
    ')
 3 SYSTEMPATH\Database\BaseConnection.php(652): CodeIgniter\Database\BaseConnection->simpleQuery('
        SELECT 
            tvn.id,
            tvn.Candidate,
            tvn.CandidateImage,
            tvm.PositionName,
            COUNT(tv.id) AS NumberOfVotes
        FROM tblvotetrn tvn
        LEFT JOIN tblvote tv 
            ON tv.votetrnid = tvn.id
            AND tv.IsActive = 1
        LEFT JOIN tblvotemst tvm
            ON tvm.id = tvn.votemstid
        GROUP BY tvn.id
    ')
 4 APPPATH\Controllers\Main.php(153): CodeIgniter\Database\BaseConnection->query('
        SELECT 
            tvn.id,
            tvn.Candidate,
            tvn.CandidateImage,
            tvm.PositionName,
            COUNT(tv.id) AS NumberOfVotes
        FROM tblvotetrn tvn
        LEFT JOIN tblvote tv 
            ON tv.votetrnid = tvn.id
            AND tv.IsActive = 1
        LEFT JOIN tblvotemst tvm
            ON tvm.id = tvn.votemstid
        GROUP BY tvn.id
    ')
 5 SYSTEMPATH\CodeIgniter.php(933): App\Controllers\Main->getDashboarddata()
 6 SYSTEMPATH\CodeIgniter.php(507): CodeIgniter\CodeIgniter->runController(Object(App\Controllers\Main))
 7 SYSTEMPATH\CodeIgniter.php(354): CodeIgniter\CodeIgniter->handleRequest(null, Object(Config\Cache), false)
 8 SYSTEMPATH\Boot.php(334): CodeIgniter\CodeIgniter->run()
 9 SYSTEMPATH\Boot.php(67): CodeIgniter\Boot::runCodeIgniter(Object(CodeIgniter\CodeIgniter))
10 FCPATH\index.php(56): CodeIgniter\Boot::bootWeb(Object(Config\Paths))
DEBUG - 2026-05-15 22:52:51 --> Session: Class initialized using 'CodeIgniter\Session\Handlers\FileHandler' driver.
ERROR - 2026-05-15 22:52:51 --> mysqli_sql_exception: Unknown column 'tvm.PositionName' in 'field list' in C:\xampp\htdocs\gscgeavotingsystem\vendor\codeigniter4\framework\system\Database\MySQLi\Connection.php:327
Stack trace:
#0 C:\xampp\htdocs\gscgeavotingsystem\vendor\codeigniter4\framework\system\Database\MySQLi\Connection.php(327): mysqli->query('\r\n        SELEC...', 0)
#1 C:\xampp\htdocs\gscgeavotingsystem\vendor\codeigniter4\framework\system\Database\BaseConnection.php(738): CodeIgniter\Database\MySQLi\Connection->execute('\r\n        SELEC...')
#2 C:\xampp\htdocs\gscgeavotingsystem\vendor\codeigniter4\framework\system\Database\BaseConnection.php(652): CodeIgniter\Database\BaseConnection->simpleQuery('\r\n        SELEC...')
#3 C:\xampp\htdocs\gscgeavotingsystem\app\Controllers\Main.php(153): CodeIgniter\Database\BaseConnection->query('\r\n        SELEC...')
#4 C:\xampp\htdocs\gscgeavotingsystem\vendor\codeigniter4\framework\system\CodeIgniter.php(933): App\Controllers\Main->getDashboarddata()
#5 C:\xampp\htdocs\gscgeavotingsystem\vendor\codeigniter4\framework\system\CodeIgniter.php(507): CodeIgniter\CodeIgniter->runController(Object(App\Controllers\Main))
#6 C:\xampp\htdocs\gscgeavotingsystem\vendor\codeigniter4\framework\system\CodeIgniter.php(354): CodeIgniter\CodeIgniter->handleRequest(NULL, Object(Config\Cache), false)
#7 C:\xampp\htdocs\gscgeavotingsystem\vendor\codeigniter4\framework\system\Boot.php(334): CodeIgniter\CodeIgniter->run()
#8 C:\xampp\htdocs\gscgeavotingsystem\vendor\codeigniter4\framework\system\Boot.php(67): CodeIgniter\Boot::runCodeIgniter(Object(CodeIgniter\CodeIgniter))
#9 C:\xampp\htdocs\gscgeavotingsystem\public\index.php(56): CodeIgniter\Boot::bootWeb(Object(Config\Paths))
#10 {main}
CRITICAL - 2026-05-15 22:52:51 --> CodeIgniter\Database\Exceptions\DatabaseException: Unknown column 'tvm.PositionName' in 'field list'
[Method: GET, Route: main/dashboarddata]
in SYSTEMPATH\Database\BaseConnection.php on line 692.
 1 APPPATH\Controllers\Main.php(153): CodeIgniter\Database\BaseConnection->query('
        SELECT 
            tvn.id,
            tvn.Candidate,
            tvn.CandidateImage,
            tvm.PositionName,
            COUNT(tv.id) AS NumberOfVotes
        FROM tblvotetrn tvn
        LEFT JOIN tblvote tv 
            ON tv.votetrnid = tvn.id
            AND tv.IsActive = 1
        LEFT JOIN tblvotemst tvm
            ON tvm.id = tvn.votemstid
        GROUP BY tvn.id
    ')
 2 SYSTEMPATH\CodeIgniter.php(933): App\Controllers\Main->getDashboarddata()
 3 SYSTEMPATH\CodeIgniter.php(507): CodeIgniter\CodeIgniter->runController(Object(App\Controllers\Main))
 4 SYSTEMPATH\CodeIgniter.php(354): CodeIgniter\CodeIgniter->handleRequest(null, Object(Config\Cache), false)
 5 SYSTEMPATH\Boot.php(334): CodeIgniter\CodeIgniter->run()
 6 SYSTEMPATH\Boot.php(67): CodeIgniter\Boot::runCodeIgniter(Object(CodeIgniter\CodeIgniter))
 7 FCPATH\index.php(56): CodeIgniter\Boot::bootWeb(Object(Config\Paths))
CRITICAL - 2026-05-15 22:52:51 --> [Caused by] CodeIgniter\Database\Exceptions\DatabaseException: Unknown column 'tvm.PositionName' in 'field list'
in SYSTEMPATH\Database\MySQLi\Connection.php on line 332.
 1 SYSTEMPATH\Database\BaseConnection.php(738): CodeIgniter\Database\MySQLi\Connection->execute('
        SELECT 
            tvn.id,
            tvn.Candidate,
            tvn.CandidateImage,
            tvm.PositionName,
            COUNT(tv.id) AS NumberOfVotes
        FROM tblvotetrn tvn
        LEFT JOIN tblvote tv 
            ON tv.votetrnid = tvn.id
            AND tv.IsActive = 1
        LEFT JOIN tblvotemst tvm
            ON tvm.id = tvn.votemstid
        GROUP BY tvn.id
    ')
 2 SYSTEMPATH\Database\BaseConnection.php(652): CodeIgniter\Database\BaseConnection->simpleQuery('
        SELECT 
            tvn.id,
            tvn.Candidate,
            tvn.CandidateImage,
            tvm.PositionName,
            COUNT(tv.id) AS NumberOfVotes
        FROM tblvotetrn tvn
        LEFT JOIN tblvote tv 
            ON tv.votetrnid = tvn.id
            AND tv.IsActive = 1
        LEFT JOIN tblvotemst tvm
            ON tvm.id = tvn.votemstid
        GROUP BY tvn.id
    ')
 3 APPPATH\Controllers\Main.php(153): CodeIgniter\Database\BaseConnection->query('
        SELECT 
            tvn.id,
            tvn.Candidate,
            tvn.CandidateImage,
            tvm.PositionName,
            COUNT(tv.id) AS NumberOfVotes
        FROM tblvotetrn tvn
        LEFT JOIN tblvote tv 
            ON tv.votetrnid = tvn.id
            AND tv.IsActive = 1
        LEFT JOIN tblvotemst tvm
            ON tvm.id = tvn.votemstid
        GROUP BY tvn.id
    ')
 4 SYSTEMPATH\CodeIgniter.php(933): App\Controllers\Main->getDashboarddata()
 5 SYSTEMPATH\CodeIgniter.php(507): CodeIgniter\CodeIgniter->runController(Object(App\Controllers\Main))
 6 SYSTEMPATH\CodeIgniter.php(354): CodeIgniter\CodeIgniter->handleRequest(null, Object(Config\Cache), false)
 7 SYSTEMPATH\Boot.php(334): CodeIgniter\CodeIgniter->run()
 8 SYSTEMPATH\Boot.php(67): CodeIgniter\Boot::runCodeIgniter(Object(CodeIgniter\CodeIgniter))
 9 FCPATH\index.php(56): CodeIgniter\Boot::bootWeb(Object(Config\Paths))
CRITICAL - 2026-05-15 22:52:51 --> [Caused by] mysqli_sql_exception: Unknown column 'tvm.PositionName' in 'field list'
in SYSTEMPATH\Database\MySQLi\Connection.php on line 327.
 1 SYSTEMPATH\Database\MySQLi\Connection.php(327): mysqli->query('
        SELECT 
            tvn.id,
            tvn.Candidate,
            tvn.CandidateImage,
            tvm.PositionName,
            COUNT(tv.id) AS NumberOfVotes
        FROM tblvotetrn tvn
        LEFT JOIN tblvote tv 
            ON tv.votetrnid = tvn.id
            AND tv.IsActive = 1
        LEFT JOIN tblvotemst tvm
            ON tvm.id = tvn.votemstid
        GROUP BY tvn.id
    ', 0)
 2 SYSTEMPATH\Database\BaseConnection.php(738): CodeIgniter\Database\MySQLi\Connection->execute('
        SELECT 
            tvn.id,
            tvn.Candidate,
            tvn.CandidateImage,
            tvm.PositionName,
            COUNT(tv.id) AS NumberOfVotes
        FROM tblvotetrn tvn
        LEFT JOIN tblvote tv 
            ON tv.votetrnid = tvn.id
            AND tv.IsActive = 1
        LEFT JOIN tblvotemst tvm
            ON tvm.id = tvn.votemstid
        GROUP BY tvn.id
    ')
 3 SYSTEMPATH\Database\BaseConnection.php(652): CodeIgniter\Database\BaseConnection->simpleQuery('
        SELECT 
            tvn.id,
            tvn.Candidate,
            tvn.CandidateImage,
            tvm.PositionName,
            COUNT(tv.id) AS NumberOfVotes
        FROM tblvotetrn tvn
        LEFT JOIN tblvote tv 
            ON tv.votetrnid = tvn.id
            AND tv.IsActive = 1
        LEFT JOIN tblvotemst tvm
            ON tvm.id = tvn.votemstid
        GROUP BY tvn.id
    ')
 4 APPPATH\Controllers\Main.php(153): CodeIgniter\Database\BaseConnection->query('
        SELECT 
            tvn.id,
            tvn.Candidate,
            tvn.CandidateImage,
            tvm.PositionName,
            COUNT(tv.id) AS NumberOfVotes
        FROM tblvotetrn tvn
        LEFT JOIN tblvote tv 
            ON tv.votetrnid = tvn.id
            AND tv.IsActive = 1
        LEFT JOIN tblvotemst tvm
            ON tvm.id = tvn.votemstid
        GROUP BY tvn.id
    ')
 5 SYSTEMPATH\CodeIgniter.php(933): App\Controllers\Main->getDashboarddata()
 6 SYSTEMPATH\CodeIgniter.php(507): CodeIgniter\CodeIgniter->runController(Object(App\Controllers\Main))
 7 SYSTEMPATH\CodeIgniter.php(354): CodeIgniter\CodeIgniter->handleRequest(null, Object(Config\Cache), false)
 8 SYSTEMPATH\Boot.php(334): CodeIgniter\CodeIgniter->run()
 9 SYSTEMPATH\Boot.php(67): CodeIgniter\Boot::runCodeIgniter(Object(CodeIgniter\CodeIgniter))
10 FCPATH\index.php(56): CodeIgniter\Boot::bootWeb(Object(Config\Paths))
DEBUG - 2026-05-15 22:53:01 --> Session: Class initialized using 'CodeIgniter\Session\Handlers\FileHandler' driver.
ERROR - 2026-05-15 22:53:02 --> mysqli_sql_exception: Unknown column 'tvm.PositionName' in 'field list' in C:\xampp\htdocs\gscgeavotingsystem\vendor\codeigniter4\framework\system\Database\MySQLi\Connection.php:327
Stack trace:
#0 C:\xampp\htdocs\gscgeavotingsystem\vendor\codeigniter4\framework\system\Database\MySQLi\Connection.php(327): mysqli->query('\r\n        SELEC...', 0)
#1 C:\xampp\htdocs\gscgeavotingsystem\vendor\codeigniter4\framework\system\Database\BaseConnection.php(738): CodeIgniter\Database\MySQLi\Connection->execute('\r\n        SELEC...')
#2 C:\xampp\htdocs\gscgeavotingsystem\vendor\codeigniter4\framework\system\Database\BaseConnection.php(652): CodeIgniter\Database\BaseConnection->simpleQuery('\r\n        SELEC...')
#3 C:\xampp\htdocs\gscgeavotingsystem\app\Controllers\Main.php(153): CodeIgniter\Database\BaseConnection->query('\r\n        SELEC...')
#4 C:\xampp\htdocs\gscgeavotingsystem\vendor\codeigniter4\framework\system\CodeIgniter.php(933): App\Controllers\Main->getDashboarddata()
#5 C:\xampp\htdocs\gscgeavotingsystem\vendor\codeigniter4\framework\system\CodeIgniter.php(507): CodeIgniter\CodeIgniter->runController(Object(App\Controllers\Main))
#6 C:\xampp\htdocs\gscgeavotingsystem\vendor\codeigniter4\framework\system\CodeIgniter.php(354): CodeIgniter\CodeIgniter->handleRequest(NULL, Object(Config\Cache), false)
#7 C:\xampp\htdocs\gscgeavotingsystem\vendor\codeigniter4\framework\system\Boot.php(334): CodeIgniter\CodeIgniter->run()
#8 C:\xampp\htdocs\gscgeavotingsystem\vendor\codeigniter4\framework\system\Boot.php(67): CodeIgniter\Boot::runCodeIgniter(Object(CodeIgniter\CodeIgniter))
#9 C:\xampp\htdocs\gscgeavotingsystem\public\index.php(56): CodeIgniter\Boot::bootWeb(Object(Config\Paths))
#10 {main}
CRITICAL - 2026-05-15 22:53:02 --> CodeIgniter\Database\Exceptions\DatabaseException: Unknown column 'tvm.PositionName' in 'field list'
[Method: GET, Route: main/dashboarddata]
in SYSTEMPATH\Database\BaseConnection.php on line 692.
 1 APPPATH\Controllers\Main.php(153): CodeIgniter\Database\BaseConnection->query('
        SELECT 
            tvn.id,
            tvn.Candidate,
            tvn.CandidateImage,
            tvm.PositionName,
            COUNT(tv.id) AS NumberOfVotes
        FROM tblvotetrn tvn
        LEFT JOIN tblvote tv 
            ON tv.votetrnid = tvn.id
            AND tv.IsActive = 1
        LEFT JOIN tblvotemst tvm
            ON tvm.id = tvn.votemstid
        GROUP BY tvn.id
    ')
 2 SYSTEMPATH\CodeIgniter.php(933): App\Controllers\Main->getDashboarddata()
 3 SYSTEMPATH\CodeIgniter.php(507): CodeIgniter\CodeIgniter->runController(Object(App\Controllers\Main))
 4 SYSTEMPATH\CodeIgniter.php(354): CodeIgniter\CodeIgniter->handleRequest(null, Object(Config\Cache), false)
 5 SYSTEMPATH\Boot.php(334): CodeIgniter\CodeIgniter->run()
 6 SYSTEMPATH\Boot.php(67): CodeIgniter\Boot::runCodeIgniter(Object(CodeIgniter\CodeIgniter))
 7 FCPATH\index.php(56): CodeIgniter\Boot::bootWeb(Object(Config\Paths))
CRITICAL - 2026-05-15 22:53:02 --> [Caused by] CodeIgniter\Database\Exceptions\DatabaseException: Unknown column 'tvm.PositionName' in 'field list'
in SYSTEMPATH\Database\MySQLi\Connection.php on line 332.
 1 SYSTEMPATH\Database\BaseConnection.php(738): CodeIgniter\Database\MySQLi\Connection->execute('
        SELECT 
            tvn.id,
            tvn.Candidate,
            tvn.CandidateImage,
            tvm.PositionName,
            COUNT(tv.id) AS NumberOfVotes
        FROM tblvotetrn tvn
        LEFT JOIN tblvote tv 
            ON tv.votetrnid = tvn.id
            AND tv.IsActive = 1
        LEFT JOIN tblvotemst tvm
            ON tvm.id = tvn.votemstid
        GROUP BY tvn.id
    ')
 2 SYSTEMPATH\Database\BaseConnection.php(652): CodeIgniter\Database\BaseConnection->simpleQuery('
        SELECT 
            tvn.id,
            tvn.Candidate,
            tvn.CandidateImage,
            tvm.PositionName,
            COUNT(tv.id) AS NumberOfVotes
        FROM tblvotetrn tvn
        LEFT JOIN tblvote tv 
            ON tv.votetrnid = tvn.id
            AND tv.IsActive = 1
        LEFT JOIN tblvotemst tvm
            ON tvm.id = tvn.votemstid
        GROUP BY tvn.id
    ')
 3 APPPATH\Controllers\Main.php(153): CodeIgniter\Database\BaseConnection->query('
        SELECT 
            tvn.id,
            tvn.Candidate,
            tvn.CandidateImage,
            tvm.PositionName,
            COUNT(tv.id) AS NumberOfVotes
        FROM tblvotetrn tvn
        LEFT JOIN tblvote tv 
            ON tv.votetrnid = tvn.id
            AND tv.IsActive = 1
        LEFT JOIN tblvotemst tvm
            ON tvm.id = tvn.votemstid
        GROUP BY tvn.id
    ')
 4 SYSTEMPATH\CodeIgniter.php(933): App\Controllers\Main->getDashboarddata()
 5 SYSTEMPATH\CodeIgniter.php(507): CodeIgniter\CodeIgniter->runController(Object(App\Controllers\Main))
 6 SYSTEMPATH\CodeIgniter.php(354): CodeIgniter\CodeIgniter->handleRequest(null, Object(Config\Cache), false)
 7 SYSTEMPATH\Boot.php(334): CodeIgniter\CodeIgniter->run()
 8 SYSTEMPATH\Boot.php(67): CodeIgniter\Boot::runCodeIgniter(Object(CodeIgniter\CodeIgniter))
 9 FCPATH\index.php(56): CodeIgniter\Boot::bootWeb(Object(Config\Paths))
CRITICAL - 2026-05-15 22:53:02 --> [Caused by] mysqli_sql_exception: Unknown column 'tvm.PositionName' in 'field list'
in SYSTEMPATH\Database\MySQLi\Connection.php on line 327.
 1 SYSTEMPATH\Database\MySQLi\Connection.php(327): mysqli->query('
        SELECT 
            tvn.id,
            tvn.Candidate,
            tvn.CandidateImage,
            tvm.PositionName,
            COUNT(tv.id) AS NumberOfVotes
        FROM tblvotetrn tvn
        LEFT JOIN tblvote tv 
            ON tv.votetrnid = tvn.id
            AND tv.IsActive = 1
        LEFT JOIN tblvotemst tvm
            ON tvm.id = tvn.votemstid
        GROUP BY tvn.id
    ', 0)
 2 SYSTEMPATH\Database\BaseConnection.php(738): CodeIgniter\Database\MySQLi\Connection->execute('
        SELECT 
            tvn.id,
            tvn.Candidate,
            tvn.CandidateImage,
            tvm.PositionName,
            COUNT(tv.id) AS NumberOfVotes
        FROM tblvotetrn tvn
        LEFT JOIN tblvote tv 
            ON tv.votetrnid = tvn.id
            AND tv.IsActive = 1
        LEFT JOIN tblvotemst tvm
            ON tvm.id = tvn.votemstid
        GROUP BY tvn.id
    ')
 3 SYSTEMPATH\Database\BaseConnection.php(652): CodeIgniter\Database\BaseConnection->simpleQuery('
        SELECT 
            tvn.id,
            tvn.Candidate,
            tvn.CandidateImage,
            tvm.PositionName,
            COUNT(tv.id) AS NumberOfVotes
        FROM tblvotetrn tvn
        LEFT JOIN tblvote tv 
            ON tv.votetrnid = tvn.id
            AND tv.IsActive = 1
        LEFT JOIN tblvotemst tvm
            ON tvm.id = tvn.votemstid
        GROUP BY tvn.id
    ')
 4 APPPATH\Controllers\Main.php(153): CodeIgniter\Database\BaseConnection->query('
        SELECT 
            tvn.id,
            tvn.Candidate,
            tvn.CandidateImage,
            tvm.PositionName,
            COUNT(tv.id) AS NumberOfVotes
        FROM tblvotetrn tvn
        LEFT JOIN tblvote tv 
            ON tv.votetrnid = tvn.id
            AND tv.IsActive = 1
        LEFT JOIN tblvotemst tvm
            ON tvm.id = tvn.votemstid
        GROUP BY tvn.id
    ')
 5 SYSTEMPATH\CodeIgniter.php(933): App\Controllers\Main->getDashboarddata()
 6 SYSTEMPATH\CodeIgniter.php(507): CodeIgniter\CodeIgniter->runController(Object(App\Controllers\Main))
 7 SYSTEMPATH\CodeIgniter.php(354): CodeIgniter\CodeIgniter->handleRequest(null, Object(Config\Cache), false)
 8 SYSTEMPATH\Boot.php(334): CodeIgniter\CodeIgniter->run()
 9 SYSTEMPATH\Boot.php(67): CodeIgniter\Boot::runCodeIgniter(Object(CodeIgniter\CodeIgniter))
10 FCPATH\index.php(56): CodeIgniter\Boot::bootWeb(Object(Config\Paths))
DEBUG - 2026-05-15 22:53:12 --> Session: Class initialized using 'CodeIgniter\Session\Handlers\FileHandler' driver.
ERROR - 2026-05-15 22:53:12 --> mysqli_sql_exception: Unknown column 'tvm.PositionName' in 'field list' in C:\xampp\htdocs\gscgeavotingsystem\vendor\codeigniter4\framework\system\Database\MySQLi\Connection.php:327
Stack trace:
#0 C:\xampp\htdocs\gscgeavotingsystem\vendor\codeigniter4\framework\system\Database\MySQLi\Connection.php(327): mysqli->query('\r\n        SELEC...', 0)
#1 C:\xampp\htdocs\gscgeavotingsystem\vendor\codeigniter4\framework\system\Database\BaseConnection.php(738): CodeIgniter\Database\MySQLi\Connection->execute('\r\n        SELEC...')
#2 C:\xampp\htdocs\gscgeavotingsystem\vendor\codeigniter4\framework\system\Database\BaseConnection.php(652): CodeIgniter\Database\BaseConnection->simpleQuery('\r\n        SELEC...')
#3 C:\xampp\htdocs\gscgeavotingsystem\app\Controllers\Main.php(153): CodeIgniter\Database\BaseConnection->query('\r\n        SELEC...')
#4 C:\xampp\htdocs\gscgeavotingsystem\vendor\codeigniter4\framework\system\CodeIgniter.php(933): App\Controllers\Main->getDashboarddata()
#5 C:\xampp\htdocs\gscgeavotingsystem\vendor\codeigniter4\framework\system\CodeIgniter.php(507): CodeIgniter\CodeIgniter->runController(Object(App\Controllers\Main))
#6 C:\xampp\htdocs\gscgeavotingsystem\vendor\codeigniter4\framework\system\CodeIgniter.php(354): CodeIgniter\CodeIgniter->handleRequest(NULL, Object(Config\Cache), false)
#7 C:\xampp\htdocs\gscgeavotingsystem\vendor\codeigniter4\framework\system\Boot.php(334): CodeIgniter\CodeIgniter->run()
#8 C:\xampp\htdocs\gscgeavotingsystem\vendor\codeigniter4\framework\system\Boot.php(67): CodeIgniter\Boot::runCodeIgniter(Object(CodeIgniter\CodeIgniter))
#9 C:\xampp\htdocs\gscgeavotingsystem\public\index.php(56): CodeIgniter\Boot::bootWeb(Object(Config\Paths))
#10 {main}
CRITICAL - 2026-05-15 22:53:12 --> CodeIgniter\Database\Exceptions\DatabaseException: Unknown column 'tvm.PositionName' in 'field list'
[Method: GET, Route: main/dashboarddata]
in SYSTEMPATH\Database\BaseConnection.php on line 692.
 1 APPPATH\Controllers\Main.php(153): CodeIgniter\Database\BaseConnection->query('
        SELECT 
            tvn.id,
            tvn.Candidate,
            tvn.CandidateImage,
            tvm.PositionName,
            COUNT(tv.id) AS NumberOfVotes
        FROM tblvotetrn tvn
        LEFT JOIN tblvote tv 
            ON tv.votetrnid = tvn.id
            AND tv.IsActive = 1
        LEFT JOIN tblvotemst tvm
            ON tvm.id = tvn.votemstid
        GROUP BY tvn.id
    ')
 2 SYSTEMPATH\CodeIgniter.php(933): App\Controllers\Main->getDashboarddata()
 3 SYSTEMPATH\CodeIgniter.php(507): CodeIgniter\CodeIgniter->runController(Object(App\Controllers\Main))
 4 SYSTEMPATH\CodeIgniter.php(354): CodeIgniter\CodeIgniter->handleRequest(null, Object(Config\Cache), false)
 5 SYSTEMPATH\Boot.php(334): CodeIgniter\CodeIgniter->run()
 6 SYSTEMPATH\Boot.php(67): CodeIgniter\Boot::runCodeIgniter(Object(CodeIgniter\CodeIgniter))
 7 FCPATH\index.php(56): CodeIgniter\Boot::bootWeb(Object(Config\Paths))
CRITICAL - 2026-05-15 22:53:12 --> [Caused by] CodeIgniter\Database\Exceptions\DatabaseException: Unknown column 'tvm.PositionName' in 'field list'
in SYSTEMPATH\Database\MySQLi\Connection.php on line 332.
 1 SYSTEMPATH\Database\BaseConnection.php(738): CodeIgniter\Database\MySQLi\Connection->execute('
        SELECT 
            tvn.id,
            tvn.Candidate,
            tvn.CandidateImage,
            tvm.PositionName,
            COUNT(tv.id) AS NumberOfVotes
        FROM tblvotetrn tvn
        LEFT JOIN tblvote tv 
            ON tv.votetrnid = tvn.id
            AND tv.IsActive = 1
        LEFT JOIN tblvotemst tvm
            ON tvm.id = tvn.votemstid
        GROUP BY tvn.id
    ')
 2 SYSTEMPATH\Database\BaseConnection.php(652): CodeIgniter\Database\BaseConnection->simpleQuery('
        SELECT 
            tvn.id,
            tvn.Candidate,
            tvn.CandidateImage,
            tvm.PositionName,
            COUNT(tv.id) AS NumberOfVotes
        FROM tblvotetrn tvn
        LEFT JOIN tblvote tv 
            ON tv.votetrnid = tvn.id
            AND tv.IsActive = 1
        LEFT JOIN tblvotemst tvm
            ON tvm.id = tvn.votemstid
        GROUP BY tvn.id
    ')
 3 APPPATH\Controllers\Main.php(153): CodeIgniter\Database\BaseConnection->query('
        SELECT 
            tvn.id,
            tvn.Candidate,
            tvn.CandidateImage,
            tvm.PositionName,
            COUNT(tv.id) AS NumberOfVotes
        FROM tblvotetrn tvn
        LEFT JOIN tblvote tv 
            ON tv.votetrnid = tvn.id
            AND tv.IsActive = 1
        LEFT JOIN tblvotemst tvm
            ON tvm.id = tvn.votemstid
        GROUP BY tvn.id
    ')
 4 SYSTEMPATH\CodeIgniter.php(933): App\Controllers\Main->getDashboarddata()
 5 SYSTEMPATH\CodeIgniter.php(507): CodeIgniter\CodeIgniter->runController(Object(App\Controllers\Main))
 6 SYSTEMPATH\CodeIgniter.php(354): CodeIgniter\CodeIgniter->handleRequest(null, Object(Config\Cache), false)
 7 SYSTEMPATH\Boot.php(334): CodeIgniter\CodeIgniter->run()
 8 SYSTEMPATH\Boot.php(67): CodeIgniter\Boot::runCodeIgniter(Object(CodeIgniter\CodeIgniter))
 9 FCPATH\index.php(56): CodeIgniter\Boot::bootWeb(Object(Config\Paths))
CRITICAL - 2026-05-15 22:53:12 --> [Caused by] mysqli_sql_exception: Unknown column 'tvm.PositionName' in 'field list'
in SYSTEMPATH\Database\MySQLi\Connection.php on line 327.
 1 SYSTEMPATH\Database\MySQLi\Connection.php(327): mysqli->query('
        SELECT 
            tvn.id,
            tvn.Candidate,
            tvn.CandidateImage,
            tvm.PositionName,
            COUNT(tv.id) AS NumberOfVotes
        FROM tblvotetrn tvn
        LEFT JOIN tblvote tv 
            ON tv.votetrnid = tvn.id
            AND tv.IsActive = 1
        LEFT JOIN tblvotemst tvm
            ON tvm.id = tvn.votemstid
        GROUP BY tvn.id
    ', 0)
 2 SYSTEMPATH\Database\BaseConnection.php(738): CodeIgniter\Database\MySQLi\Connection->execute('
        SELECT 
            tvn.id,
            tvn.Candidate,
            tvn.CandidateImage,
            tvm.PositionName,
            COUNT(tv.id) AS NumberOfVotes
        FROM tblvotetrn tvn
        LEFT JOIN tblvote tv 
            ON tv.votetrnid = tvn.id
            AND tv.IsActive = 1
        LEFT JOIN tblvotemst tvm
            ON tvm.id = tvn.votemstid
        GROUP BY tvn.id
    ')
 3 SYSTEMPATH\Database\BaseConnection.php(652): CodeIgniter\Database\BaseConnection->simpleQuery('
        SELECT 
            tvn.id,
            tvn.Candidate,
            tvn.CandidateImage,
            tvm.PositionName,
            COUNT(tv.id) AS NumberOfVotes
        FROM tblvotetrn tvn
        LEFT JOIN tblvote tv 
            ON tv.votetrnid = tvn.id
            AND tv.IsActive = 1
        LEFT JOIN tblvotemst tvm
            ON tvm.id = tvn.votemstid
        GROUP BY tvn.id
    ')
 4 APPPATH\Controllers\Main.php(153): CodeIgniter\Database\BaseConnection->query('
        SELECT 
            tvn.id,
            tvn.Candidate,
            tvn.CandidateImage,
            tvm.PositionName,
            COUNT(tv.id) AS NumberOfVotes
        FROM tblvotetrn tvn
        LEFT JOIN tblvote tv 
            ON tv.votetrnid = tvn.id
            AND tv.IsActive = 1
        LEFT JOIN tblvotemst tvm
            ON tvm.id = tvn.votemstid
        GROUP BY tvn.id
    ')
 5 SYSTEMPATH\CodeIgniter.php(933): App\Controllers\Main->getDashboarddata()
 6 SYSTEMPATH\CodeIgniter.php(507): CodeIgniter\CodeIgniter->runController(Object(App\Controllers\Main))
 7 SYSTEMPATH\CodeIgniter.php(354): CodeIgniter\CodeIgniter->handleRequest(null, Object(Config\Cache), false)
 8 SYSTEMPATH\Boot.php(334): CodeIgniter\CodeIgniter->run()
 9 SYSTEMPATH\Boot.php(67): CodeIgniter\Boot::runCodeIgniter(Object(CodeIgniter\CodeIgniter))
10 FCPATH\index.php(56): CodeIgniter\Boot::bootWeb(Object(Config\Paths))
DEBUG - 2026-05-15 22:53:22 --> Session: Class initialized using 'CodeIgniter\Session\Handlers\FileHandler' driver.
ERROR - 2026-05-15 22:53:22 --> mysqli_sql_exception: Unknown column 'tvm.PositionName' in 'field list' in C:\xampp\htdocs\gscgeavotingsystem\vendor\codeigniter4\framework\system\Database\MySQLi\Connection.php:327
Stack trace:
#0 C:\xampp\htdocs\gscgeavotingsystem\vendor\codeigniter4\framework\system\Database\MySQLi\Connection.php(327): mysqli->query('\r\n        SELEC...', 0)
#1 C:\xampp\htdocs\gscgeavotingsystem\vendor\codeigniter4\framework\system\Database\BaseConnection.php(738): CodeIgniter\Database\MySQLi\Connection->execute('\r\n        SELEC...')
#2 C:\xampp\htdocs\gscgeavotingsystem\vendor\codeigniter4\framework\system\Database\BaseConnection.php(652): CodeIgniter\Database\BaseConnection->simpleQuery('\r\n        SELEC...')
#3 C:\xampp\htdocs\gscgeavotingsystem\app\Controllers\Main.php(153): CodeIgniter\Database\BaseConnection->query('\r\n        SELEC...')
#4 C:\xampp\htdocs\gscgeavotingsystem\vendor\codeigniter4\framework\system\CodeIgniter.php(933): App\Controllers\Main->getDashboarddata()
#5 C:\xampp\htdocs\gscgeavotingsystem\vendor\codeigniter4\framework\system\CodeIgniter.php(507): CodeIgniter\CodeIgniter->runController(Object(App\Controllers\Main))
#6 C:\xampp\htdocs\gscgeavotingsystem\vendor\codeigniter4\framework\system\CodeIgniter.php(354): CodeIgniter\CodeIgniter->handleRequest(NULL, Object(Config\Cache), false)
#7 C:\xampp\htdocs\gscgeavotingsystem\vendor\codeigniter4\framework\system\Boot.php(334): CodeIgniter\CodeIgniter->run()
#8 C:\xampp\htdocs\gscgeavotingsystem\vendor\codeigniter4\framework\system\Boot.php(67): CodeIgniter\Boot::runCodeIgniter(Object(CodeIgniter\CodeIgniter))
#9 C:\xampp\htdocs\gscgeavotingsystem\public\index.php(56): CodeIgniter\Boot::bootWeb(Object(Config\Paths))
#10 {main}
CRITICAL - 2026-05-15 22:53:22 --> CodeIgniter\Database\Exceptions\DatabaseException: Unknown column 'tvm.PositionName' in 'field list'
[Method: GET, Route: main/dashboarddata]
in SYSTEMPATH\Database\BaseConnection.php on line 692.
 1 APPPATH\Controllers\Main.php(153): CodeIgniter\Database\BaseConnection->query('
        SELECT 
            tvn.id,
            tvn.Candidate,
            tvn.CandidateImage,
            tvm.PositionName,
            COUNT(tv.id) AS NumberOfVotes
        FROM tblvotetrn tvn
        LEFT JOIN tblvote tv 
            ON tv.votetrnid = tvn.id
            AND tv.IsActive = 1
        LEFT JOIN tblvotemst tvm
            ON tvm.id = tvn.votemstid
        GROUP BY tvn.id
    ')
 2 SYSTEMPATH\CodeIgniter.php(933): App\Controllers\Main->getDashboarddata()
 3 SYSTEMPATH\CodeIgniter.php(507): CodeIgniter\CodeIgniter->runController(Object(App\Controllers\Main))
 4 SYSTEMPATH\CodeIgniter.php(354): CodeIgniter\CodeIgniter->handleRequest(null, Object(Config\Cache), false)
 5 SYSTEMPATH\Boot.php(334): CodeIgniter\CodeIgniter->run()
 6 SYSTEMPATH\Boot.php(67): CodeIgniter\Boot::runCodeIgniter(Object(CodeIgniter\CodeIgniter))
 7 FCPATH\index.php(56): CodeIgniter\Boot::bootWeb(Object(Config\Paths))
CRITICAL - 2026-05-15 22:53:22 --> [Caused by] CodeIgniter\Database\Exceptions\DatabaseException: Unknown column 'tvm.PositionName' in 'field list'
in SYSTEMPATH\Database\MySQLi\Connection.php on line 332.
 1 SYSTEMPATH\Database\BaseConnection.php(738): CodeIgniter\Database\MySQLi\Connection->execute('
        SELECT 
            tvn.id,
            tvn.Candidate,
            tvn.CandidateImage,
            tvm.PositionName,
            COUNT(tv.id) AS NumberOfVotes
        FROM tblvotetrn tvn
        LEFT JOIN tblvote tv 
            ON tv.votetrnid = tvn.id
            AND tv.IsActive = 1
        LEFT JOIN tblvotemst tvm
            ON tvm.id = tvn.votemstid
        GROUP BY tvn.id
    ')
 2 SYSTEMPATH\Database\BaseConnection.php(652): CodeIgniter\Database\BaseConnection->simpleQuery('
        SELECT 
            tvn.id,
            tvn.Candidate,
            tvn.CandidateImage,
            tvm.PositionName,
            COUNT(tv.id) AS NumberOfVotes
        FROM tblvotetrn tvn
        LEFT JOIN tblvote tv 
            ON tv.votetrnid = tvn.id
            AND tv.IsActive = 1
        LEFT JOIN tblvotemst tvm
            ON tvm.id = tvn.votemstid
        GROUP BY tvn.id
    ')
 3 APPPATH\Controllers\Main.php(153): CodeIgniter\Database\BaseConnection->query('
        SELECT 
            tvn.id,
            tvn.Candidate,
            tvn.CandidateImage,
            tvm.PositionName,
            COUNT(tv.id) AS NumberOfVotes
        FROM tblvotetrn tvn
        LEFT JOIN tblvote tv 
            ON tv.votetrnid = tvn.id
            AND tv.IsActive = 1
        LEFT JOIN tblvotemst tvm
            ON tvm.id = tvn.votemstid
        GROUP BY tvn.id
    ')
 4 SYSTEMPATH\CodeIgniter.php(933): App\Controllers\Main->getDashboarddata()
 5 SYSTEMPATH\CodeIgniter.php(507): CodeIgniter\CodeIgniter->runController(Object(App\Controllers\Main))
 6 SYSTEMPATH\CodeIgniter.php(354): CodeIgniter\CodeIgniter->handleRequest(null, Object(Config\Cache), false)
 7 SYSTEMPATH\Boot.php(334): CodeIgniter\CodeIgniter->run()
 8 SYSTEMPATH\Boot.php(67): CodeIgniter\Boot::runCodeIgniter(Object(CodeIgniter\CodeIgniter))
 9 FCPATH\index.php(56): CodeIgniter\Boot::bootWeb(Object(Config\Paths))
CRITICAL - 2026-05-15 22:53:22 --> [Caused by] mysqli_sql_exception: Unknown column 'tvm.PositionName' in 'field list'
in SYSTEMPATH\Database\MySQLi\Connection.php on line 327.
 1 SYSTEMPATH\Database\MySQLi\Connection.php(327): mysqli->query('
        SELECT 
            tvn.id,
            tvn.Candidate,
            tvn.CandidateImage,
            tvm.PositionName,
            COUNT(tv.id) AS NumberOfVotes
        FROM tblvotetrn tvn
        LEFT JOIN tblvote tv 
            ON tv.votetrnid = tvn.id
            AND tv.IsActive = 1
        LEFT JOIN tblvotemst tvm
            ON tvm.id = tvn.votemstid
        GROUP BY tvn.id
    ', 0)
 2 SYSTEMPATH\Database\BaseConnection.php(738): CodeIgniter\Database\MySQLi\Connection->execute('
        SELECT 
            tvn.id,
            tvn.Candidate,
            tvn.CandidateImage,
            tvm.PositionName,
            COUNT(tv.id) AS NumberOfVotes
        FROM tblvotetrn tvn
        LEFT JOIN tblvote tv 
            ON tv.votetrnid = tvn.id
            AND tv.IsActive = 1
        LEFT JOIN tblvotemst tvm
            ON tvm.id = tvn.votemstid
        GROUP BY tvn.id
    ')
 3 SYSTEMPATH\Database\BaseConnection.php(652): CodeIgniter\Database\BaseConnection->simpleQuery('
        SELECT 
            tvn.id,
            tvn.Candidate,
            tvn.CandidateImage,
            tvm.PositionName,
            COUNT(tv.id) AS NumberOfVotes
        FROM tblvotetrn tvn
        LEFT JOIN tblvote tv 
            ON tv.votetrnid = tvn.id
            AND tv.IsActive = 1
        LEFT JOIN tblvotemst tvm
            ON tvm.id = tvn.votemstid
        GROUP BY tvn.id
    ')
 4 APPPATH\Controllers\Main.php(153): CodeIgniter\Database\BaseConnection->query('
        SELECT 
            tvn.id,
            tvn.Candidate,
            tvn.CandidateImage,
            tvm.PositionName,
            COUNT(tv.id) AS NumberOfVotes
        FROM tblvotetrn tvn
        LEFT JOIN tblvote tv 
            ON tv.votetrnid = tvn.id
            AND tv.IsActive = 1
        LEFT JOIN tblvotemst tvm
            ON tvm.id = tvn.votemstid
        GROUP BY tvn.id
    ')
 5 SYSTEMPATH\CodeIgniter.php(933): App\Controllers\Main->getDashboarddata()
 6 SYSTEMPATH\CodeIgniter.php(507): CodeIgniter\CodeIgniter->runController(Object(App\Controllers\Main))
 7 SYSTEMPATH\CodeIgniter.php(354): CodeIgniter\CodeIgniter->handleRequest(null, Object(Config\Cache), false)
 8 SYSTEMPATH\Boot.php(334): CodeIgniter\CodeIgniter->run()
 9 SYSTEMPATH\Boot.php(67): CodeIgniter\Boot::runCodeIgniter(Object(CodeIgniter\CodeIgniter))
10 FCPATH\index.php(56): CodeIgniter\Boot::bootWeb(Object(Config\Paths))
DEBUG - 2026-05-15 22:53:32 --> Session: Class initialized using 'CodeIgniter\Session\Handlers\FileHandler' driver.
ERROR - 2026-05-15 22:53:32 --> mysqli_sql_exception: Unknown column 'tvm.PositionName' in 'field list' in C:\xampp\htdocs\gscgeavotingsystem\vendor\codeigniter4\framework\system\Database\MySQLi\Connection.php:327
Stack trace:
#0 C:\xampp\htdocs\gscgeavotingsystem\vendor\codeigniter4\framework\system\Database\MySQLi\Connection.php(327): mysqli->query('\r\n        SELEC...', 0)
#1 C:\xampp\htdocs\gscgeavotingsystem\vendor\codeigniter4\framework\system\Database\BaseConnection.php(738): CodeIgniter\Database\MySQLi\Connection->execute('\r\n        SELEC...')
#2 C:\xampp\htdocs\gscgeavotingsystem\vendor\codeigniter4\framework\system\Database\BaseConnection.php(652): CodeIgniter\Database\BaseConnection->simpleQuery('\r\n        SELEC...')
#3 C:\xampp\htdocs\gscgeavotingsystem\app\Controllers\Main.php(153): CodeIgniter\Database\BaseConnection->query('\r\n        SELEC...')
#4 C:\xampp\htdocs\gscgeavotingsystem\vendor\codeigniter4\framework\system\CodeIgniter.php(933): App\Controllers\Main->getDashboarddata()
#5 C:\xampp\htdocs\gscgeavotingsystem\vendor\codeigniter4\framework\system\CodeIgniter.php(507): CodeIgniter\CodeIgniter->runController(Object(App\Controllers\Main))
#6 C:\xampp\htdocs\gscgeavotingsystem\vendor\codeigniter4\framework\system\CodeIgniter.php(354): CodeIgniter\CodeIgniter->handleRequest(NULL, Object(Config\Cache), false)
#7 C:\xampp\htdocs\gscgeavotingsystem\vendor\codeigniter4\framework\system\Boot.php(334): CodeIgniter\CodeIgniter->run()
#8 C:\xampp\htdocs\gscgeavotingsystem\vendor\codeigniter4\framework\system\Boot.php(67): CodeIgniter\Boot::runCodeIgniter(Object(CodeIgniter\CodeIgniter))
#9 C:\xampp\htdocs\gscgeavotingsystem\public\index.php(56): CodeIgniter\Boot::bootWeb(Object(Config\Paths))
#10 {main}
CRITICAL - 2026-05-15 22:53:32 --> CodeIgniter\Database\Exceptions\DatabaseException: Unknown column 'tvm.PositionName' in 'field list'
[Method: GET, Route: main/dashboarddata]
in SYSTEMPATH\Database\BaseConnection.php on line 692.
 1 APPPATH\Controllers\Main.php(153): CodeIgniter\Database\BaseConnection->query('
        SELECT 
            tvn.id,
            tvn.Candidate,
            tvn.CandidateImage,
            tvm.PositionName,
            COUNT(tv.id) AS NumberOfVotes
        FROM tblvotetrn tvn
        LEFT JOIN tblvote tv 
            ON tv.votetrnid = tvn.id
            AND tv.IsActive = 1
        LEFT JOIN tblvotemst tvm
            ON tvm.id = tvn.votemstid
        GROUP BY tvn.id
    ')
 2 SYSTEMPATH\CodeIgniter.php(933): App\Controllers\Main->getDashboarddata()
 3 SYSTEMPATH\CodeIgniter.php(507): CodeIgniter\CodeIgniter->runController(Object(App\Controllers\Main))
 4 SYSTEMPATH\CodeIgniter.php(354): CodeIgniter\CodeIgniter->handleRequest(null, Object(Config\Cache), false)
 5 SYSTEMPATH\Boot.php(334): CodeIgniter\CodeIgniter->run()
 6 SYSTEMPATH\Boot.php(67): CodeIgniter\Boot::runCodeIgniter(Object(CodeIgniter\CodeIgniter))
 7 FCPATH\index.php(56): CodeIgniter\Boot::bootWeb(Object(Config\Paths))
CRITICAL - 2026-05-15 22:53:32 --> [Caused by] CodeIgniter\Database\Exceptions\DatabaseException: Unknown column 'tvm.PositionName' in 'field list'
in SYSTEMPATH\Database\MySQLi\Connection.php on line 332.
 1 SYSTEMPATH\Database\BaseConnection.php(738): CodeIgniter\Database\MySQLi\Connection->execute('
        SELECT 
            tvn.id,
            tvn.Candidate,
            tvn.CandidateImage,
            tvm.PositionName,
            COUNT(tv.id) AS NumberOfVotes
        FROM tblvotetrn tvn
        LEFT JOIN tblvote tv 
            ON tv.votetrnid = tvn.id
            AND tv.IsActive = 1
        LEFT JOIN tblvotemst tvm
            ON tvm.id = tvn.votemstid
        GROUP BY tvn.id
    ')
 2 SYSTEMPATH\Database\BaseConnection.php(652): CodeIgniter\Database\BaseConnection->simpleQuery('
        SELECT 
            tvn.id,
            tvn.Candidate,
            tvn.CandidateImage,
            tvm.PositionName,
            COUNT(tv.id) AS NumberOfVotes
        FROM tblvotetrn tvn
        LEFT JOIN tblvote tv 
            ON tv.votetrnid = tvn.id
            AND tv.IsActive = 1
        LEFT JOIN tblvotemst tvm
            ON tvm.id = tvn.votemstid
        GROUP BY tvn.id
    ')
 3 APPPATH\Controllers\Main.php(153): CodeIgniter\Database\BaseConnection->query('
        SELECT 
            tvn.id,
            tvn.Candidate,
            tvn.CandidateImage,
            tvm.PositionName,
            COUNT(tv.id) AS NumberOfVotes
        FROM tblvotetrn tvn
        LEFT JOIN tblvote tv 
            ON tv.votetrnid = tvn.id
            AND tv.IsActive = 1
        LEFT JOIN tblvotemst tvm
            ON tvm.id = tvn.votemstid
        GROUP BY tvn.id
    ')
 4 SYSTEMPATH\CodeIgniter.php(933): App\Controllers\Main->getDashboarddata()
 5 SYSTEMPATH\CodeIgniter.php(507): CodeIgniter\CodeIgniter->runController(Object(App\Controllers\Main))
 6 SYSTEMPATH\CodeIgniter.php(354): CodeIgniter\CodeIgniter->handleRequest(null, Object(Config\Cache), false)
 7 SYSTEMPATH\Boot.php(334): CodeIgniter\CodeIgniter->run()
 8 SYSTEMPATH\Boot.php(67): CodeIgniter\Boot::runCodeIgniter(Object(CodeIgniter\CodeIgniter))
 9 FCPATH\index.php(56): CodeIgniter\Boot::bootWeb(Object(Config\Paths))
CRITICAL - 2026-05-15 22:53:32 --> [Caused by] mysqli_sql_exception: Unknown column 'tvm.PositionName' in 'field list'
in SYSTEMPATH\Database\MySQLi\Connection.php on line 327.
 1 SYSTEMPATH\Database\MySQLi\Connection.php(327): mysqli->query('
        SELECT 
            tvn.id,
            tvn.Candidate,
            tvn.CandidateImage,
            tvm.PositionName,
            COUNT(tv.id) AS NumberOfVotes
        FROM tblvotetrn tvn
        LEFT JOIN tblvote tv 
            ON tv.votetrnid = tvn.id
            AND tv.IsActive = 1
        LEFT JOIN tblvotemst tvm
            ON tvm.id = tvn.votemstid
        GROUP BY tvn.id
    ', 0)
 2 SYSTEMPATH\Database\BaseConnection.php(738): CodeIgniter\Database\MySQLi\Connection->execute('
        SELECT 
            tvn.id,
            tvn.Candidate,
            tvn.CandidateImage,
            tvm.PositionName,
            COUNT(tv.id) AS NumberOfVotes
        FROM tblvotetrn tvn
        LEFT JOIN tblvote tv 
            ON tv.votetrnid = tvn.id
            AND tv.IsActive = 1
        LEFT JOIN tblvotemst tvm
            ON tvm.id = tvn.votemstid
        GROUP BY tvn.id
    ')
 3 SYSTEMPATH\Database\BaseConnection.php(652): CodeIgniter\Database\BaseConnection->simpleQuery('
        SELECT 
            tvn.id,
            tvn.Candidate,
            tvn.CandidateImage,
            tvm.PositionName,
            COUNT(tv.id) AS NumberOfVotes
        FROM tblvotetrn tvn
        LEFT JOIN tblvote tv 
            ON tv.votetrnid = tvn.id
            AND tv.IsActive = 1
        LEFT JOIN tblvotemst tvm
            ON tvm.id = tvn.votemstid
        GROUP BY tvn.id
    ')
 4 APPPATH\Controllers\Main.php(153): CodeIgniter\Database\BaseConnection->query('
        SELECT 
            tvn.id,
            tvn.Candidate,
            tvn.CandidateImage,
            tvm.PositionName,
            COUNT(tv.id) AS NumberOfVotes
        FROM tblvotetrn tvn
        LEFT JOIN tblvote tv 
            ON tv.votetrnid = tvn.id
            AND tv.IsActive = 1
        LEFT JOIN tblvotemst tvm
            ON tvm.id = tvn.votemstid
        GROUP BY tvn.id
    ')
 5 SYSTEMPATH\CodeIgniter.php(933): App\Controllers\Main->getDashboarddata()
 6 SYSTEMPATH\CodeIgniter.php(507): CodeIgniter\CodeIgniter->runController(Object(App\Controllers\Main))
 7 SYSTEMPATH\CodeIgniter.php(354): CodeIgniter\CodeIgniter->handleRequest(null, Object(Config\Cache), false)
 8 SYSTEMPATH\Boot.php(334): CodeIgniter\CodeIgniter->run()
 9 SYSTEMPATH\Boot.php(67): CodeIgniter\Boot::runCodeIgniter(Object(CodeIgniter\CodeIgniter))
10 FCPATH\index.php(56): CodeIgniter\Boot::bootWeb(Object(Config\Paths))
DEBUG - 2026-05-15 22:53:42 --> Session: Class initialized using 'CodeIgniter\Session\Handlers\FileHandler' driver.
ERROR - 2026-05-15 22:53:42 --> mysqli_sql_exception: Unknown column 'tvm.PositionName' in 'field list' in C:\xampp\htdocs\gscgeavotingsystem\vendor\codeigniter4\framework\system\Database\MySQLi\Connection.php:327
Stack trace:
#0 C:\xampp\htdocs\gscgeavotingsystem\vendor\codeigniter4\framework\system\Database\MySQLi\Connection.php(327): mysqli->query('\r\n        SELEC...', 0)
#1 C:\xampp\htdocs\gscgeavotingsystem\vendor\codeigniter4\framework\system\Database\BaseConnection.php(738): CodeIgniter\Database\MySQLi\Connection->execute('\r\n        SELEC...')
#2 C:\xampp\htdocs\gscgeavotingsystem\vendor\codeigniter4\framework\system\Database\BaseConnection.php(652): CodeIgniter\Database\BaseConnection->simpleQuery('\r\n        SELEC...')
#3 C:\xampp\htdocs\gscgeavotingsystem\app\Controllers\Main.php(153): CodeIgniter\Database\BaseConnection->query('\r\n        SELEC...')
#4 C:\xampp\htdocs\gscgeavotingsystem\vendor\codeigniter4\framework\system\CodeIgniter.php(933): App\Controllers\Main->getDashboarddata()
#5 C:\xampp\htdocs\gscgeavotingsystem\vendor\codeigniter4\framework\system\CodeIgniter.php(507): CodeIgniter\CodeIgniter->runController(Object(App\Controllers\Main))
#6 C:\xampp\htdocs\gscgeavotingsystem\vendor\codeigniter4\framework\system\CodeIgniter.php(354): CodeIgniter\CodeIgniter->handleRequest(NULL, Object(Config\Cache), false)
#7 C:\xampp\htdocs\gscgeavotingsystem\vendor\codeigniter4\framework\system\Boot.php(334): CodeIgniter\CodeIgniter->run()
#8 C:\xampp\htdocs\gscgeavotingsystem\vendor\codeigniter4\framework\system\Boot.php(67): CodeIgniter\Boot::runCodeIgniter(Object(CodeIgniter\CodeIgniter))
#9 C:\xampp\htdocs\gscgeavotingsystem\public\index.php(56): CodeIgniter\Boot::bootWeb(Object(Config\Paths))
#10 {main}
CRITICAL - 2026-05-15 22:53:42 --> CodeIgniter\Database\Exceptions\DatabaseException: Unknown column 'tvm.PositionName' in 'field list'
[Method: GET, Route: main/dashboarddata]
in SYSTEMPATH\Database\BaseConnection.php on line 692.
 1 APPPATH\Controllers\Main.php(153): CodeIgniter\Database\BaseConnection->query('
        SELECT 
            tvn.id,
            tvn.Candidate,
            tvn.CandidateImage,
            tvm.PositionName,
            COUNT(tv.id) AS NumberOfVotes
        FROM tblvotetrn tvn
        LEFT JOIN tblvote tv 
            ON tv.votetrnid = tvn.id
            AND tv.IsActive = 1
        LEFT JOIN tblvotemst tvm
            ON tvm.id = tvn.votemstid
        GROUP BY tvn.id
    ')
 2 SYSTEMPATH\CodeIgniter.php(933): App\Controllers\Main->getDashboarddata()
 3 SYSTEMPATH\CodeIgniter.php(507): CodeIgniter\CodeIgniter->runController(Object(App\Controllers\Main))
 4 SYSTEMPATH\CodeIgniter.php(354): CodeIgniter\CodeIgniter->handleRequest(null, Object(Config\Cache), false)
 5 SYSTEMPATH\Boot.php(334): CodeIgniter\CodeIgniter->run()
 6 SYSTEMPATH\Boot.php(67): CodeIgniter\Boot::runCodeIgniter(Object(CodeIgniter\CodeIgniter))
 7 FCPATH\index.php(56): CodeIgniter\Boot::bootWeb(Object(Config\Paths))
CRITICAL - 2026-05-15 22:53:42 --> [Caused by] CodeIgniter\Database\Exceptions\DatabaseException: Unknown column 'tvm.PositionName' in 'field list'
in SYSTEMPATH\Database\MySQLi\Connection.php on line 332.
 1 SYSTEMPATH\Database\BaseConnection.php(738): CodeIgniter\Database\MySQLi\Connection->execute('
        SELECT 
            tvn.id,
            tvn.Candidate,
            tvn.CandidateImage,
            tvm.PositionName,
            COUNT(tv.id) AS NumberOfVotes
        FROM tblvotetrn tvn
        LEFT JOIN tblvote tv 
            ON tv.votetrnid = tvn.id
            AND tv.IsActive = 1
        LEFT JOIN tblvotemst tvm
            ON tvm.id = tvn.votemstid
        GROUP BY tvn.id
    ')
 2 SYSTEMPATH\Database\BaseConnection.php(652): CodeIgniter\Database\BaseConnection->simpleQuery('
        SELECT 
            tvn.id,
            tvn.Candidate,
            tvn.CandidateImage,
            tvm.PositionName,
            COUNT(tv.id) AS NumberOfVotes
        FROM tblvotetrn tvn
        LEFT JOIN tblvote tv 
            ON tv.votetrnid = tvn.id
            AND tv.IsActive = 1
        LEFT JOIN tblvotemst tvm
            ON tvm.id = tvn.votemstid
        GROUP BY tvn.id
    ')
 3 APPPATH\Controllers\Main.php(153): CodeIgniter\Database\BaseConnection->query('
        SELECT 
            tvn.id,
            tvn.Candidate,
            tvn.CandidateImage,
            tvm.PositionName,
            COUNT(tv.id) AS NumberOfVotes
        FROM tblvotetrn tvn
        LEFT JOIN tblvote tv 
            ON tv.votetrnid = tvn.id
            AND tv.IsActive = 1
        LEFT JOIN tblvotemst tvm
            ON tvm.id = tvn.votemstid
        GROUP BY tvn.id
    ')
 4 SYSTEMPATH\CodeIgniter.php(933): App\Controllers\Main->getDashboarddata()
 5 SYSTEMPATH\CodeIgniter.php(507): CodeIgniter\CodeIgniter->runController(Object(App\Controllers\Main))
 6 SYSTEMPATH\CodeIgniter.php(354): CodeIgniter\CodeIgniter->handleRequest(null, Object(Config\Cache), false)
 7 SYSTEMPATH\Boot.php(334): CodeIgniter\CodeIgniter->run()
 8 SYSTEMPATH\Boot.php(67): CodeIgniter\Boot::runCodeIgniter(Object(CodeIgniter\CodeIgniter))
 9 FCPATH\index.php(56): CodeIgniter\Boot::bootWeb(Object(Config\Paths))
CRITICAL - 2026-05-15 22:53:42 --> [Caused by] mysqli_sql_exception: Unknown column 'tvm.PositionName' in 'field list'
in SYSTEMPATH\Database\MySQLi\Connection.php on line 327.
 1 SYSTEMPATH\Database\MySQLi\Connection.php(327): mysqli->query('
        SELECT 
            tvn.id,
            tvn.Candidate,
            tvn.CandidateImage,
            tvm.PositionName,
            COUNT(tv.id) AS NumberOfVotes
        FROM tblvotetrn tvn
        LEFT JOIN tblvote tv 
            ON tv.votetrnid = tvn.id
            AND tv.IsActive = 1
        LEFT JOIN tblvotemst tvm
            ON tvm.id = tvn.votemstid
        GROUP BY tvn.id
    ', 0)
 2 SYSTEMPATH\Database\BaseConnection.php(738): CodeIgniter\Database\MySQLi\Connection->execute('
        SELECT 
            tvn.id,
            tvn.Candidate,
            tvn.CandidateImage,
            tvm.PositionName,
            COUNT(tv.id) AS NumberOfVotes
        FROM tblvotetrn tvn
        LEFT JOIN tblvote tv 
            ON tv.votetrnid = tvn.id
            AND tv.IsActive = 1
        LEFT JOIN tblvotemst tvm
            ON tvm.id = tvn.votemstid
        GROUP BY tvn.id
    ')
 3 SYSTEMPATH\Database\BaseConnection.php(652): CodeIgniter\Database\BaseConnection->simpleQuery('
        SELECT 
            tvn.id,
            tvn.Candidate,
            tvn.CandidateImage,
            tvm.PositionName,
            COUNT(tv.id) AS NumberOfVotes
        FROM tblvotetrn tvn
        LEFT JOIN tblvote tv 
            ON tv.votetrnid = tvn.id
            AND tv.IsActive = 1
        LEFT JOIN tblvotemst tvm
            ON tvm.id = tvn.votemstid
        GROUP BY tvn.id
    ')
 4 APPPATH\Controllers\Main.php(153): CodeIgniter\Database\BaseConnection->query('
        SELECT 
            tvn.id,
            tvn.Candidate,
            tvn.CandidateImage,
            tvm.PositionName,
            COUNT(tv.id) AS NumberOfVotes
        FROM tblvotetrn tvn
        LEFT JOIN tblvote tv 
            ON tv.votetrnid = tvn.id
            AND tv.IsActive = 1
        LEFT JOIN tblvotemst tvm
            ON tvm.id = tvn.votemstid
        GROUP BY tvn.id
    ')
 5 SYSTEMPATH\CodeIgniter.php(933): App\Controllers\Main->getDashboarddata()
 6 SYSTEMPATH\CodeIgniter.php(507): CodeIgniter\CodeIgniter->runController(Object(App\Controllers\Main))
 7 SYSTEMPATH\CodeIgniter.php(354): CodeIgniter\CodeIgniter->handleRequest(null, Object(Config\Cache), false)
 8 SYSTEMPATH\Boot.php(334): CodeIgniter\CodeIgniter->run()
 9 SYSTEMPATH\Boot.php(67): CodeIgniter\Boot::runCodeIgniter(Object(CodeIgniter\CodeIgniter))
10 FCPATH\index.php(56): CodeIgniter\Boot::bootWeb(Object(Config\Paths))
DEBUG - 2026-05-15 22:53:52 --> Session: Class initialized using 'CodeIgniter\Session\Handlers\FileHandler' driver.
CRITICAL - 2026-05-15 22:53:52 --> ErrorException: Undefined property: stdClass::$PositionName
[Method: GET, Route: main/dashboarddata]
in APPPATH\Controllers\Main.php on line 189.
 1 APPPATH\Controllers\Main.php(189): CodeIgniter\Debug\Exceptions->errorHandler(2, 'Undefined property: stdClass::$PositionName', 'C:\\xampp\\htdocs\\gscgeavotingsystem\\app\\Controllers\\Main.php', 189)
 2 SYSTEMPATH\CodeIgniter.php(933): App\Controllers\Main->getDashboarddata()
 3 SYSTEMPATH\CodeIgniter.php(507): CodeIgniter\CodeIgniter->runController(Object(App\Controllers\Main))
 4 SYSTEMPATH\CodeIgniter.php(354): CodeIgniter\CodeIgniter->handleRequest(null, Object(Config\Cache), false)
 5 SYSTEMPATH\Boot.php(334): CodeIgniter\CodeIgniter->run()
 6 SYSTEMPATH\Boot.php(67): CodeIgniter\Boot::runCodeIgniter(Object(CodeIgniter\CodeIgniter))
 7 FCPATH\index.php(56): CodeIgniter\Boot::bootWeb(Object(Config\Paths))
DEBUG - 2026-05-15 22:53:52 --> Session: Class initialized using 'CodeIgniter\Session\Handlers\FileHandler' driver.
CRITICAL - 2026-05-15 22:53:52 --> ErrorException: Undefined property: stdClass::$PositionName
[Method: GET, Route: main/dashboarddata]
in APPPATH\Controllers\Main.php on line 189.
 1 APPPATH\Controllers\Main.php(189): CodeIgniter\Debug\Exceptions->errorHandler(2, 'Undefined property: stdClass::$PositionName', 'C:\\xampp\\htdocs\\gscgeavotingsystem\\app\\Controllers\\Main.php', 189)
 2 SYSTEMPATH\CodeIgniter.php(933): App\Controllers\Main->getDashboarddata()
 3 SYSTEMPATH\CodeIgniter.php(507): CodeIgniter\CodeIgniter->runController(Object(App\Controllers\Main))
 4 SYSTEMPATH\CodeIgniter.php(354): CodeIgniter\CodeIgniter->handleRequest(null, Object(Config\Cache), false)
 5 SYSTEMPATH\Boot.php(334): CodeIgniter\CodeIgniter->run()
 6 SYSTEMPATH\Boot.php(67): CodeIgniter\Boot::runCodeIgniter(Object(CodeIgniter\CodeIgniter))
 7 FCPATH\index.php(56): CodeIgniter\Boot::bootWeb(Object(Config\Paths))
DEBUG - 2026-05-15 22:54:02 --> Session: Class initialized using 'CodeIgniter\Session\Handlers\FileHandler' driver.
CRITICAL - 2026-05-15 22:54:02 --> ErrorException: Undefined property: stdClass::$PositionName
[Method: GET, Route: main/dashboarddata]
in APPPATH\Controllers\Main.php on line 189.
 1 APPPATH\Controllers\Main.php(189): CodeIgniter\Debug\Exceptions->errorHandler(2, 'Undefined property: stdClass::$PositionName', 'C:\\xampp\\htdocs\\gscgeavotingsystem\\app\\Controllers\\Main.php', 189)
 2 SYSTEMPATH\CodeIgniter.php(933): App\Controllers\Main->getDashboarddata()
 3 SYSTEMPATH\CodeIgniter.php(507): CodeIgniter\CodeIgniter->runController(Object(App\Controllers\Main))
 4 SYSTEMPATH\CodeIgniter.php(354): CodeIgniter\CodeIgniter->handleRequest(null, Object(Config\Cache), false)
 5 SYSTEMPATH\Boot.php(334): CodeIgniter\CodeIgniter->run()
 6 SYSTEMPATH\Boot.php(67): CodeIgniter\Boot::runCodeIgniter(Object(CodeIgniter\CodeIgniter))
 7 FCPATH\index.php(56): CodeIgniter\Boot::bootWeb(Object(Config\Paths))
DEBUG - 2026-05-15 22:54:13 --> Session: Class initialized using 'CodeIgniter\Session\Handlers\FileHandler' driver.
CRITICAL - 2026-05-15 22:54:13 --> ErrorException: Undefined property: stdClass::$PositionName
[Method: GET, Route: main/dashboarddata]
in APPPATH\Controllers\Main.php on line 189.
 1 APPPATH\Controllers\Main.php(189): CodeIgniter\Debug\Exceptions->errorHandler(2, 'Undefined property: stdClass::$PositionName', 'C:\\xampp\\htdocs\\gscgeavotingsystem\\app\\Controllers\\Main.php', 189)
 2 SYSTEMPATH\CodeIgniter.php(933): App\Controllers\Main->getDashboarddata()
 3 SYSTEMPATH\CodeIgniter.php(507): CodeIgniter\CodeIgniter->runController(Object(App\Controllers\Main))
 4 SYSTEMPATH\CodeIgniter.php(354): CodeIgniter\CodeIgniter->handleRequest(null, Object(Config\Cache), false)
 5 SYSTEMPATH\Boot.php(334): CodeIgniter\CodeIgniter->run()
 6 SYSTEMPATH\Boot.php(67): CodeIgniter\Boot::runCodeIgniter(Object(CodeIgniter\CodeIgniter))
 7 FCPATH\index.php(56): CodeIgniter\Boot::bootWeb(Object(Config\Paths))
DEBUG - 2026-05-15 22:54:23 --> Session: Class initialized using 'CodeIgniter\Session\Handlers\FileHandler' driver.
CRITICAL - 2026-05-15 22:54:23 --> ErrorException: Undefined property: stdClass::$PositionName
[Method: GET, Route: main/dashboarddata]
in APPPATH\Controllers\Main.php on line 189.
 1 APPPATH\Controllers\Main.php(189): CodeIgniter\Debug\Exceptions->errorHandler(2, 'Undefined property: stdClass::$PositionName', 'C:\\xampp\\htdocs\\gscgeavotingsystem\\app\\Controllers\\Main.php', 189)
 2 SYSTEMPATH\CodeIgniter.php(933): App\Controllers\Main->getDashboarddata()
 3 SYSTEMPATH\CodeIgniter.php(507): CodeIgniter\CodeIgniter->runController(Object(App\Controllers\Main))
 4 SYSTEMPATH\CodeIgniter.php(354): CodeIgniter\CodeIgniter->handleRequest(null, Object(Config\Cache), false)
 5 SYSTEMPATH\Boot.php(334): CodeIgniter\CodeIgniter->run()
 6 SYSTEMPATH\Boot.php(67): CodeIgniter\Boot::runCodeIgniter(Object(CodeIgniter\CodeIgniter))
 7 FCPATH\index.php(56): CodeIgniter\Boot::bootWeb(Object(Config\Paths))
DEBUG - 2026-05-15 22:54:33 --> Session: Class initialized using 'CodeIgniter\Session\Handlers\FileHandler' driver.
CRITICAL - 2026-05-15 22:54:33 --> ErrorException: Undefined property: stdClass::$PositionName
[Method: GET, Route: main/dashboarddata]
in APPPATH\Controllers\Main.php on line 189.
 1 APPPATH\Controllers\Main.php(189): CodeIgniter\Debug\Exceptions->errorHandler(2, 'Undefined property: stdClass::$PositionName', 'C:\\xampp\\htdocs\\gscgeavotingsystem\\app\\Controllers\\Main.php', 189)
 2 SYSTEMPATH\CodeIgniter.php(933): App\Controllers\Main->getDashboarddata()
 3 SYSTEMPATH\CodeIgniter.php(507): CodeIgniter\CodeIgniter->runController(Object(App\Controllers\Main))
 4 SYSTEMPATH\CodeIgniter.php(354): CodeIgniter\CodeIgniter->handleRequest(null, Object(Config\Cache), false)
 5 SYSTEMPATH\Boot.php(334): CodeIgniter\CodeIgniter->run()
 6 SYSTEMPATH\Boot.php(67): CodeIgniter\Boot::runCodeIgniter(Object(CodeIgniter\CodeIgniter))
 7 FCPATH\index.php(56): CodeIgniter\Boot::bootWeb(Object(Config\Paths))
DEBUG - 2026-05-15 22:54:43 --> Session: Class initialized using 'CodeIgniter\Session\Handlers\FileHandler' driver.
CRITICAL - 2026-05-15 22:54:43 --> ErrorException: Undefined property: stdClass::$PositionName
[Method: GET, Route: main/dashboarddata]
in APPPATH\Controllers\Main.php on line 189.
 1 APPPATH\Controllers\Main.php(189): CodeIgniter\Debug\Exceptions->errorHandler(2, 'Undefined property: stdClass::$PositionName', 'C:\\xampp\\htdocs\\gscgeavotingsystem\\app\\Controllers\\Main.php', 189)
 2 SYSTEMPATH\CodeIgniter.php(933): App\Controllers\Main->getDashboarddata()
 3 SYSTEMPATH\CodeIgniter.php(507): CodeIgniter\CodeIgniter->runController(Object(App\Controllers\Main))
 4 SYSTEMPATH\CodeIgniter.php(354): CodeIgniter\CodeIgniter->handleRequest(null, Object(Config\Cache), false)
 5 SYSTEMPATH\Boot.php(334): CodeIgniter\CodeIgniter->run()
 6 SYSTEMPATH\Boot.php(67): CodeIgniter\Boot::runCodeIgniter(Object(CodeIgniter\CodeIgniter))
 7 FCPATH\index.php(56): CodeIgniter\Boot::bootWeb(Object(Config\Paths))
DEBUG - 2026-05-15 22:54:50 --> Session: Class initialized using 'CodeIgniter\Session\Handlers\FileHandler' driver.
CRITICAL - 2026-05-15 22:54:50 --> ErrorException: Undefined property: stdClass::$PositionName
[Method: GET, Route: main/dashboarddata]
in APPPATH\Controllers\Main.php on line 189.
 1 APPPATH\Controllers\Main.php(189): CodeIgniter\Debug\Exceptions->errorHandler(2, 'Undefined property: stdClass::$PositionName', 'C:\\xampp\\htdocs\\gscgeavotingsystem\\app\\Controllers\\Main.php', 189)
 2 SYSTEMPATH\CodeIgniter.php(933): App\Controllers\Main->getDashboarddata()
 3 SYSTEMPATH\CodeIgniter.php(507): CodeIgniter\CodeIgniter->runController(Object(App\Controllers\Main))
 4 SYSTEMPATH\CodeIgniter.php(354): CodeIgniter\CodeIgniter->handleRequest(null, Object(Config\Cache), false)
 5 SYSTEMPATH\Boot.php(334): CodeIgniter\CodeIgniter->run()
 6 SYSTEMPATH\Boot.php(67): CodeIgniter\Boot::runCodeIgniter(Object(CodeIgniter\CodeIgniter))
 7 FCPATH\index.php(56): CodeIgniter\Boot::bootWeb(Object(Config\Paths))
DEBUG - 2026-05-15 22:54:53 --> Session: Class initialized using 'CodeIgniter\Session\Handlers\FileHandler' driver.
CRITICAL - 2026-05-15 22:54:53 --> ErrorException: Undefined property: stdClass::$PositionName
[Method: GET, Route: main/dashboarddata]
in APPPATH\Controllers\Main.php on line 189.
 1 APPPATH\Controllers\Main.php(189): CodeIgniter\Debug\Exceptions->errorHandler(2, 'Undefined property: stdClass::$PositionName', 'C:\\xampp\\htdocs\\gscgeavotingsystem\\app\\Controllers\\Main.php', 189)
 2 SYSTEMPATH\CodeIgniter.php(933): App\Controllers\Main->getDashboarddata()
 3 SYSTEMPATH\CodeIgniter.php(507): CodeIgniter\CodeIgniter->runController(Object(App\Controllers\Main))
 4 SYSTEMPATH\CodeIgniter.php(354): CodeIgniter\CodeIgniter->handleRequest(null, Object(Config\Cache), false)
 5 SYSTEMPATH\Boot.php(334): CodeIgniter\CodeIgniter->run()
 6 SYSTEMPATH\Boot.php(67): CodeIgniter\Boot::runCodeIgniter(Object(CodeIgniter\CodeIgniter))
 7 FCPATH\index.php(56): CodeIgniter\Boot::bootWeb(Object(Config\Paths))
DEBUG - 2026-05-15 22:55:03 --> Session: Class initialized using 'CodeIgniter\Session\Handlers\FileHandler' driver.
CRITICAL - 2026-05-15 22:55:03 --> ErrorException: Undefined property: stdClass::$PositionName
[Method: GET, Route: main/dashboarddata]
in APPPATH\Controllers\Main.php on line 189.
 1 APPPATH\Controllers\Main.php(189): CodeIgniter\Debug\Exceptions->errorHandler(2, 'Undefined property: stdClass::$PositionName', 'C:\\xampp\\htdocs\\gscgeavotingsystem\\app\\Controllers\\Main.php', 189)
 2 SYSTEMPATH\CodeIgniter.php(933): App\Controllers\Main->getDashboarddata()
 3 SYSTEMPATH\CodeIgniter.php(507): CodeIgniter\CodeIgniter->runController(Object(App\Controllers\Main))
 4 SYSTEMPATH\CodeIgniter.php(354): CodeIgniter\CodeIgniter->handleRequest(null, Object(Config\Cache), false)
 5 SYSTEMPATH\Boot.php(334): CodeIgniter\CodeIgniter->run()
 6 SYSTEMPATH\Boot.php(67): CodeIgniter\Boot::runCodeIgniter(Object(CodeIgniter\CodeIgniter))
 7 FCPATH\index.php(56): CodeIgniter\Boot::bootWeb(Object(Config\Paths))
DEBUG - 2026-05-15 22:55:13 --> Session: Class initialized using 'CodeIgniter\Session\Handlers\FileHandler' driver.
CRITICAL - 2026-05-15 22:55:13 --> ErrorException: Undefined property: stdClass::$PositionName
[Method: GET, Route: main/dashboarddata]
in APPPATH\Controllers\Main.php on line 189.
 1 APPPATH\Controllers\Main.php(189): CodeIgniter\Debug\Exceptions->errorHandler(2, 'Undefined property: stdClass::$PositionName', 'C:\\xampp\\htdocs\\gscgeavotingsystem\\app\\Controllers\\Main.php', 189)
 2 SYSTEMPATH\CodeIgniter.php(933): App\Controllers\Main->getDashboarddata()
 3 SYSTEMPATH\CodeIgniter.php(507): CodeIgniter\CodeIgniter->runController(Object(App\Controllers\Main))
 4 SYSTEMPATH\CodeIgniter.php(354): CodeIgniter\CodeIgniter->handleRequest(null, Object(Config\Cache), false)
 5 SYSTEMPATH\Boot.php(334): CodeIgniter\CodeIgniter->run()
 6 SYSTEMPATH\Boot.php(67): CodeIgniter\Boot::runCodeIgniter(Object(CodeIgniter\CodeIgniter))
 7 FCPATH\index.php(56): CodeIgniter\Boot::bootWeb(Object(Config\Paths))
DEBUG - 2026-05-15 22:55:23 --> Session: Class initialized using 'CodeIgniter\Session\Handlers\FileHandler' driver.
CRITICAL - 2026-05-15 22:55:23 --> ErrorException: Undefined property: stdClass::$PositionName
[Method: GET, Route: main/dashboarddata]
in APPPATH\Controllers\Main.php on line 189.
 1 APPPATH\Controllers\Main.php(189): CodeIgniter\Debug\Exceptions->errorHandler(2, 'Undefined property: stdClass::$PositionName', 'C:\\xampp\\htdocs\\gscgeavotingsystem\\app\\Controllers\\Main.php', 189)
 2 SYSTEMPATH\CodeIgniter.php(933): App\Controllers\Main->getDashboarddata()
 3 SYSTEMPATH\CodeIgniter.php(507): CodeIgniter\CodeIgniter->runController(Object(App\Controllers\Main))
 4 SYSTEMPATH\CodeIgniter.php(354): CodeIgniter\CodeIgniter->handleRequest(null, Object(Config\Cache), false)
 5 SYSTEMPATH\Boot.php(334): CodeIgniter\CodeIgniter->run()
 6 SYSTEMPATH\Boot.php(67): CodeIgniter\Boot::runCodeIgniter(Object(CodeIgniter\CodeIgniter))
 7 FCPATH\index.php(56): CodeIgniter\Boot::bootWeb(Object(Config\Paths))
DEBUG - 2026-05-15 22:55:34 --> Session: Class initialized using 'CodeIgniter\Session\Handlers\FileHandler' driver.
CRITICAL - 2026-05-15 22:55:34 --> ErrorException: Undefined property: stdClass::$PositionName
[Method: GET, Route: main/dashboarddata]
in APPPATH\Controllers\Main.php on line 189.
 1 APPPATH\Controllers\Main.php(189): CodeIgniter\Debug\Exceptions->errorHandler(2, 'Undefined property: stdClass::$PositionName', 'C:\\xampp\\htdocs\\gscgeavotingsystem\\app\\Controllers\\Main.php', 189)
 2 SYSTEMPATH\CodeIgniter.php(933): App\Controllers\Main->getDashboarddata()
 3 SYSTEMPATH\CodeIgniter.php(507): CodeIgniter\CodeIgniter->runController(Object(App\Controllers\Main))
 4 SYSTEMPATH\CodeIgniter.php(354): CodeIgniter\CodeIgniter->handleRequest(null, Object(Config\Cache), false)
 5 SYSTEMPATH\Boot.php(334): CodeIgniter\CodeIgniter->run()
 6 SYSTEMPATH\Boot.php(67): CodeIgniter\Boot::runCodeIgniter(Object(CodeIgniter\CodeIgniter))
 7 FCPATH\index.php(56): CodeIgniter\Boot::bootWeb(Object(Config\Paths))
DEBUG - 2026-05-15 22:55:44 --> Session: Class initialized using 'CodeIgniter\Session\Handlers\FileHandler' driver.
CRITICAL - 2026-05-15 22:55:44 --> ErrorException: Undefined property: stdClass::$PositionName
[Method: GET, Route: main/dashboarddata]
in APPPATH\Controllers\Main.php on line 189.
 1 APPPATH\Controllers\Main.php(189): CodeIgniter\Debug\Exceptions->errorHandler(2, 'Undefined property: stdClass::$PositionName', 'C:\\xampp\\htdocs\\gscgeavotingsystem\\app\\Controllers\\Main.php', 189)
 2 SYSTEMPATH\CodeIgniter.php(933): App\Controllers\Main->getDashboarddata()
 3 SYSTEMPATH\CodeIgniter.php(507): CodeIgniter\CodeIgniter->runController(Object(App\Controllers\Main))
 4 SYSTEMPATH\CodeIgniter.php(354): CodeIgniter\CodeIgniter->handleRequest(null, Object(Config\Cache), false)
 5 SYSTEMPATH\Boot.php(334): CodeIgniter\CodeIgniter->run()
 6 SYSTEMPATH\Boot.php(67): CodeIgniter\Boot::runCodeIgniter(Object(CodeIgniter\CodeIgniter))
 7 FCPATH\index.php(56): CodeIgniter\Boot::bootWeb(Object(Config\Paths))
DEBUG - 2026-05-15 22:55:54 --> Session: Class initialized using 'CodeIgniter\Session\Handlers\FileHandler' driver.
CRITICAL - 2026-05-15 22:55:54 --> ErrorException: Undefined property: stdClass::$PositionName
[Method: GET, Route: main/dashboarddata]
in APPPATH\Controllers\Main.php on line 189.
 1 APPPATH\Controllers\Main.php(189): CodeIgniter\Debug\Exceptions->errorHandler(2, 'Undefined property: stdClass::$PositionName', 'C:\\xampp\\htdocs\\gscgeavotingsystem\\app\\Controllers\\Main.php', 189)
 2 SYSTEMPATH\CodeIgniter.php(933): App\Controllers\Main->getDashboarddata()
 3 SYSTEMPATH\CodeIgniter.php(507): CodeIgniter\CodeIgniter->runController(Object(App\Controllers\Main))
 4 SYSTEMPATH\CodeIgniter.php(354): CodeIgniter\CodeIgniter->handleRequest(null, Object(Config\Cache), false)
 5 SYSTEMPATH\Boot.php(334): CodeIgniter\CodeIgniter->run()
 6 SYSTEMPATH\Boot.php(67): CodeIgniter\Boot::runCodeIgniter(Object(CodeIgniter\CodeIgniter))
 7 FCPATH\index.php(56): CodeIgniter\Boot::bootWeb(Object(Config\Paths))
DEBUG - 2026-05-15 22:56:04 --> Session: Class initialized using 'CodeIgniter\Session\Handlers\FileHandler' driver.
CRITICAL - 2026-05-15 22:56:04 --> ErrorException: Undefined property: stdClass::$PositionName
[Method: GET, Route: main/dashboarddata]
in APPPATH\Controllers\Main.php on line 189.
 1 APPPATH\Controllers\Main.php(189): CodeIgniter\Debug\Exceptions->errorHandler(2, 'Undefined property: stdClass::$PositionName', 'C:\\xampp\\htdocs\\gscgeavotingsystem\\app\\Controllers\\Main.php', 189)
 2 SYSTEMPATH\CodeIgniter.php(933): App\Controllers\Main->getDashboarddata()
 3 SYSTEMPATH\CodeIgniter.php(507): CodeIgniter\CodeIgniter->runController(Object(App\Controllers\Main))
 4 SYSTEMPATH\CodeIgniter.php(354): CodeIgniter\CodeIgniter->handleRequest(null, Object(Config\Cache), false)
 5 SYSTEMPATH\Boot.php(334): CodeIgniter\CodeIgniter->run()
 6 SYSTEMPATH\Boot.php(67): CodeIgniter\Boot::runCodeIgniter(Object(CodeIgniter\CodeIgniter))
 7 FCPATH\index.php(56): CodeIgniter\Boot::bootWeb(Object(Config\Paths))
DEBUG - 2026-05-15 22:56:14 --> Session: Class initialized using 'CodeIgniter\Session\Handlers\FileHandler' driver.
CRITICAL - 2026-05-15 22:56:14 --> ErrorException: Undefined property: stdClass::$PositionName
[Method: GET, Route: main/dashboarddata]
in APPPATH\Controllers\Main.php on line 189.
 1 APPPATH\Controllers\Main.php(189): CodeIgniter\Debug\Exceptions->errorHandler(2, 'Undefined property: stdClass::$PositionName', 'C:\\xampp\\htdocs\\gscgeavotingsystem\\app\\Controllers\\Main.php', 189)
 2 SYSTEMPATH\CodeIgniter.php(933): App\Controllers\Main->getDashboarddata()
 3 SYSTEMPATH\CodeIgniter.php(507): CodeIgniter\CodeIgniter->runController(Object(App\Controllers\Main))
 4 SYSTEMPATH\CodeIgniter.php(354): CodeIgniter\CodeIgniter->handleRequest(null, Object(Config\Cache), false)
 5 SYSTEMPATH\Boot.php(334): CodeIgniter\CodeIgniter->run()
 6 SYSTEMPATH\Boot.php(67): CodeIgniter\Boot::runCodeIgniter(Object(CodeIgniter\CodeIgniter))
 7 FCPATH\index.php(56): CodeIgniter\Boot::bootWeb(Object(Config\Paths))
DEBUG - 2026-05-15 22:56:24 --> Session: Class initialized using 'CodeIgniter\Session\Handlers\FileHandler' driver.
CRITICAL - 2026-05-15 22:56:24 --> ErrorException: Undefined property: stdClass::$PositionName
[Method: GET, Route: main/dashboarddata]
in APPPATH\Controllers\Main.php on line 189.
 1 APPPATH\Controllers\Main.php(189): CodeIgniter\Debug\Exceptions->errorHandler(2, 'Undefined property: stdClass::$PositionName', 'C:\\xampp\\htdocs\\gscgeavotingsystem\\app\\Controllers\\Main.php', 189)
 2 SYSTEMPATH\CodeIgniter.php(933): App\Controllers\Main->getDashboarddata()
 3 SYSTEMPATH\CodeIgniter.php(507): CodeIgniter\CodeIgniter->runController(Object(App\Controllers\Main))
 4 SYSTEMPATH\CodeIgniter.php(354): CodeIgniter\CodeIgniter->handleRequest(null, Object(Config\Cache), false)
 5 SYSTEMPATH\Boot.php(334): CodeIgniter\CodeIgniter->run()
 6 SYSTEMPATH\Boot.php(67): CodeIgniter\Boot::runCodeIgniter(Object(CodeIgniter\CodeIgniter))
 7 FCPATH\index.php(56): CodeIgniter\Boot::bootWeb(Object(Config\Paths))
DEBUG - 2026-05-15 22:56:34 --> Session: Class initialized using 'CodeIgniter\Session\Handlers\FileHandler' driver.
CRITICAL - 2026-05-15 22:56:35 --> ErrorException: Undefined property: stdClass::$PositionName
[Method: GET, Route: main/dashboarddata]
in APPPATH\Controllers\Main.php on line 189.
 1 APPPATH\Controllers\Main.php(189): CodeIgniter\Debug\Exceptions->errorHandler(2, 'Undefined property: stdClass::$PositionName', 'C:\\xampp\\htdocs\\gscgeavotingsystem\\app\\Controllers\\Main.php', 189)
 2 SYSTEMPATH\CodeIgniter.php(933): App\Controllers\Main->getDashboarddata()
 3 SYSTEMPATH\CodeIgniter.php(507): CodeIgniter\CodeIgniter->runController(Object(App\Controllers\Main))
 4 SYSTEMPATH\CodeIgniter.php(354): CodeIgniter\CodeIgniter->handleRequest(null, Object(Config\Cache), false)
 5 SYSTEMPATH\Boot.php(334): CodeIgniter\CodeIgniter->run()
 6 SYSTEMPATH\Boot.php(67): CodeIgniter\Boot::runCodeIgniter(Object(CodeIgniter\CodeIgniter))
 7 FCPATH\index.php(56): CodeIgniter\Boot::bootWeb(Object(Config\Paths))
DEBUG - 2026-05-15 22:56:38 --> Session: Class initialized using 'CodeIgniter\Session\Handlers\FileHandler' driver.
ERROR - 2026-05-15 22:56:38 --> mysqli_sql_exception: Unknown column 'tvm.Description' in 'field list' in C:\xampp\htdocs\gscgeavotingsystem\vendor\codeigniter4\framework\system\Database\MySQLi\Connection.php:327
Stack trace:
#0 C:\xampp\htdocs\gscgeavotingsystem\vendor\codeigniter4\framework\system\Database\MySQLi\Connection.php(327): mysqli->query('\r\n            S...', 0)
#1 C:\xampp\htdocs\gscgeavotingsystem\vendor\codeigniter4\framework\system\Database\BaseConnection.php(738): CodeIgniter\Database\MySQLi\Connection->execute('\r\n            S...')
#2 C:\xampp\htdocs\gscgeavotingsystem\vendor\codeigniter4\framework\system\Database\BaseConnection.php(652): CodeIgniter\Database\BaseConnection->simpleQuery('\r\n            S...')
#3 C:\xampp\htdocs\gscgeavotingsystem\app\Controllers\Main.php(168): CodeIgniter\Database\BaseConnection->query('\r\n            S...', Array)
#4 C:\xampp\htdocs\gscgeavotingsystem\vendor\codeigniter4\framework\system\CodeIgniter.php(933): App\Controllers\Main->getDashboarddata()
#5 C:\xampp\htdocs\gscgeavotingsystem\vendor\codeigniter4\framework\system\CodeIgniter.php(507): CodeIgniter\CodeIgniter->runController(Object(App\Controllers\Main))
#6 C:\xampp\htdocs\gscgeavotingsystem\vendor\codeigniter4\framework\system\CodeIgniter.php(354): CodeIgniter\CodeIgniter->handleRequest(NULL, Object(Config\Cache), false)
#7 C:\xampp\htdocs\gscgeavotingsystem\vendor\codeigniter4\framework\system\Boot.php(334): CodeIgniter\CodeIgniter->run()
#8 C:\xampp\htdocs\gscgeavotingsystem\vendor\codeigniter4\framework\system\Boot.php(67): CodeIgniter\Boot::runCodeIgniter(Object(CodeIgniter\CodeIgniter))
#9 C:\xampp\htdocs\gscgeavotingsystem\public\index.php(56): CodeIgniter\Boot::bootWeb(Object(Config\Paths))
#10 {main}
CRITICAL - 2026-05-15 22:56:38 --> CodeIgniter\Database\Exceptions\DatabaseException: Unknown column 'tvm.Description' in 'field list'
[Method: GET, Route: main/dashboarddata]
in SYSTEMPATH\Database\BaseConnection.php on line 692.
 1 APPPATH\Controllers\Main.php(168): CodeIgniter\Database\BaseConnection->query('
            SELECT 
                tvn.Candidate,
                tvn.CandidateImage,
            tvm.Description as PositionName,
                COUNT(tv.votetrnid) AS NumberOfVotes,
                (COUNT(tv.votetrnid)/?) * 100 AS NumberOfVotesPercent
            FROM tblvotetrn tvn
            LEFT JOIN tblvote tv 
                ON tv.votetrnid = tvn.id
                AND IFNULL(tv.IsActive,0)=1
            WHERE tvn.votemstid = 1
            GROUP BY tvn.id, tvn.Candidate, tvn.CandidateImage
            ORDER BY NumberOfVotes DESC
        ', [...])
 2 SYSTEMPATH\CodeIgniter.php(933): App\Controllers\Main->getDashboarddata()
 3 SYSTEMPATH\CodeIgniter.php(507): CodeIgniter\CodeIgniter->runController(Object(App\Controllers\Main))
 4 SYSTEMPATH\CodeIgniter.php(354): CodeIgniter\CodeIgniter->handleRequest(null, Object(Config\Cache), false)
 5 SYSTEMPATH\Boot.php(334): CodeIgniter\CodeIgniter->run()
 6 SYSTEMPATH\Boot.php(67): CodeIgniter\Boot::runCodeIgniter(Object(CodeIgniter\CodeIgniter))
 7 FCPATH\index.php(56): CodeIgniter\Boot::bootWeb(Object(Config\Paths))
CRITICAL - 2026-05-15 22:56:38 --> [Caused by] CodeIgniter\Database\Exceptions\DatabaseException: Unknown column 'tvm.Description' in 'field list'
in SYSTEMPATH\Database\MySQLi\Connection.php on line 332.
 1 SYSTEMPATH\Database\BaseConnection.php(738): CodeIgniter\Database\MySQLi\Connection->execute('
            SELECT 
                tvn.Candidate,
                tvn.CandidateImage,
            tvm.Description as PositionName,
                COUNT(tv.votetrnid) AS NumberOfVotes,
                (COUNT(tv.votetrnid)/\'6\') * 100 AS NumberOfVotesPercent
            FROM tblvotetrn tvn
            LEFT JOIN tblvote tv 
                ON tv.votetrnid = tvn.id
                AND IFNULL(tv.IsActive,0)=1
            WHERE tvn.votemstid = 1
            GROUP BY tvn.id, tvn.Candidate, tvn.CandidateImage
            ORDER BY NumberOfVotes DESC
        ')
 2 SYSTEMPATH\Database\BaseConnection.php(652): CodeIgniter\Database\BaseConnection->simpleQuery('
            SELECT 
                tvn.Candidate,
                tvn.CandidateImage,
            tvm.Description as PositionName,
                COUNT(tv.votetrnid) AS NumberOfVotes,
                (COUNT(tv.votetrnid)/\'6\') * 100 AS NumberOfVotesPercent
            FROM tblvotetrn tvn
            LEFT JOIN tblvote tv 
                ON tv.votetrnid = tvn.id
                AND IFNULL(tv.IsActive,0)=1
            WHERE tvn.votemstid = 1
            GROUP BY tvn.id, tvn.Candidate, tvn.CandidateImage
            ORDER BY NumberOfVotes DESC
        ')
 3 APPPATH\Controllers\Main.php(168): CodeIgniter\Database\BaseConnection->query('
            SELECT 
                tvn.Candidate,
                tvn.CandidateImage,
            tvm.Description as PositionName,
                COUNT(tv.votetrnid) AS NumberOfVotes,
                (COUNT(tv.votetrnid)/?) * 100 AS NumberOfVotesPercent
            FROM tblvotetrn tvn
            LEFT JOIN tblvote tv 
                ON tv.votetrnid = tvn.id
                AND IFNULL(tv.IsActive,0)=1
            WHERE tvn.votemstid = 1
            GROUP BY tvn.id, tvn.Candidate, tvn.CandidateImage
            ORDER BY NumberOfVotes DESC
        ', [...])
 4 SYSTEMPATH\CodeIgniter.php(933): App\Controllers\Main->getDashboarddata()
 5 SYSTEMPATH\CodeIgniter.php(507): CodeIgniter\CodeIgniter->runController(Object(App\Controllers\Main))
 6 SYSTEMPATH\CodeIgniter.php(354): CodeIgniter\CodeIgniter->handleRequest(null, Object(Config\Cache), false)
 7 SYSTEMPATH\Boot.php(334): CodeIgniter\CodeIgniter->run()
 8 SYSTEMPATH\Boot.php(67): CodeIgniter\Boot::runCodeIgniter(Object(CodeIgniter\CodeIgniter))
 9 FCPATH\index.php(56): CodeIgniter\Boot::bootWeb(Object(Config\Paths))
CRITICAL - 2026-05-15 22:56:38 --> [Caused by] mysqli_sql_exception: Unknown column 'tvm.Description' in 'field list'
in SYSTEMPATH\Database\MySQLi\Connection.php on line 327.
 1 SYSTEMPATH\Database\MySQLi\Connection.php(327): mysqli->query('
            SELECT 
                tvn.Candidate,
                tvn.CandidateImage,
            tvm.Description as PositionName,
                COUNT(tv.votetrnid) AS NumberOfVotes,
                (COUNT(tv.votetrnid)/\'6\') * 100 AS NumberOfVotesPercent
            FROM tblvotetrn tvn
            LEFT JOIN tblvote tv 
                ON tv.votetrnid = tvn.id
                AND IFNULL(tv.IsActive,0)=1
            WHERE tvn.votemstid = 1
            GROUP BY tvn.id, tvn.Candidate, tvn.CandidateImage
            ORDER BY NumberOfVotes DESC
        ', 0)
 2 SYSTEMPATH\Database\BaseConnection.php(738): CodeIgniter\Database\MySQLi\Connection->execute('
            SELECT 
                tvn.Candidate,
                tvn.CandidateImage,
            tvm.Description as PositionName,
                COUNT(tv.votetrnid) AS NumberOfVotes,
                (COUNT(tv.votetrnid)/\'6\') * 100 AS NumberOfVotesPercent
            FROM tblvotetrn tvn
            LEFT JOIN tblvote tv 
                ON tv.votetrnid = tvn.id
                AND IFNULL(tv.IsActive,0)=1
            WHERE tvn.votemstid = 1
            GROUP BY tvn.id, tvn.Candidate, tvn.CandidateImage
            ORDER BY NumberOfVotes DESC
        ')
 3 SYSTEMPATH\Database\BaseConnection.php(652): CodeIgniter\Database\BaseConnection->simpleQuery('
            SELECT 
                tvn.Candidate,
                tvn.CandidateImage,
            tvm.Description as PositionName,
                COUNT(tv.votetrnid) AS NumberOfVotes,
                (COUNT(tv.votetrnid)/\'6\') * 100 AS NumberOfVotesPercent
            FROM tblvotetrn tvn
            LEFT JOIN tblvote tv 
                ON tv.votetrnid = tvn.id
                AND IFNULL(tv.IsActive,0)=1
            WHERE tvn.votemstid = 1
            GROUP BY tvn.id, tvn.Candidate, tvn.CandidateImage
            ORDER BY NumberOfVotes DESC
        ')
 4 APPPATH\Controllers\Main.php(168): CodeIgniter\Database\BaseConnection->query('
            SELECT 
                tvn.Candidate,
                tvn.CandidateImage,
            tvm.Description as PositionName,
                COUNT(tv.votetrnid) AS NumberOfVotes,
                (COUNT(tv.votetrnid)/?) * 100 AS NumberOfVotesPercent
            FROM tblvotetrn tvn
            LEFT JOIN tblvote tv 
                ON tv.votetrnid = tvn.id
                AND IFNULL(tv.IsActive,0)=1
            WHERE tvn.votemstid = 1
            GROUP BY tvn.id, tvn.Candidate, tvn.CandidateImage
            ORDER BY NumberOfVotes DESC
        ', [...])
 5 SYSTEMPATH\CodeIgniter.php(933): App\Controllers\Main->getDashboarddata()
 6 SYSTEMPATH\CodeIgniter.php(507): CodeIgniter\CodeIgniter->runController(Object(App\Controllers\Main))
 7 SYSTEMPATH\CodeIgniter.php(354): CodeIgniter\CodeIgniter->handleRequest(null, Object(Config\Cache), false)
 8 SYSTEMPATH\Boot.php(334): CodeIgniter\CodeIgniter->run()
 9 SYSTEMPATH\Boot.php(67): CodeIgniter\Boot::runCodeIgniter(Object(CodeIgniter\CodeIgniter))
10 FCPATH\index.php(56): CodeIgniter\Boot::bootWeb(Object(Config\Paths))
DEBUG - 2026-05-15 22:56:44 --> Session: Class initialized using 'CodeIgniter\Session\Handlers\FileHandler' driver.
ERROR - 2026-05-15 22:56:45 --> mysqli_sql_exception: Unknown column 'tvm.Description' in 'field list' in C:\xampp\htdocs\gscgeavotingsystem\vendor\codeigniter4\framework\system\Database\MySQLi\Connection.php:327
Stack trace:
#0 C:\xampp\htdocs\gscgeavotingsystem\vendor\codeigniter4\framework\system\Database\MySQLi\Connection.php(327): mysqli->query('\r\n            S...', 0)
#1 C:\xampp\htdocs\gscgeavotingsystem\vendor\codeigniter4\framework\system\Database\BaseConnection.php(738): CodeIgniter\Database\MySQLi\Connection->execute('\r\n            S...')
#2 C:\xampp\htdocs\gscgeavotingsystem\vendor\codeigniter4\framework\system\Database\BaseConnection.php(652): CodeIgniter\Database\BaseConnection->simpleQuery('\r\n            S...')
#3 C:\xampp\htdocs\gscgeavotingsystem\app\Controllers\Main.php(168): CodeIgniter\Database\BaseConnection->query('\r\n            S...', Array)
#4 C:\xampp\htdocs\gscgeavotingsystem\vendor\codeigniter4\framework\system\CodeIgniter.php(933): App\Controllers\Main->getDashboarddata()
#5 C:\xampp\htdocs\gscgeavotingsystem\vendor\codeigniter4\framework\system\CodeIgniter.php(507): CodeIgniter\CodeIgniter->runController(Object(App\Controllers\Main))
#6 C:\xampp\htdocs\gscgeavotingsystem\vendor\codeigniter4\framework\system\CodeIgniter.php(354): CodeIgniter\CodeIgniter->handleRequest(NULL, Object(Config\Cache), false)
#7 C:\xampp\htdocs\gscgeavotingsystem\vendor\codeigniter4\framework\system\Boot.php(334): CodeIgniter\CodeIgniter->run()
#8 C:\xampp\htdocs\gscgeavotingsystem\vendor\codeigniter4\framework\system\Boot.php(67): CodeIgniter\Boot::runCodeIgniter(Object(CodeIgniter\CodeIgniter))
#9 C:\xampp\htdocs\gscgeavotingsystem\public\index.php(56): CodeIgniter\Boot::bootWeb(Object(Config\Paths))
#10 {main}
CRITICAL - 2026-05-15 22:56:45 --> CodeIgniter\Database\Exceptions\DatabaseException: Unknown column 'tvm.Description' in 'field list'
[Method: GET, Route: main/dashboarddata]
in SYSTEMPATH\Database\BaseConnection.php on line 692.
 1 APPPATH\Controllers\Main.php(168): CodeIgniter\Database\BaseConnection->query('
            SELECT 
                tvn.Candidate,
                tvn.CandidateImage,
            tvm.Description as PositionName,
                COUNT(tv.votetrnid) AS NumberOfVotes,
                (COUNT(tv.votetrnid)/?) * 100 AS NumberOfVotesPercent
            FROM tblvotetrn tvn
            LEFT JOIN tblvote tv 
                ON tv.votetrnid = tvn.id
                AND IFNULL(tv.IsActive,0)=1
            WHERE tvn.votemstid = 1
            GROUP BY tvn.id, tvn.Candidate, tvn.CandidateImage
            ORDER BY NumberOfVotes DESC
        ', [...])
 2 SYSTEMPATH\CodeIgniter.php(933): App\Controllers\Main->getDashboarddata()
 3 SYSTEMPATH\CodeIgniter.php(507): CodeIgniter\CodeIgniter->runController(Object(App\Controllers\Main))
 4 SYSTEMPATH\CodeIgniter.php(354): CodeIgniter\CodeIgniter->handleRequest(null, Object(Config\Cache), false)
 5 SYSTEMPATH\Boot.php(334): CodeIgniter\CodeIgniter->run()
 6 SYSTEMPATH\Boot.php(67): CodeIgniter\Boot::runCodeIgniter(Object(CodeIgniter\CodeIgniter))
 7 FCPATH\index.php(56): CodeIgniter\Boot::bootWeb(Object(Config\Paths))
CRITICAL - 2026-05-15 22:56:45 --> [Caused by] CodeIgniter\Database\Exceptions\DatabaseException: Unknown column 'tvm.Description' in 'field list'
in SYSTEMPATH\Database\MySQLi\Connection.php on line 332.
 1 SYSTEMPATH\Database\BaseConnection.php(738): CodeIgniter\Database\MySQLi\Connection->execute('
            SELECT 
                tvn.Candidate,
                tvn.CandidateImage,
            tvm.Description as PositionName,
                COUNT(tv.votetrnid) AS NumberOfVotes,
                (COUNT(tv.votetrnid)/\'6\') * 100 AS NumberOfVotesPercent
            FROM tblvotetrn tvn
            LEFT JOIN tblvote tv 
                ON tv.votetrnid = tvn.id
                AND IFNULL(tv.IsActive,0)=1
            WHERE tvn.votemstid = 1
            GROUP BY tvn.id, tvn.Candidate, tvn.CandidateImage
            ORDER BY NumberOfVotes DESC
        ')
 2 SYSTEMPATH\Database\BaseConnection.php(652): CodeIgniter\Database\BaseConnection->simpleQuery('
            SELECT 
                tvn.Candidate,
                tvn.CandidateImage,
            tvm.Description as PositionName,
                COUNT(tv.votetrnid) AS NumberOfVotes,
                (COUNT(tv.votetrnid)/\'6\') * 100 AS NumberOfVotesPercent
            FROM tblvotetrn tvn
            LEFT JOIN tblvote tv 
                ON tv.votetrnid = tvn.id
                AND IFNULL(tv.IsActive,0)=1
            WHERE tvn.votemstid = 1
            GROUP BY tvn.id, tvn.Candidate, tvn.CandidateImage
            ORDER BY NumberOfVotes DESC
        ')
 3 APPPATH\Controllers\Main.php(168): CodeIgniter\Database\BaseConnection->query('
            SELECT 
                tvn.Candidate,
                tvn.CandidateImage,
            tvm.Description as PositionName,
                COUNT(tv.votetrnid) AS NumberOfVotes,
                (COUNT(tv.votetrnid)/?) * 100 AS NumberOfVotesPercent
            FROM tblvotetrn tvn
            LEFT JOIN tblvote tv 
                ON tv.votetrnid = tvn.id
                AND IFNULL(tv.IsActive,0)=1
            WHERE tvn.votemstid = 1
            GROUP BY tvn.id, tvn.Candidate, tvn.CandidateImage
            ORDER BY NumberOfVotes DESC
        ', [...])
 4 SYSTEMPATH\CodeIgniter.php(933): App\Controllers\Main->getDashboarddata()
 5 SYSTEMPATH\CodeIgniter.php(507): CodeIgniter\CodeIgniter->runController(Object(App\Controllers\Main))
 6 SYSTEMPATH\CodeIgniter.php(354): CodeIgniter\CodeIgniter->handleRequest(null, Object(Config\Cache), false)
 7 SYSTEMPATH\Boot.php(334): CodeIgniter\CodeIgniter->run()
 8 SYSTEMPATH\Boot.php(67): CodeIgniter\Boot::runCodeIgniter(Object(CodeIgniter\CodeIgniter))
 9 FCPATH\index.php(56): CodeIgniter\Boot::bootWeb(Object(Config\Paths))
CRITICAL - 2026-05-15 22:56:45 --> [Caused by] mysqli_sql_exception: Unknown column 'tvm.Description' in 'field list'
in SYSTEMPATH\Database\MySQLi\Connection.php on line 327.
 1 SYSTEMPATH\Database\MySQLi\Connection.php(327): mysqli->query('
            SELECT 
                tvn.Candidate,
                tvn.CandidateImage,
            tvm.Description as PositionName,
                COUNT(tv.votetrnid) AS NumberOfVotes,
                (COUNT(tv.votetrnid)/\'6\') * 100 AS NumberOfVotesPercent
            FROM tblvotetrn tvn
            LEFT JOIN tblvote tv 
                ON tv.votetrnid = tvn.id
                AND IFNULL(tv.IsActive,0)=1
            WHERE tvn.votemstid = 1
            GROUP BY tvn.id, tvn.Candidate, tvn.CandidateImage
            ORDER BY NumberOfVotes DESC
        ', 0)
 2 SYSTEMPATH\Database\BaseConnection.php(738): CodeIgniter\Database\MySQLi\Connection->execute('
            SELECT 
                tvn.Candidate,
                tvn.CandidateImage,
            tvm.Description as PositionName,
                COUNT(tv.votetrnid) AS NumberOfVotes,
                (COUNT(tv.votetrnid)/\'6\') * 100 AS NumberOfVotesPercent
            FROM tblvotetrn tvn
            LEFT JOIN tblvote tv 
                ON tv.votetrnid = tvn.id
                AND IFNULL(tv.IsActive,0)=1
            WHERE tvn.votemstid = 1
            GROUP BY tvn.id, tvn.Candidate, tvn.CandidateImage
            ORDER BY NumberOfVotes DESC
        ')
 3 SYSTEMPATH\Database\BaseConnection.php(652): CodeIgniter\Database\BaseConnection->simpleQuery('
            SELECT 
                tvn.Candidate,
                tvn.CandidateImage,
            tvm.Description as PositionName,
                COUNT(tv.votetrnid) AS NumberOfVotes,
                (COUNT(tv.votetrnid)/\'6\') * 100 AS NumberOfVotesPercent
            FROM tblvotetrn tvn
            LEFT JOIN tblvote tv 
                ON tv.votetrnid = tvn.id
                AND IFNULL(tv.IsActive,0)=1
            WHERE tvn.votemstid = 1
            GROUP BY tvn.id, tvn.Candidate, tvn.CandidateImage
            ORDER BY NumberOfVotes DESC
        ')
 4 APPPATH\Controllers\Main.php(168): CodeIgniter\Database\BaseConnection->query('
            SELECT 
                tvn.Candidate,
                tvn.CandidateImage,
            tvm.Description as PositionName,
                COUNT(tv.votetrnid) AS NumberOfVotes,
                (COUNT(tv.votetrnid)/?) * 100 AS NumberOfVotesPercent
            FROM tblvotetrn tvn
            LEFT JOIN tblvote tv 
                ON tv.votetrnid = tvn.id
                AND IFNULL(tv.IsActive,0)=1
            WHERE tvn.votemstid = 1
            GROUP BY tvn.id, tvn.Candidate, tvn.CandidateImage
            ORDER BY NumberOfVotes DESC
        ', [...])
 5 SYSTEMPATH\CodeIgniter.php(933): App\Controllers\Main->getDashboarddata()
 6 SYSTEMPATH\CodeIgniter.php(507): CodeIgniter\CodeIgniter->runController(Object(App\Controllers\Main))
 7 SYSTEMPATH\CodeIgniter.php(354): CodeIgniter\CodeIgniter->handleRequest(null, Object(Config\Cache), false)
 8 SYSTEMPATH\Boot.php(334): CodeIgniter\CodeIgniter->run()
 9 SYSTEMPATH\Boot.php(67): CodeIgniter\Boot::runCodeIgniter(Object(CodeIgniter\CodeIgniter))
10 FCPATH\index.php(56): CodeIgniter\Boot::bootWeb(Object(Config\Paths))
DEBUG - 2026-05-15 22:56:55 --> Session: Class initialized using 'CodeIgniter\Session\Handlers\FileHandler' driver.
ERROR - 2026-05-15 22:56:55 --> mysqli_sql_exception: Unknown column 'tvm.Description' in 'field list' in C:\xampp\htdocs\gscgeavotingsystem\vendor\codeigniter4\framework\system\Database\MySQLi\Connection.php:327
Stack trace:
#0 C:\xampp\htdocs\gscgeavotingsystem\vendor\codeigniter4\framework\system\Database\MySQLi\Connection.php(327): mysqli->query('\r\n            S...', 0)
#1 C:\xampp\htdocs\gscgeavotingsystem\vendor\codeigniter4\framework\system\Database\BaseConnection.php(738): CodeIgniter\Database\MySQLi\Connection->execute('\r\n            S...')
#2 C:\xampp\htdocs\gscgeavotingsystem\vendor\codeigniter4\framework\system\Database\BaseConnection.php(652): CodeIgniter\Database\BaseConnection->simpleQuery('\r\n            S...')
#3 C:\xampp\htdocs\gscgeavotingsystem\app\Controllers\Main.php(168): CodeIgniter\Database\BaseConnection->query('\r\n            S...', Array)
#4 C:\xampp\htdocs\gscgeavotingsystem\vendor\codeigniter4\framework\system\CodeIgniter.php(933): App\Controllers\Main->getDashboarddata()
#5 C:\xampp\htdocs\gscgeavotingsystem\vendor\codeigniter4\framework\system\CodeIgniter.php(507): CodeIgniter\CodeIgniter->runController(Object(App\Controllers\Main))
#6 C:\xampp\htdocs\gscgeavotingsystem\vendor\codeigniter4\framework\system\CodeIgniter.php(354): CodeIgniter\CodeIgniter->handleRequest(NULL, Object(Config\Cache), false)
#7 C:\xampp\htdocs\gscgeavotingsystem\vendor\codeigniter4\framework\system\Boot.php(334): CodeIgniter\CodeIgniter->run()
#8 C:\xampp\htdocs\gscgeavotingsystem\vendor\codeigniter4\framework\system\Boot.php(67): CodeIgniter\Boot::runCodeIgniter(Object(CodeIgniter\CodeIgniter))
#9 C:\xampp\htdocs\gscgeavotingsystem\public\index.php(56): CodeIgniter\Boot::bootWeb(Object(Config\Paths))
#10 {main}
CRITICAL - 2026-05-15 22:56:55 --> CodeIgniter\Database\Exceptions\DatabaseException: Unknown column 'tvm.Description' in 'field list'
[Method: GET, Route: main/dashboarddata]
in SYSTEMPATH\Database\BaseConnection.php on line 692.
 1 APPPATH\Controllers\Main.php(168): CodeIgniter\Database\BaseConnection->query('
            SELECT 
                tvn.Candidate,
                tvn.CandidateImage,
            tvm.Description as PositionName,
                COUNT(tv.votetrnid) AS NumberOfVotes,
                (COUNT(tv.votetrnid)/?) * 100 AS NumberOfVotesPercent
            FROM tblvotetrn tvn
            LEFT JOIN tblvote tv 
                ON tv.votetrnid = tvn.id
                AND IFNULL(tv.IsActive,0)=1
            WHERE tvn.votemstid = 1
            GROUP BY tvn.id, tvn.Candidate, tvn.CandidateImage
            ORDER BY NumberOfVotes DESC
        ', [...])
 2 SYSTEMPATH\CodeIgniter.php(933): App\Controllers\Main->getDashboarddata()
 3 SYSTEMPATH\CodeIgniter.php(507): CodeIgniter\CodeIgniter->runController(Object(App\Controllers\Main))
 4 SYSTEMPATH\CodeIgniter.php(354): CodeIgniter\CodeIgniter->handleRequest(null, Object(Config\Cache), false)
 5 SYSTEMPATH\Boot.php(334): CodeIgniter\CodeIgniter->run()
 6 SYSTEMPATH\Boot.php(67): CodeIgniter\Boot::runCodeIgniter(Object(CodeIgniter\CodeIgniter))
 7 FCPATH\index.php(56): CodeIgniter\Boot::bootWeb(Object(Config\Paths))
CRITICAL - 2026-05-15 22:56:55 --> [Caused by] CodeIgniter\Database\Exceptions\DatabaseException: Unknown column 'tvm.Description' in 'field list'
in SYSTEMPATH\Database\MySQLi\Connection.php on line 332.
 1 SYSTEMPATH\Database\BaseConnection.php(738): CodeIgniter\Database\MySQLi\Connection->execute('
            SELECT 
                tvn.Candidate,
                tvn.CandidateImage,
            tvm.Description as PositionName,
                COUNT(tv.votetrnid) AS NumberOfVotes,
                (COUNT(tv.votetrnid)/\'6\') * 100 AS NumberOfVotesPercent
            FROM tblvotetrn tvn
            LEFT JOIN tblvote tv 
                ON tv.votetrnid = tvn.id
                AND IFNULL(tv.IsActive,0)=1
            WHERE tvn.votemstid = 1
            GROUP BY tvn.id, tvn.Candidate, tvn.CandidateImage
            ORDER BY NumberOfVotes DESC
        ')
 2 SYSTEMPATH\Database\BaseConnection.php(652): CodeIgniter\Database\BaseConnection->simpleQuery('
            SELECT 
                tvn.Candidate,
                tvn.CandidateImage,
            tvm.Description as PositionName,
                COUNT(tv.votetrnid) AS NumberOfVotes,
                (COUNT(tv.votetrnid)/\'6\') * 100 AS NumberOfVotesPercent
            FROM tblvotetrn tvn
            LEFT JOIN tblvote tv 
                ON tv.votetrnid = tvn.id
                AND IFNULL(tv.IsActive,0)=1
            WHERE tvn.votemstid = 1
            GROUP BY tvn.id, tvn.Candidate, tvn.CandidateImage
            ORDER BY NumberOfVotes DESC
        ')
 3 APPPATH\Controllers\Main.php(168): CodeIgniter\Database\BaseConnection->query('
            SELECT 
                tvn.Candidate,
                tvn.CandidateImage,
            tvm.Description as PositionName,
                COUNT(tv.votetrnid) AS NumberOfVotes,
                (COUNT(tv.votetrnid)/?) * 100 AS NumberOfVotesPercent
            FROM tblvotetrn tvn
            LEFT JOIN tblvote tv 
                ON tv.votetrnid = tvn.id
                AND IFNULL(tv.IsActive,0)=1
            WHERE tvn.votemstid = 1
            GROUP BY tvn.id, tvn.Candidate, tvn.CandidateImage
            ORDER BY NumberOfVotes DESC
        ', [...])
 4 SYSTEMPATH\CodeIgniter.php(933): App\Controllers\Main->getDashboarddata()
 5 SYSTEMPATH\CodeIgniter.php(507): CodeIgniter\CodeIgniter->runController(Object(App\Controllers\Main))
 6 SYSTEMPATH\CodeIgniter.php(354): CodeIgniter\CodeIgniter->handleRequest(null, Object(Config\Cache), false)
 7 SYSTEMPATH\Boot.php(334): CodeIgniter\CodeIgniter->run()
 8 SYSTEMPATH\Boot.php(67): CodeIgniter\Boot::runCodeIgniter(Object(CodeIgniter\CodeIgniter))
 9 FCPATH\index.php(56): CodeIgniter\Boot::bootWeb(Object(Config\Paths))
CRITICAL - 2026-05-15 22:56:55 --> [Caused by] mysqli_sql_exception: Unknown column 'tvm.Description' in 'field list'
in SYSTEMPATH\Database\MySQLi\Connection.php on line 327.
 1 SYSTEMPATH\Database\MySQLi\Connection.php(327): mysqli->query('
            SELECT 
                tvn.Candidate,
                tvn.CandidateImage,
            tvm.Description as PositionName,
                COUNT(tv.votetrnid) AS NumberOfVotes,
                (COUNT(tv.votetrnid)/\'6\') * 100 AS NumberOfVotesPercent
            FROM tblvotetrn tvn
            LEFT JOIN tblvote tv 
                ON tv.votetrnid = tvn.id
                AND IFNULL(tv.IsActive,0)=1
            WHERE tvn.votemstid = 1
            GROUP BY tvn.id, tvn.Candidate, tvn.CandidateImage
            ORDER BY NumberOfVotes DESC
        ', 0)
 2 SYSTEMPATH\Database\BaseConnection.php(738): CodeIgniter\Database\MySQLi\Connection->execute('
            SELECT 
                tvn.Candidate,
                tvn.CandidateImage,
            tvm.Description as PositionName,
                COUNT(tv.votetrnid) AS NumberOfVotes,
                (COUNT(tv.votetrnid)/\'6\') * 100 AS NumberOfVotesPercent
            FROM tblvotetrn tvn
            LEFT JOIN tblvote tv 
                ON tv.votetrnid = tvn.id
                AND IFNULL(tv.IsActive,0)=1
            WHERE tvn.votemstid = 1
            GROUP BY tvn.id, tvn.Candidate, tvn.CandidateImage
            ORDER BY NumberOfVotes DESC
        ')
 3 SYSTEMPATH\Database\BaseConnection.php(652): CodeIgniter\Database\BaseConnection->simpleQuery('
            SELECT 
                tvn.Candidate,
                tvn.CandidateImage,
            tvm.Description as PositionName,
                COUNT(tv.votetrnid) AS NumberOfVotes,
                (COUNT(tv.votetrnid)/\'6\') * 100 AS NumberOfVotesPercent
            FROM tblvotetrn tvn
            LEFT JOIN tblvote tv 
                ON tv.votetrnid = tvn.id
                AND IFNULL(tv.IsActive,0)=1
            WHERE tvn.votemstid = 1
            GROUP BY tvn.id, tvn.Candidate, tvn.CandidateImage
            ORDER BY NumberOfVotes DESC
        ')
 4 APPPATH\Controllers\Main.php(168): CodeIgniter\Database\BaseConnection->query('
            SELECT 
                tvn.Candidate,
                tvn.CandidateImage,
            tvm.Description as PositionName,
                COUNT(tv.votetrnid) AS NumberOfVotes,
                (COUNT(tv.votetrnid)/?) * 100 AS NumberOfVotesPercent
            FROM tblvotetrn tvn
            LEFT JOIN tblvote tv 
                ON tv.votetrnid = tvn.id
                AND IFNULL(tv.IsActive,0)=1
            WHERE tvn.votemstid = 1
            GROUP BY tvn.id, tvn.Candidate, tvn.CandidateImage
            ORDER BY NumberOfVotes DESC
        ', [...])
 5 SYSTEMPATH\CodeIgniter.php(933): App\Controllers\Main->getDashboarddata()
 6 SYSTEMPATH\CodeIgniter.php(507): CodeIgniter\CodeIgniter->runController(Object(App\Controllers\Main))
 7 SYSTEMPATH\CodeIgniter.php(354): CodeIgniter\CodeIgniter->handleRequest(null, Object(Config\Cache), false)
 8 SYSTEMPATH\Boot.php(334): CodeIgniter\CodeIgniter->run()
 9 SYSTEMPATH\Boot.php(67): CodeIgniter\Boot::runCodeIgniter(Object(CodeIgniter\CodeIgniter))
10 FCPATH\index.php(56): CodeIgniter\Boot::bootWeb(Object(Config\Paths))
DEBUG - 2026-05-15 22:57:05 --> Session: Class initialized using 'CodeIgniter\Session\Handlers\FileHandler' driver.
DEBUG - 2026-05-15 22:57:06 --> Session: Class initialized using 'CodeIgniter\Session\Handlers\FileHandler' driver.
DEBUG - 2026-05-15 22:57:09 --> Session: Class initialized using 'CodeIgniter\Session\Handlers\FileHandler' driver.
DEBUG - 2026-05-15 22:57:11 --> Session: Class initialized using 'CodeIgniter\Session\Handlers\FileHandler' driver.
DEBUG - 2026-05-15 22:57:11 --> Session: Class initialized using 'CodeIgniter\Session\Handlers\FileHandler' driver.
DEBUG - 2026-05-15 22:57:21 --> Session: Class initialized using 'CodeIgniter\Session\Handlers\FileHandler' driver.
DEBUG - 2026-05-15 22:57:31 --> Session: Class initialized using 'CodeIgniter\Session\Handlers\FileHandler' driver.
DEBUG - 2026-05-15 22:57:41 --> Session: Class initialized using 'CodeIgniter\Session\Handlers\FileHandler' driver.
DEBUG - 2026-05-15 22:57:52 --> Session: Class initialized using 'CodeIgniter\Session\Handlers\FileHandler' driver.
DEBUG - 2026-05-15 22:58:02 --> Session: Class initialized using 'CodeIgniter\Session\Handlers\FileHandler' driver.
DEBUG - 2026-05-15 22:58:12 --> Session: Class initialized using 'CodeIgniter\Session\Handlers\FileHandler' driver.
DEBUG - 2026-05-15 22:58:23 --> Session: Class initialized using 'CodeIgniter\Session\Handlers\FileHandler' driver.
DEBUG - 2026-05-15 22:58:33 --> Session: Class initialized using 'CodeIgniter\Session\Handlers\FileHandler' driver.
DEBUG - 2026-05-15 22:58:44 --> Session: Class initialized using 'CodeIgniter\Session\Handlers\FileHandler' driver.
DEBUG - 2026-05-15 22:58:54 --> Session: Class initialized using 'CodeIgniter\Session\Handlers\FileHandler' driver.
DEBUG - 2026-05-15 22:59:05 --> Session: Class initialized using 'CodeIgniter\Session\Handlers\FileHandler' driver.
DEBUG - 2026-05-15 22:59:15 --> Session: Class initialized using 'CodeIgniter\Session\Handlers\FileHandler' driver.
DEBUG - 2026-05-15 22:59:26 --> Session: Class initialized using 'CodeIgniter\Session\Handlers\FileHandler' driver.
DEBUG - 2026-05-15 22:59:37 --> Session: Class initialized using 'CodeIgniter\Session\Handlers\FileHandler' driver.
DEBUG - 2026-05-15 22:59:47 --> Session: Class initialized using 'CodeIgniter\Session\Handlers\FileHandler' driver.
DEBUG - 2026-05-15 22:59:58 --> Session: Class initialized using 'CodeIgniter\Session\Handlers\FileHandler' driver.
DEBUG - 2026-05-15 23:00:08 --> Session: Class initialized using 'CodeIgniter\Session\Handlers\FileHandler' driver.
DEBUG - 2026-05-15 23:00:18 --> Session: Class initialized using 'CodeIgniter\Session\Handlers\FileHandler' driver.
DEBUG - 2026-05-15 23:00:28 --> Session: Class initialized using 'CodeIgniter\Session\Handlers\FileHandler' driver.
DEBUG - 2026-05-15 23:00:38 --> Session: Class initialized using 'CodeIgniter\Session\Handlers\FileHandler' driver.
DEBUG - 2026-05-15 23:00:49 --> Session: Class initialized using 'CodeIgniter\Session\Handlers\FileHandler' driver.
DEBUG - 2026-05-15 23:00:59 --> Session: Class initialized using 'CodeIgniter\Session\Handlers\FileHandler' driver.
DEBUG - 2026-05-15 23:01:09 --> Session: Class initialized using 'CodeIgniter\Session\Handlers\FileHandler' driver.
DEBUG - 2026-05-15 23:01:19 --> Session: Class initialized using 'CodeIgniter\Session\Handlers\FileHandler' driver.
DEBUG - 2026-05-15 23:01:30 --> Session: Class initialized using 'CodeIgniter\Session\Handlers\FileHandler' driver.
DEBUG - 2026-05-15 23:01:41 --> Session: Class initialized using 'CodeIgniter\Session\Handlers\FileHandler' driver.
DEBUG - 2026-05-15 23:01:51 --> Session: Class initialized using 'CodeIgniter\Session\Handlers\FileHandler' driver.
DEBUG - 2026-05-15 23:02:02 --> Session: Class initialized using 'CodeIgniter\Session\Handlers\FileHandler' driver.
DEBUG - 2026-05-15 23:02:12 --> Session: Class initialized using 'CodeIgniter\Session\Handlers\FileHandler' driver.
DEBUG - 2026-05-15 23:02:23 --> Session: Class initialized using 'CodeIgniter\Session\Handlers\FileHandler' driver.
DEBUG - 2026-05-15 23:02:33 --> Session: Class initialized using 'CodeIgniter\Session\Handlers\FileHandler' driver.
DEBUG - 2026-05-15 23:02:44 --> Session: Class initialized using 'CodeIgniter\Session\Handlers\FileHandler' driver.
DEBUG - 2026-05-15 23:02:54 --> Session: Class initialized using 'CodeIgniter\Session\Handlers\FileHandler' driver.
DEBUG - 2026-05-15 23:03:05 --> Session: Class initialized using 'CodeIgniter\Session\Handlers\FileHandler' driver.
DEBUG - 2026-05-15 23:03:15 --> Session: Class initialized using 'CodeIgniter\Session\Handlers\FileHandler' driver.
DEBUG - 2026-05-15 23:03:25 --> Session: Class initialized using 'CodeIgniter\Session\Handlers\FileHandler' driver.
DEBUG - 2026-05-15 23:03:36 --> Session: Class initialized using 'CodeIgniter\Session\Handlers\FileHandler' driver.
DEBUG - 2026-05-15 23:03:47 --> Session: Class initialized using 'CodeIgniter\Session\Handlers\FileHandler' driver.
DEBUG - 2026-05-15 23:03:57 --> Session: Class initialized using 'CodeIgniter\Session\Handlers\FileHandler' driver.
DEBUG - 2026-05-15 23:04:08 --> Session: Class initialized using 'CodeIgniter\Session\Handlers\FileHandler' driver.
DEBUG - 2026-05-15 23:04:19 --> Session: Class initialized using 'CodeIgniter\Session\Handlers\FileHandler' driver.
DEBUG - 2026-05-15 23:04:29 --> Session: Class initialized using 'CodeIgniter\Session\Handlers\FileHandler' driver.
DEBUG - 2026-05-15 23:04:39 --> Session: Class initialized using 'CodeIgniter\Session\Handlers\FileHandler' driver.
DEBUG - 2026-05-15 23:04:50 --> Session: Class initialized using 'CodeIgniter\Session\Handlers\FileHandler' driver.
DEBUG - 2026-05-15 23:05:01 --> Session: Class initialized using 'CodeIgniter\Session\Handlers\FileHandler' driver.
DEBUG - 2026-05-15 23:05:11 --> Session: Class initialized using 'CodeIgniter\Session\Handlers\FileHandler' driver.
DEBUG - 2026-05-15 23:05:21 --> Session: Class initialized using 'CodeIgniter\Session\Handlers\FileHandler' driver.
DEBUG - 2026-05-15 23:05:32 --> Session: Class initialized using 'CodeIgniter\Session\Handlers\FileHandler' driver.
DEBUG - 2026-05-15 23:05:42 --> Session: Class initialized using 'CodeIgniter\Session\Handlers\FileHandler' driver.
DEBUG - 2026-05-15 23:05:53 --> Session: Class initialized using 'CodeIgniter\Session\Handlers\FileHandler' driver.
DEBUG - 2026-05-15 23:06:04 --> Session: Class initialized using 'CodeIgniter\Session\Handlers\FileHandler' driver.
DEBUG - 2026-05-15 23:06:14 --> Session: Class initialized using 'CodeIgniter\Session\Handlers\FileHandler' driver.
DEBUG - 2026-05-15 23:06:25 --> Session: Class initialized using 'CodeIgniter\Session\Handlers\FileHandler' driver.
DEBUG - 2026-05-15 23:06:35 --> Session: Class initialized using 'CodeIgniter\Session\Handlers\FileHandler' driver.
DEBUG - 2026-05-15 23:06:45 --> Session: Class initialized using 'CodeIgniter\Session\Handlers\FileHandler' driver.
DEBUG - 2026-05-15 23:06:56 --> Session: Class initialized using 'CodeIgniter\Session\Handlers\FileHandler' driver.
DEBUG - 2026-05-15 23:07:06 --> Session: Class initialized using 'CodeIgniter\Session\Handlers\FileHandler' driver.
DEBUG - 2026-05-15 23:07:16 --> Session: Class initialized using 'CodeIgniter\Session\Handlers\FileHandler' driver.
DEBUG - 2026-05-15 23:07:27 --> Session: Class initialized using 'CodeIgniter\Session\Handlers\FileHandler' driver.
DEBUG - 2026-05-15 23:07:37 --> Session: Class initialized using 'CodeIgniter\Session\Handlers\FileHandler' driver.
DEBUG - 2026-05-15 23:07:48 --> Session: Class initialized using 'CodeIgniter\Session\Handlers\FileHandler' driver.
DEBUG - 2026-05-15 23:07:58 --> Session: Class initialized using 'CodeIgniter\Session\Handlers\FileHandler' driver.
DEBUG - 2026-05-15 23:08:09 --> Session: Class initialized using 'CodeIgniter\Session\Handlers\FileHandler' driver.
DEBUG - 2026-05-15 23:08:19 --> Session: Class initialized using 'CodeIgniter\Session\Handlers\FileHandler' driver.
DEBUG - 2026-05-15 23:08:29 --> Session: Class initialized using 'CodeIgniter\Session\Handlers\FileHandler' driver.
DEBUG - 2026-05-15 23:08:39 --> Session: Class initialized using 'CodeIgniter\Session\Handlers\FileHandler' driver.
DEBUG - 2026-05-15 23:08:49 --> Session: Class initialized using 'CodeIgniter\Session\Handlers\FileHandler' driver.
DEBUG - 2026-05-15 23:09:00 --> Session: Class initialized using 'CodeIgniter\Session\Handlers\FileHandler' driver.
DEBUG - 2026-05-15 23:09:11 --> Session: Class initialized using 'CodeIgniter\Session\Handlers\FileHandler' driver.
DEBUG - 2026-05-15 23:09:21 --> Session: Class initialized using 'CodeIgniter\Session\Handlers\FileHandler' driver.
DEBUG - 2026-05-15 23:09:32 --> Session: Class initialized using 'CodeIgniter\Session\Handlers\FileHandler' driver.
DEBUG - 2026-05-15 23:09:42 --> Session: Class initialized using 'CodeIgniter\Session\Handlers\FileHandler' driver.
DEBUG - 2026-05-15 23:09:52 --> Session: Class initialized using 'CodeIgniter\Session\Handlers\FileHandler' driver.
DEBUG - 2026-05-15 23:10:02 --> Session: Class initialized using 'CodeIgniter\Session\Handlers\FileHandler' driver.
DEBUG - 2026-05-15 23:10:13 --> Session: Class initialized using 'CodeIgniter\Session\Handlers\FileHandler' driver.
DEBUG - 2026-05-15 23:10:23 --> Session: Class initialized using 'CodeIgniter\Session\Handlers\FileHandler' driver.
DEBUG - 2026-05-15 23:10:34 --> Session: Class initialized using 'CodeIgniter\Session\Handlers\FileHandler' driver.
DEBUG - 2026-05-15 23:10:41 --> Session: Class initialized using 'CodeIgniter\Session\Handlers\FileHandler' driver.
DEBUG - 2026-05-15 23:10:43 --> Session: Class initialized using 'CodeIgniter\Session\Handlers\FileHandler' driver.
DEBUG - 2026-05-15 23:10:44 --> Session: Class initialized using 'CodeIgniter\Session\Handlers\FileHandler' driver.
DEBUG - 2026-05-15 23:10:53 --> Session: Class initialized using 'CodeIgniter\Session\Handlers\FileHandler' driver.
DEBUG - 2026-05-15 23:11:05 --> Session: Class initialized using 'CodeIgniter\Session\Handlers\FileHandler' driver.
DEBUG - 2026-05-15 23:11:15 --> Session: Class initialized using 'CodeIgniter\Session\Handlers\FileHandler' driver.
DEBUG - 2026-05-15 23:11:18 --> Session: Class initialized using 'CodeIgniter\Session\Handlers\FileHandler' driver.
DEBUG - 2026-05-15 23:11:19 --> Session: Class initialized using 'CodeIgniter\Session\Handlers\FileHandler' driver.
DEBUG - 2026-05-15 23:11:19 --> Session: Class initialized using 'CodeIgniter\Session\Handlers\FileHandler' driver.
DEBUG - 2026-05-15 23:11:29 --> Session: Class initialized using 'CodeIgniter\Session\Handlers\FileHandler' driver.
DEBUG - 2026-05-15 23:11:40 --> Session: Class initialized using 'CodeIgniter\Session\Handlers\FileHandler' driver.
DEBUG - 2026-05-15 23:11:50 --> Session: Class initialized using 'CodeIgniter\Session\Handlers\FileHandler' driver.
DEBUG - 2026-05-15 23:12:01 --> Session: Class initialized using 'CodeIgniter\Session\Handlers\FileHandler' driver.
DEBUG - 2026-05-15 23:12:11 --> Session: Class initialized using 'CodeIgniter\Session\Handlers\FileHandler' driver.
DEBUG - 2026-05-15 23:12:21 --> Session: Class initialized using 'CodeIgniter\Session\Handlers\FileHandler' driver.
DEBUG - 2026-05-15 23:12:32 --> Session: Class initialized using 'CodeIgniter\Session\Handlers\FileHandler' driver.
DEBUG - 2026-05-15 23:12:42 --> Session: Class initialized using 'CodeIgniter\Session\Handlers\FileHandler' driver.
DEBUG - 2026-05-15 23:12:53 --> Session: Class initialized using 'CodeIgniter\Session\Handlers\FileHandler' driver.
DEBUG - 2026-05-15 23:13:01 --> Session: Class initialized using 'CodeIgniter\Session\Handlers\FileHandler' driver.
DEBUG - 2026-05-15 23:13:02 --> Session: Class initialized using 'CodeIgniter\Session\Handlers\FileHandler' driver.
DEBUG - 2026-05-15 23:13:02 --> Session: Class initialized using 'CodeIgniter\Session\Handlers\FileHandler' driver.
DEBUG - 2026-05-15 23:13:12 --> Session: Class initialized using 'CodeIgniter\Session\Handlers\FileHandler' driver.
DEBUG - 2026-05-15 23:13:22 --> Session: Class initialized using 'CodeIgniter\Session\Handlers\FileHandler' driver.
DEBUG - 2026-05-15 23:13:33 --> Session: Class initialized using 'CodeIgniter\Session\Handlers\FileHandler' driver.
DEBUG - 2026-05-15 23:13:43 --> Session: Class initialized using 'CodeIgniter\Session\Handlers\FileHandler' driver.
DEBUG - 2026-05-15 23:13:54 --> Session: Class initialized using 'CodeIgniter\Session\Handlers\FileHandler' driver.
DEBUG - 2026-05-15 23:14:04 --> Session: Class initialized using 'CodeIgniter\Session\Handlers\FileHandler' driver.
DEBUG - 2026-05-15 23:14:15 --> Session: Class initialized using 'CodeIgniter\Session\Handlers\FileHandler' driver.
DEBUG - 2026-05-15 23:14:25 --> Session: Class initialized using 'CodeIgniter\Session\Handlers\FileHandler' driver.
DEBUG - 2026-05-15 23:14:36 --> Session: Class initialized using 'CodeIgniter\Session\Handlers\FileHandler' driver.
DEBUG - 2026-05-15 23:14:46 --> Session: Class initialized using 'CodeIgniter\Session\Handlers\FileHandler' driver.
DEBUG - 2026-05-15 23:14:57 --> Session: Class initialized using 'CodeIgniter\Session\Handlers\FileHandler' driver.
DEBUG - 2026-05-15 23:15:07 --> Session: Class initialized using 'CodeIgniter\Session\Handlers\FileHandler' driver.
DEBUG - 2026-05-15 23:15:08 --> Session: Class initialized using 'CodeIgniter\Session\Handlers\FileHandler' driver.
DEBUG - 2026-05-15 23:15:09 --> Session: Class initialized using 'CodeIgniter\Session\Handlers\FileHandler' driver.
DEBUG - 2026-05-15 23:15:09 --> Session: Class initialized using 'CodeIgniter\Session\Handlers\FileHandler' driver.
DEBUG - 2026-05-15 23:15:19 --> Session: Class initialized using 'CodeIgniter\Session\Handlers\FileHandler' driver.
DEBUG - 2026-05-15 23:15:30 --> Session: Class initialized using 'CodeIgniter\Session\Handlers\FileHandler' driver.
DEBUG - 2026-05-15 23:15:40 --> Session: Class initialized using 'CodeIgniter\Session\Handlers\FileHandler' driver.
DEBUG - 2026-05-15 23:15:51 --> Session: Class initialized using 'CodeIgniter\Session\Handlers\FileHandler' driver.
DEBUG - 2026-05-15 23:15:56 --> Session: Class initialized using 'CodeIgniter\Session\Handlers\FileHandler' driver.
DEBUG - 2026-05-15 23:15:57 --> Session: Class initialized using 'CodeIgniter\Session\Handlers\FileHandler' driver.
DEBUG - 2026-05-15 23:15:57 --> Session: Class initialized using 'CodeIgniter\Session\Handlers\FileHandler' driver.
DEBUG - 2026-05-15 23:16:03 --> Session: Class initialized using 'CodeIgniter\Session\Handlers\FileHandler' driver.
DEBUG - 2026-05-15 23:16:04 --> Session: Class initialized using 'CodeIgniter\Session\Handlers\FileHandler' driver.
DEBUG - 2026-05-15 23:16:04 --> Session: Class initialized using 'CodeIgniter\Session\Handlers\FileHandler' driver.
DEBUG - 2026-05-15 23:16:15 --> Session: Class initialized using 'CodeIgniter\Session\Handlers\FileHandler' driver.
DEBUG - 2026-05-15 23:16:25 --> Session: Class initialized using 'CodeIgniter\Session\Handlers\FileHandler' driver.
DEBUG - 2026-05-15 23:16:36 --> Session: Class initialized using 'CodeIgniter\Session\Handlers\FileHandler' driver.
