DEBUG - 2026-05-16 08:06:20 --> Session: Class initialized using 'CodeIgniter\Session\Handlers\FileHandler' driver.
DEBUG - 2026-05-16 08:06:20 --> Session: Class initialized using 'CodeIgniter\Session\Handlers\FileHandler' driver.
DEBUG - 2026-05-16 08:06:20 --> Session: Class initialized using 'CodeIgniter\Session\Handlers\FileHandler' driver.
DEBUG - 2026-05-16 08:06:20 --> Session: Class initialized using 'CodeIgniter\Session\Handlers\FileHandler' driver.
DEBUG - 2026-05-16 08:06:20 --> Session: Class initialized using 'CodeIgniter\Session\Handlers\FileHandler' driver.
DEBUG - 2026-05-16 08:06:20 --> Session: Class initialized using 'CodeIgniter\Session\Handlers\FileHandler' driver.
DEBUG - 2026-05-16 08:06:20 --> Session: Class initialized using 'CodeIgniter\Session\Handlers\FileHandler' driver.
DEBUG - 2026-05-16 08:06:22 --> Session: Class initialized using 'CodeIgniter\Session\Handlers\FileHandler' driver.
DEBUG - 2026-05-16 08:06:22 --> Session: Class initialized using 'CodeIgniter\Session\Handlers\FileHandler' driver.
DEBUG - 2026-05-16 08:06:32 --> Session: Class initialized using 'CodeIgniter\Session\Handlers\FileHandler' driver.
DEBUG - 2026-05-16 08:06:43 --> Session: Class initialized using 'CodeIgniter\Session\Handlers\FileHandler' driver.
DEBUG - 2026-05-16 08:06:53 --> Session: Class initialized using 'CodeIgniter\Session\Handlers\FileHandler' driver.
DEBUG - 2026-05-16 08:07:04 --> Session: Class initialized using 'CodeIgniter\Session\Handlers\FileHandler' driver.
DEBUG - 2026-05-16 08:07:14 --> Session: Class initialized using 'CodeIgniter\Session\Handlers\FileHandler' driver.
DEBUG - 2026-05-16 08:07:24 --> Session: Class initialized using 'CodeIgniter\Session\Handlers\FileHandler' driver.
DEBUG - 2026-05-16 08:07:31 --> Session: Class initialized using 'CodeIgniter\Session\Handlers\FileHandler' driver.
WARNING - 2026-05-16 08:07:31 --> [DEPRECATED] Creation of dynamic property CodeIgniter\Shield\Controllers\LoginController::$db is deprecated in APPPATH\Controllers\BaseController.php on line 57.
 1 SYSTEMPATH\CodeIgniter.php(904): App\Controllers\BaseController->initController(Object(CodeIgniter\HTTP\IncomingRequest), Object(CodeIgniter\HTTP\Response), Object(CodeIgniter\Log\Logger))
 2 SYSTEMPATH\CodeIgniter.php(498): CodeIgniter\CodeIgniter->createController()
 3 SYSTEMPATH\CodeIgniter.php(354): CodeIgniter\CodeIgniter->handleRequest(null, Object(Config\Cache), false)
 4 SYSTEMPATH\Boot.php(334): CodeIgniter\CodeIgniter->run()
 5 SYSTEMPATH\Boot.php(67): CodeIgniter\Boot::runCodeIgniter(Object(CodeIgniter\CodeIgniter))
 6 FCPATH\index.php(56): CodeIgniter\Boot::bootWeb(Object(Config\Paths))
DEBUG - 2026-05-16 08:07:31 --> Session: Class initialized using 'CodeIgniter\Session\Handlers\FileHandler' driver.
DEBUG - 2026-05-16 08:07:32 --> Session: Class initialized using 'CodeIgniter\Session\Handlers\FileHandler' driver.
WARNING - 2026-05-16 08:07:39 --> [DEPRECATED] Creation of dynamic property CodeIgniter\Shield\Controllers\LoginController::$db is deprecated in APPPATH\Controllers\BaseController.php on line 57.
 1 SYSTEMPATH\CodeIgniter.php(904): App\Controllers\BaseController->initController(Object(CodeIgniter\HTTP\IncomingRequest), Object(CodeIgniter\HTTP\Response), Object(CodeIgniter\Log\Logger))
 2 SYSTEMPATH\CodeIgniter.php(498): CodeIgniter\CodeIgniter->createController()
 3 SYSTEMPATH\CodeIgniter.php(354): CodeIgniter\CodeIgniter->handleRequest(null, Object(Config\Cache), false)
 4 SYSTEMPATH\Boot.php(334): CodeIgniter\CodeIgniter->run()
 5 SYSTEMPATH\Boot.php(67): CodeIgniter\Boot::runCodeIgniter(Object(CodeIgniter\CodeIgniter))
 6 FCPATH\index.php(56): CodeIgniter\Boot::bootWeb(Object(Config\Paths))
DEBUG - 2026-05-16 08:07:40 --> Session: Class initialized using 'CodeIgniter\Session\Handlers\FileHandler' driver.
DEBUG - 2026-05-16 08:07:40 --> Session: Class initialized using 'CodeIgniter\Session\Handlers\FileHandler' driver.
WARNING - 2026-05-16 08:08:57 --> [DEPRECATED] Creation of dynamic property CodeIgniter\Shield\Controllers\LoginController::$db is deprecated in APPPATH\Controllers\BaseController.php on line 57.
 1 SYSTEMPATH\CodeIgniter.php(904): App\Controllers\BaseController->initController(Object(CodeIgniter\HTTP\IncomingRequest), Object(CodeIgniter\HTTP\Response), Object(CodeIgniter\Log\Logger))
 2 SYSTEMPATH\CodeIgniter.php(498): CodeIgniter\CodeIgniter->createController()
 3 SYSTEMPATH\CodeIgniter.php(354): CodeIgniter\CodeIgniter->handleRequest(null, Object(Config\Cache), false)
 4 SYSTEMPATH\Boot.php(334): CodeIgniter\CodeIgniter->run()
 5 SYSTEMPATH\Boot.php(67): CodeIgniter\Boot::runCodeIgniter(Object(CodeIgniter\CodeIgniter))
 6 FCPATH\index.php(56): CodeIgniter\Boot::bootWeb(Object(Config\Paths))
DEBUG - 2026-05-16 08:08:57 --> Session: Class initialized using 'CodeIgniter\Session\Handlers\FileHandler' driver.
DEBUG - 2026-05-16 08:08:57 --> Session: Class initialized using 'CodeIgniter\Session\Handlers\FileHandler' driver.
DEBUG - 2026-05-16 08:08:58 --> Session: Class initialized using 'CodeIgniter\Session\Handlers\FileHandler' driver.
DEBUG - 2026-05-16 08:08:59 --> Session: Class initialized using 'CodeIgniter\Session\Handlers\FileHandler' driver.
DEBUG - 2026-05-16 08:09:00 --> Session: Class initialized using 'CodeIgniter\Session\Handlers\FileHandler' driver.
DEBUG - 2026-05-16 08:09:09 --> Session: Class initialized using 'CodeIgniter\Session\Handlers\FileHandler' driver.
WARNING - 2026-05-16 08:09:10 --> [DEPRECATED] Creation of dynamic property CodeIgniter\Shield\Controllers\LoginController::$db is deprecated in APPPATH\Controllers\BaseController.php on line 57.
 1 SYSTEMPATH\CodeIgniter.php(904): App\Controllers\BaseController->initController(Object(CodeIgniter\HTTP\IncomingRequest), Object(CodeIgniter\HTTP\Response), Object(CodeIgniter\Log\Logger))
 2 SYSTEMPATH\CodeIgniter.php(498): CodeIgniter\CodeIgniter->createController()
 3 SYSTEMPATH\CodeIgniter.php(354): CodeIgniter\CodeIgniter->handleRequest(null, Object(Config\Cache), false)
 4 SYSTEMPATH\Boot.php(334): CodeIgniter\CodeIgniter->run()
 5 SYSTEMPATH\Boot.php(67): CodeIgniter\Boot::runCodeIgniter(Object(CodeIgniter\CodeIgniter))
 6 FCPATH\index.php(56): CodeIgniter\Boot::bootWeb(Object(Config\Paths))
DEBUG - 2026-05-16 08:09:10 --> Session: Class initialized using 'CodeIgniter\Session\Handlers\FileHandler' driver.
DEBUG - 2026-05-16 08:09:11 --> Session: Class initialized using 'CodeIgniter\Session\Handlers\FileHandler' driver.
DEBUG - 2026-05-16 08:09:11 --> Session: Class initialized using 'CodeIgniter\Session\Handlers\FileHandler' driver.
DEBUG - 2026-05-16 08:09:13 --> Session: Class initialized using 'CodeIgniter\Session\Handlers\FileHandler' driver.
DEBUG - 2026-05-16 08:09:13 --> Session: Class initialized using 'CodeIgniter\Session\Handlers\FileHandler' driver.
DEBUG - 2026-05-16 08:09:23 --> Session: Class initialized using 'CodeIgniter\Session\Handlers\FileHandler' driver.
DEBUG - 2026-05-16 08:09:34 --> Session: Class initialized using 'CodeIgniter\Session\Handlers\FileHandler' driver.
DEBUG - 2026-05-16 08:09:45 --> Session: Class initialized using 'CodeIgniter\Session\Handlers\FileHandler' driver.
DEBUG - 2026-05-16 08:09:55 --> Session: Class initialized using 'CodeIgniter\Session\Handlers\FileHandler' driver.
DEBUG - 2026-05-16 08:10:06 --> Session: Class initialized using 'CodeIgniter\Session\Handlers\FileHandler' driver.
DEBUG - 2026-05-16 08:10:17 --> Session: Class initialized using 'CodeIgniter\Session\Handlers\FileHandler' driver.
DEBUG - 2026-05-16 08:10:27 --> Session: Class initialized using 'CodeIgniter\Session\Handlers\FileHandler' driver.
DEBUG - 2026-05-16 08:10:37 --> Session: Class initialized using 'CodeIgniter\Session\Handlers\FileHandler' driver.
DEBUG - 2026-05-16 08:10:54 --> Session: Class initialized using 'CodeIgniter\Session\Handlers\FileHandler' driver.
DEBUG - 2026-05-16 08:10:55 --> Session: Class initialized using 'CodeIgniter\Session\Handlers\FileHandler' driver.
DEBUG - 2026-05-16 08:10:55 --> Session: Class initialized using 'CodeIgniter\Session\Handlers\FileHandler' driver.
DEBUG - 2026-05-16 08:11:30 --> Session: Class initialized using 'CodeIgniter\Session\Handlers\FileHandler' driver.
DEBUG - 2026-05-16 08:11:30 --> Session: Class initialized using 'CodeIgniter\Session\Handlers\FileHandler' driver.
DEBUG - 2026-05-16 08:11:30 --> Session: Class initialized using 'CodeIgniter\Session\Handlers\FileHandler' driver.
DEBUG - 2026-05-16 08:11:31 --> Session: Class initialized using 'CodeIgniter\Session\Handlers\FileHandler' driver.
DEBUG - 2026-05-16 08:11:31 --> Session: Class initialized using 'CodeIgniter\Session\Handlers\FileHandler' driver.
DEBUG - 2026-05-16 08:11:32 --> Session: Class initialized using 'CodeIgniter\Session\Handlers\FileHandler' driver.
DEBUG - 2026-05-16 08:11:34 --> Session: Class initialized using 'CodeIgniter\Session\Handlers\FileHandler' driver.
DEBUG - 2026-05-16 08:11:36 --> Session: Class initialized using 'CodeIgniter\Session\Handlers\FileHandler' driver.
DEBUG - 2026-05-16 08:11:36 --> Session: Class initialized using 'CodeIgniter\Session\Handlers\FileHandler' driver.
DEBUG - 2026-05-16 08:11:46 --> Session: Class initialized using 'CodeIgniter\Session\Handlers\FileHandler' driver.
DEBUG - 2026-05-16 08:11:57 --> Session: Class initialized using 'CodeIgniter\Session\Handlers\FileHandler' driver.
DEBUG - 2026-05-16 08:12:07 --> Session: Class initialized using 'CodeIgniter\Session\Handlers\FileHandler' driver.
DEBUG - 2026-05-16 08:12:18 --> Session: Class initialized using 'CodeIgniter\Session\Handlers\FileHandler' driver.
DEBUG - 2026-05-16 08:12:28 --> Session: Class initialized using 'CodeIgniter\Session\Handlers\FileHandler' driver.
DEBUG - 2026-05-16 08:12:32 --> Session: Class initialized using 'CodeIgniter\Session\Handlers\FileHandler' driver.
DEBUG - 2026-05-16 08:12:33 --> Session: Class initialized using 'CodeIgniter\Session\Handlers\FileHandler' driver.
DEBUG - 2026-05-16 08:12:33 --> Session: Class initialized using 'CodeIgniter\Session\Handlers\FileHandler' driver.
DEBUG - 2026-05-16 08:12:43 --> Session: Class initialized using 'CodeIgniter\Session\Handlers\FileHandler' driver.
DEBUG - 2026-05-16 08:20:58 --> Session: Class initialized using 'CodeIgniter\Session\Handlers\FileHandler' driver.
CRITICAL - 2026-05-16 08:20:58 --> CodeIgniter\View\Exceptions\ViewException: Invalid file: "vote.php"
[Method: GET, Route: vote/votelist]
in SYSTEMPATH\Exceptions\FrameworkException.php on line 39.
 1 SYSTEMPATH\View\View.php(212): CodeIgniter\Exceptions\FrameworkException::forInvalidFile('vote.php')
 2 SYSTEMPATH\Common.php(1173): CodeIgniter\View\View->render('vote', [], true)
 3 APPPATH\Views\main.php(204): view('vote', [])
 4 SYSTEMPATH\View\View.php(224): include('C:\\xampp\\htdocs\\gscgeavotingsystem\\app\\Views\\main.php')
 5 SYSTEMPATH\View\View.php(227): CodeIgniter\View\View->{closure:CodeIgniter\View\View::render():221}()
 6 SYSTEMPATH\Common.php(1173): CodeIgniter\View\View->render('main', [], true)
 7 APPPATH\Controllers\Vote.php(601): view('main', [...])
 8 SYSTEMPATH\CodeIgniter.php(933): App\Controllers\Vote->getVotelist()
 9 SYSTEMPATH\CodeIgniter.php(507): CodeIgniter\CodeIgniter->runController(Object(App\Controllers\Vote))
10 SYSTEMPATH\CodeIgniter.php(354): CodeIgniter\CodeIgniter->handleRequest(null, Object(Config\Cache), false)
11 SYSTEMPATH\Boot.php(334): CodeIgniter\CodeIgniter->run()
12 SYSTEMPATH\Boot.php(67): CodeIgniter\Boot::runCodeIgniter(Object(CodeIgniter\CodeIgniter))
13 FCPATH\index.php(56): CodeIgniter\Boot::bootWeb(Object(Config\Paths))
DEBUG - 2026-05-16 08:24:19 --> Session: Class initialized using 'CodeIgniter\Session\Handlers\FileHandler' driver.
CRITICAL - 2026-05-16 08:24:23 --> ErrorException: Undefined property: CodeIgniter\View\View::$ion_auth
[Method: GET, Route: vote/votelist]
in APPPATH\Views\vote.php on line 7.
 1 APPPATH\Views\vote.php(7): CodeIgniter\Debug\Exceptions->errorHandler(2, 'Undefined property: CodeIgniter\\View\\View::$ion_auth', 'C:\\xampp\\htdocs\\gscgeavotingsystem\\app\\Views\\vote.php', 7)
 2 SYSTEMPATH\View\View.php(224): include('C:\\xampp\\htdocs\\gscgeavotingsystem\\app\\Views\\vote.php')
 3 SYSTEMPATH\View\View.php(227): CodeIgniter\View\View->{closure:CodeIgniter\View\View::render():221}()
 4 SYSTEMPATH\Common.php(1173): CodeIgniter\View\View->render('vote', [], true)
 5 APPPATH\Views\main.php(204): view('vote', [])
 6 SYSTEMPATH\View\View.php(224): include('C:\\xampp\\htdocs\\gscgeavotingsystem\\app\\Views\\main.php')
 7 SYSTEMPATH\View\View.php(227): CodeIgniter\View\View->{closure:CodeIgniter\View\View::render():221}()
 8 SYSTEMPATH\Common.php(1173): CodeIgniter\View\View->render('main', [], true)
 9 APPPATH\Controllers\Vote.php(601): view('main', [...])
10 SYSTEMPATH\CodeIgniter.php(933): App\Controllers\Vote->getVotelist()
11 SYSTEMPATH\CodeIgniter.php(507): CodeIgniter\CodeIgniter->runController(Object(App\Controllers\Vote))
12 SYSTEMPATH\CodeIgniter.php(354): CodeIgniter\CodeIgniter->handleRequest(null, Object(Config\Cache), false)
13 SYSTEMPATH\Boot.php(334): CodeIgniter\CodeIgniter->run()
14 SYSTEMPATH\Boot.php(67): CodeIgniter\Boot::runCodeIgniter(Object(CodeIgniter\CodeIgniter))
15 FCPATH\index.php(56): CodeIgniter\Boot::bootWeb(Object(Config\Paths))
DEBUG - 2026-05-16 08:25:46 --> Session: Class initialized using 'CodeIgniter\Session\Handlers\FileHandler' driver.
CRITICAL - 2026-05-16 08:25:46 --> ErrorException: Undefined property: CodeIgniter\View\View::$ion_auth
[Method: GET, Route: vote/votelist]
in APPPATH\Views\vote.php on line 18.
 1 APPPATH\Views\vote.php(18): CodeIgniter\Debug\Exceptions->errorHandler(2, 'Undefined property: CodeIgniter\\View\\View::$ion_auth', 'C:\\xampp\\htdocs\\gscgeavotingsystem\\app\\Views\\vote.php', 18)
 2 SYSTEMPATH\View\View.php(224): include('C:\\xampp\\htdocs\\gscgeavotingsystem\\app\\Views\\vote.php')
 3 SYSTEMPATH\View\View.php(227): CodeIgniter\View\View->{closure:CodeIgniter\View\View::render():221}()
 4 SYSTEMPATH\Common.php(1173): CodeIgniter\View\View->render('vote', [], true)
 5 APPPATH\Views\main.php(204): view('vote', [])
 6 SYSTEMPATH\View\View.php(224): include('C:\\xampp\\htdocs\\gscgeavotingsystem\\app\\Views\\main.php')
 7 SYSTEMPATH\View\View.php(227): CodeIgniter\View\View->{closure:CodeIgniter\View\View::render():221}()
 8 SYSTEMPATH\Common.php(1173): CodeIgniter\View\View->render('main', [], true)
 9 APPPATH\Controllers\Vote.php(601): view('main', [...])
10 SYSTEMPATH\CodeIgniter.php(933): App\Controllers\Vote->getVotelist()
11 SYSTEMPATH\CodeIgniter.php(507): CodeIgniter\CodeIgniter->runController(Object(App\Controllers\Vote))
12 SYSTEMPATH\CodeIgniter.php(354): CodeIgniter\CodeIgniter->handleRequest(null, Object(Config\Cache), false)
13 SYSTEMPATH\Boot.php(334): CodeIgniter\CodeIgniter->run()
14 SYSTEMPATH\Boot.php(67): CodeIgniter\Boot::runCodeIgniter(Object(CodeIgniter\CodeIgniter))
15 FCPATH\index.php(56): CodeIgniter\Boot::bootWeb(Object(Config\Paths))
DEBUG - 2026-05-16 08:26:46 --> Session: Class initialized using 'CodeIgniter\Session\Handlers\FileHandler' driver.
DEBUG - 2026-05-16 08:26:51 --> Session: Class initialized using 'CodeIgniter\Session\Handlers\FileHandler' driver.
DEBUG - 2026-05-16 08:26:58 --> Session: Class initialized using 'CodeIgniter\Session\Handlers\FileHandler' driver.
DEBUG - 2026-05-16 08:27:00 --> Session: Class initialized using 'CodeIgniter\Session\Handlers\FileHandler' driver.
DEBUG - 2026-05-16 08:27:00 --> Session: Class initialized using 'CodeIgniter\Session\Handlers\FileHandler' driver.
DEBUG - 2026-05-16 08:27:11 --> Session: Class initialized using 'CodeIgniter\Session\Handlers\FileHandler' driver.
DEBUG - 2026-05-16 08:27:21 --> Session: Class initialized using 'CodeIgniter\Session\Handlers\FileHandler' driver.
DEBUG - 2026-05-16 08:27:32 --> Session: Class initialized using 'CodeIgniter\Session\Handlers\FileHandler' driver.
DEBUG - 2026-05-16 08:27:42 --> Session: Class initialized using 'CodeIgniter\Session\Handlers\FileHandler' driver.
DEBUG - 2026-05-16 08:27:53 --> Session: Class initialized using 'CodeIgniter\Session\Handlers\FileHandler' driver.
DEBUG - 2026-05-16 08:28:04 --> Session: Class initialized using 'CodeIgniter\Session\Handlers\FileHandler' driver.
DEBUG - 2026-05-16 08:28:14 --> Session: Class initialized using 'CodeIgniter\Session\Handlers\FileHandler' driver.
DEBUG - 2026-05-16 08:28:25 --> Session: Class initialized using 'CodeIgniter\Session\Handlers\FileHandler' driver.
DEBUG - 2026-05-16 08:28:35 --> Session: Class initialized using 'CodeIgniter\Session\Handlers\FileHandler' driver.
DEBUG - 2026-05-16 08:28:46 --> Session: Class initialized using 'CodeIgniter\Session\Handlers\FileHandler' driver.
DEBUG - 2026-05-16 08:28:57 --> Session: Class initialized using 'CodeIgniter\Session\Handlers\FileHandler' driver.
DEBUG - 2026-05-16 08:29:07 --> Session: Class initialized using 'CodeIgniter\Session\Handlers\FileHandler' driver.
DEBUG - 2026-05-16 08:29:18 --> Session: Class initialized using 'CodeIgniter\Session\Handlers\FileHandler' driver.
DEBUG - 2026-05-16 08:29:28 --> Session: Class initialized using 'CodeIgniter\Session\Handlers\FileHandler' driver.
DEBUG - 2026-05-16 08:29:36 --> Session: Class initialized using 'CodeIgniter\Session\Handlers\FileHandler' driver.
DEBUG - 2026-05-16 08:29:38 --> Session: Class initialized using 'CodeIgniter\Session\Handlers\FileHandler' driver.
DEBUG - 2026-05-16 08:29:38 --> Session: Class initialized using 'CodeIgniter\Session\Handlers\FileHandler' driver.
DEBUG - 2026-05-16 08:29:48 --> Session: Class initialized using 'CodeIgniter\Session\Handlers\FileHandler' driver.
DEBUG - 2026-05-16 08:29:59 --> Session: Class initialized using 'CodeIgniter\Session\Handlers\FileHandler' driver.
DEBUG - 2026-05-16 08:30:09 --> Session: Class initialized using 'CodeIgniter\Session\Handlers\FileHandler' driver.
DEBUG - 2026-05-16 08:30:19 --> Session: Class initialized using 'CodeIgniter\Session\Handlers\FileHandler' driver.
DEBUG - 2026-05-16 08:30:20 --> Session: Class initialized using 'CodeIgniter\Session\Handlers\FileHandler' driver.
DEBUG - 2026-05-16 08:30:20 --> Session: Class initialized using 'CodeIgniter\Session\Handlers\FileHandler' driver.
DEBUG - 2026-05-16 08:30:21 --> Session: Class initialized using 'CodeIgniter\Session\Handlers\FileHandler' driver.
DEBUG - 2026-05-16 08:30:22 --> Session: Class initialized using 'CodeIgniter\Session\Handlers\FileHandler' driver.
DEBUG - 2026-05-16 08:30:22 --> Session: Class initialized using 'CodeIgniter\Session\Handlers\FileHandler' driver.
DEBUG - 2026-05-16 08:33:37 --> Session: Class initialized using 'CodeIgniter\Session\Handlers\FileHandler' driver.
CRITICAL - 2026-05-16 08:33:38 --> TypeError: CodeIgniter\Database\BaseBuilder::like(): Argument #2 ($match) must be of type string, null given, called in C:\xampp\htdocs\gscgeavotingsystem\app\Controllers\Employee.php on line 60
[Method: GET, Route: employee]
in SYSTEMPATH\Database\BaseBuilder.php on line 1008.
 1 APPPATH\Controllers\Employee.php(60): CodeIgniter\Database\BaseBuilder->like('CONCAT(last_name,\', \',first_name,middle_name)', null, 'both', false)
 2 SYSTEMPATH\CodeIgniter.php(933): App\Controllers\Employee->getIndex()
 3 SYSTEMPATH\CodeIgniter.php(507): CodeIgniter\CodeIgniter->runController(Object(App\Controllers\Employee))
 4 SYSTEMPATH\CodeIgniter.php(354): CodeIgniter\CodeIgniter->handleRequest(null, Object(Config\Cache), false)
 5 SYSTEMPATH\Boot.php(334): CodeIgniter\CodeIgniter->run()
 6 SYSTEMPATH\Boot.php(67): CodeIgniter\Boot::runCodeIgniter(Object(CodeIgniter\CodeIgniter))
 7 FCPATH\index.php(56): CodeIgniter\Boot::bootWeb(Object(Config\Paths))
DEBUG - 2026-05-16 08:34:03 --> Session: Class initialized using 'CodeIgniter\Session\Handlers\FileHandler' driver.
CRITICAL - 2026-05-16 08:34:03 --> TypeError: CodeIgniter\Database\BaseBuilder::like(): Argument #2 ($match) must be of type string, null given, called in C:\xampp\htdocs\gscgeavotingsystem\app\Controllers\Employee.php on line 60
[Method: GET, Route: employee]
in SYSTEMPATH\Database\BaseBuilder.php on line 1008.
 1 APPPATH\Controllers\Employee.php(60): CodeIgniter\Database\BaseBuilder->like('CONCAT(last_name,\', \',first_name,middle_name)', null, false)
 2 SYSTEMPATH\CodeIgniter.php(933): App\Controllers\Employee->getIndex()
 3 SYSTEMPATH\CodeIgniter.php(507): CodeIgniter\CodeIgniter->runController(Object(App\Controllers\Employee))
 4 SYSTEMPATH\CodeIgniter.php(354): CodeIgniter\CodeIgniter->handleRequest(null, Object(Config\Cache), false)
 5 SYSTEMPATH\Boot.php(334): CodeIgniter\CodeIgniter->run()
 6 SYSTEMPATH\Boot.php(67): CodeIgniter\Boot::runCodeIgniter(Object(CodeIgniter\CodeIgniter))
 7 FCPATH\index.php(56): CodeIgniter\Boot::bootWeb(Object(Config\Paths))
DEBUG - 2026-05-16 08:34:48 --> Session: Class initialized using 'CodeIgniter\Session\Handlers\FileHandler' driver.
ERROR - 2026-05-16 08:34:48 --> mysqli_sql_exception: You have an error in your SQL syntax; check the manual that corresponds to your MariaDB server version for the right syntax to use near '%%
AND `ecode` <> 10000
ORDER BY `last_name` ASC' at line 22 in C:\xampp\htdocs\gscgeavotingsystem\vendor\codeigniter4\framework\system\Database\MySQLi\Connection.php:327
Stack trace:
#0 C:\xampp\htdocs\gscgeavotingsystem\vendor\codeigniter4\framework\system\Database\MySQLi\Connection.php(327): mysqli->query('SELECT id,\r\n   ...', 0)
#1 C:\xampp\htdocs\gscgeavotingsystem\vendor\codeigniter4\framework\system\Database\BaseConnection.php(738): CodeIgniter\Database\MySQLi\Connection->execute('SELECT id,\r\n   ...')
#2 C:\xampp\htdocs\gscgeavotingsystem\vendor\codeigniter4\framework\system\Database\BaseConnection.php(652): CodeIgniter\Database\BaseConnection->simpleQuery('SELECT id,\r\n   ...')
#3 C:\xampp\htdocs\gscgeavotingsystem\vendor\codeigniter4\framework\system\Database\BaseBuilder.php(1649): CodeIgniter\Database\BaseConnection->query('SELECT id,\r\n   ...', Array, false)
#4 C:\xampp\htdocs\gscgeavotingsystem\app\Controllers\Employee.php(63): CodeIgniter\Database\BaseBuilder->get()
#5 C:\xampp\htdocs\gscgeavotingsystem\vendor\codeigniter4\framework\system\CodeIgniter.php(933): App\Controllers\Employee->getIndex()
#6 C:\xampp\htdocs\gscgeavotingsystem\vendor\codeigniter4\framework\system\CodeIgniter.php(507): CodeIgniter\CodeIgniter->runController(Object(App\Controllers\Employee))
#7 C:\xampp\htdocs\gscgeavotingsystem\vendor\codeigniter4\framework\system\CodeIgniter.php(354): CodeIgniter\CodeIgniter->handleRequest(NULL, Object(Config\Cache), false)
#8 C:\xampp\htdocs\gscgeavotingsystem\vendor\codeigniter4\framework\system\Boot.php(334): CodeIgniter\CodeIgniter->run()
#9 C:\xampp\htdocs\gscgeavotingsystem\vendor\codeigniter4\framework\system\Boot.php(67): CodeIgniter\Boot::runCodeIgniter(Object(CodeIgniter\CodeIgniter))
#10 C:\xampp\htdocs\gscgeavotingsystem\public\index.php(56): CodeIgniter\Boot::bootWeb(Object(Config\Paths))
#11 {main}
CRITICAL - 2026-05-16 08:34:48 --> CodeIgniter\Database\Exceptions\DatabaseException: You have an error in your SQL syntax; check the manual that corresponds to your MariaDB server version for the right syntax to use near '%%
AND `ecode` <> 10000
ORDER BY `last_name` ASC' at line 22
[Method: GET, Route: employee]
in SYSTEMPATH\Database\BaseConnection.php on line 692.
 1 SYSTEMPATH\Database\BaseBuilder.php(1649): CodeIgniter\Database\BaseConnection->query('SELECT id,
        ecode,
        first_name,
        middle_name,
        last_name,
        birthdate,
        Office,
        OfficeCode,
        CASE 
            WHEN (
                SELECT 1 
                FROM tblvote v 
                WHERE v.userid = u.id 
                AND IFNULL(IsActive,0)=1 
                LIMIT 1
            ) = 1 
            THEN \'Yes\' 
            ELSE \'No\' 
        END AS IsAlreadyVoted,
        active
FROM `users` `u`
WHERE  CONCAT(last_name,\', \',first_name,middle_name)  LIKE :CONCAT(last_name,\', \',first_name,middle_name):
AND `ecode` <> :ecode:
ORDER BY `last_name` ASC', [...], false)
 2 APPPATH\Controllers\Employee.php(63): CodeIgniter\Database\BaseBuilder->get()
 3 SYSTEMPATH\CodeIgniter.php(933): App\Controllers\Employee->getIndex()
 4 SYSTEMPATH\CodeIgniter.php(507): CodeIgniter\CodeIgniter->runController(Object(App\Controllers\Employee))
 5 SYSTEMPATH\CodeIgniter.php(354): CodeIgniter\CodeIgniter->handleRequest(null, Object(Config\Cache), false)
 6 SYSTEMPATH\Boot.php(334): CodeIgniter\CodeIgniter->run()
 7 SYSTEMPATH\Boot.php(67): CodeIgniter\Boot::runCodeIgniter(Object(CodeIgniter\CodeIgniter))
 8 FCPATH\index.php(56): CodeIgniter\Boot::bootWeb(Object(Config\Paths))
CRITICAL - 2026-05-16 08:34:48 --> [Caused by] CodeIgniter\Database\Exceptions\DatabaseException: You have an error in your SQL syntax; check the manual that corresponds to your MariaDB server version for the right syntax to use near '%%
AND `ecode` <> 10000
ORDER BY `last_name` ASC' at line 22
in SYSTEMPATH\Database\MySQLi\Connection.php on line 332.
 1 SYSTEMPATH\Database\BaseConnection.php(738): CodeIgniter\Database\MySQLi\Connection->execute('SELECT id,
        ecode,
        first_name,
        middle_name,
        last_name,
        birthdate,
        Office,
        OfficeCode,
        CASE 
            WHEN (
                SELECT 1 
                FROM tblvote v 
                WHERE v.userid = u.id 
                AND IFNULL(IsActive,0)=1 
                LIMIT 1
            ) = 1 
            THEN \'Yes\' 
            ELSE \'No\' 
        END AS IsAlreadyVoted,
        active
FROM `users` `u`
WHERE  CONCAT(last_name,\', \',first_name,middle_name)  LIKE %%
AND `ecode` <> 10000
ORDER BY `last_name` ASC')
 2 SYSTEMPATH\Database\BaseConnection.php(652): CodeIgniter\Database\BaseConnection->simpleQuery('SELECT id,
        ecode,
        first_name,
        middle_name,
        last_name,
        birthdate,
        Office,
        OfficeCode,
        CASE 
            WHEN (
                SELECT 1 
                FROM tblvote v 
                WHERE v.userid = u.id 
                AND IFNULL(IsActive,0)=1 
                LIMIT 1
            ) = 1 
            THEN \'Yes\' 
            ELSE \'No\' 
        END AS IsAlreadyVoted,
        active
FROM `users` `u`
WHERE  CONCAT(last_name,\', \',first_name,middle_name)  LIKE %%
AND `ecode` <> 10000
ORDER BY `last_name` ASC')
 3 SYSTEMPATH\Database\BaseBuilder.php(1649): CodeIgniter\Database\BaseConnection->query('SELECT id,
        ecode,
        first_name,
        middle_name,
        last_name,
        birthdate,
        Office,
        OfficeCode,
        CASE 
            WHEN (
                SELECT 1 
                FROM tblvote v 
                WHERE v.userid = u.id 
                AND IFNULL(IsActive,0)=1 
                LIMIT 1
            ) = 1 
            THEN \'Yes\' 
            ELSE \'No\' 
        END AS IsAlreadyVoted,
        active
FROM `users` `u`
WHERE  CONCAT(last_name,\', \',first_name,middle_name)  LIKE :CONCAT(last_name,\', \',first_name,middle_name):
AND `ecode` <> :ecode:
ORDER BY `last_name` ASC', [...], false)
 4 APPPATH\Controllers\Employee.php(63): CodeIgniter\Database\BaseBuilder->get()
 5 SYSTEMPATH\CodeIgniter.php(933): App\Controllers\Employee->getIndex()
 6 SYSTEMPATH\CodeIgniter.php(507): CodeIgniter\CodeIgniter->runController(Object(App\Controllers\Employee))
 7 SYSTEMPATH\CodeIgniter.php(354): CodeIgniter\CodeIgniter->handleRequest(null, Object(Config\Cache), false)
 8 SYSTEMPATH\Boot.php(334): CodeIgniter\CodeIgniter->run()
 9 SYSTEMPATH\Boot.php(67): CodeIgniter\Boot::runCodeIgniter(Object(CodeIgniter\CodeIgniter))
10 FCPATH\index.php(56): CodeIgniter\Boot::bootWeb(Object(Config\Paths))
CRITICAL - 2026-05-16 08:34:48 --> [Caused by] mysqli_sql_exception: You have an error in your SQL syntax; check the manual that corresponds to your MariaDB server version for the right syntax to use near '%%
AND `ecode` <> 10000
ORDER BY `last_name` ASC' at line 22
in SYSTEMPATH\Database\MySQLi\Connection.php on line 327.
 1 SYSTEMPATH\Database\MySQLi\Connection.php(327): mysqli->query('SELECT id,
        ecode,
        first_name,
        middle_name,
        last_name,
        birthdate,
        Office,
        OfficeCode,
        CASE 
            WHEN (
                SELECT 1 
                FROM tblvote v 
                WHERE v.userid = u.id 
                AND IFNULL(IsActive,0)=1 
                LIMIT 1
            ) = 1 
            THEN \'Yes\' 
            ELSE \'No\' 
        END AS IsAlreadyVoted,
        active
FROM `users` `u`
WHERE  CONCAT(last_name,\', \',first_name,middle_name)  LIKE %%
AND `ecode` <> 10000
ORDER BY `last_name` ASC', 0)
 2 SYSTEMPATH\Database\BaseConnection.php(738): CodeIgniter\Database\MySQLi\Connection->execute('SELECT id,
        ecode,
        first_name,
        middle_name,
        last_name,
        birthdate,
        Office,
        OfficeCode,
        CASE 
            WHEN (
                SELECT 1 
                FROM tblvote v 
                WHERE v.userid = u.id 
                AND IFNULL(IsActive,0)=1 
                LIMIT 1
            ) = 1 
            THEN \'Yes\' 
            ELSE \'No\' 
        END AS IsAlreadyVoted,
        active
FROM `users` `u`
WHERE  CONCAT(last_name,\', \',first_name,middle_name)  LIKE %%
AND `ecode` <> 10000
ORDER BY `last_name` ASC')
 3 SYSTEMPATH\Database\BaseConnection.php(652): CodeIgniter\Database\BaseConnection->simpleQuery('SELECT id,
        ecode,
        first_name,
        middle_name,
        last_name,
        birthdate,
        Office,
        OfficeCode,
        CASE 
            WHEN (
                SELECT 1 
                FROM tblvote v 
                WHERE v.userid = u.id 
                AND IFNULL(IsActive,0)=1 
                LIMIT 1
            ) = 1 
            THEN \'Yes\' 
            ELSE \'No\' 
        END AS IsAlreadyVoted,
        active
FROM `users` `u`
WHERE  CONCAT(last_name,\', \',first_name,middle_name)  LIKE %%
AND `ecode` <> 10000
ORDER BY `last_name` ASC')
 4 SYSTEMPATH\Database\BaseBuilder.php(1649): CodeIgniter\Database\BaseConnection->query('SELECT id,
        ecode,
        first_name,
        middle_name,
        last_name,
        birthdate,
        Office,
        OfficeCode,
        CASE 
            WHEN (
                SELECT 1 
                FROM tblvote v 
                WHERE v.userid = u.id 
                AND IFNULL(IsActive,0)=1 
                LIMIT 1
            ) = 1 
            THEN \'Yes\' 
            ELSE \'No\' 
        END AS IsAlreadyVoted,
        active
FROM `users` `u`
WHERE  CONCAT(last_name,\', \',first_name,middle_name)  LIKE :CONCAT(last_name,\', \',first_name,middle_name):
AND `ecode` <> :ecode:
ORDER BY `last_name` ASC', [...], false)
 5 APPPATH\Controllers\Employee.php(63): CodeIgniter\Database\BaseBuilder->get()
 6 SYSTEMPATH\CodeIgniter.php(933): App\Controllers\Employee->getIndex()
 7 SYSTEMPATH\CodeIgniter.php(507): CodeIgniter\CodeIgniter->runController(Object(App\Controllers\Employee))
 8 SYSTEMPATH\CodeIgniter.php(354): CodeIgniter\CodeIgniter->handleRequest(null, Object(Config\Cache), false)
 9 SYSTEMPATH\Boot.php(334): CodeIgniter\CodeIgniter->run()
10 SYSTEMPATH\Boot.php(67): CodeIgniter\Boot::runCodeIgniter(Object(CodeIgniter\CodeIgniter))
11 FCPATH\index.php(56): CodeIgniter\Boot::bootWeb(Object(Config\Paths))
DEBUG - 2026-05-16 08:35:33 --> Session: Class initialized using 'CodeIgniter\Session\Handlers\FileHandler' driver.
ERROR - 2026-05-16 08:35:34 --> mysqli_sql_exception: You have an error in your SQL syntax; check the manual that corresponds to your MariaDB server version for the right syntax to use near '%%
AND `ecode` <> 10000
ORDER BY `last_name` ASC' at line 22 in C:\xampp\htdocs\gscgeavotingsystem\vendor\codeigniter4\framework\system\Database\MySQLi\Connection.php:327
Stack trace:
#0 C:\xampp\htdocs\gscgeavotingsystem\vendor\codeigniter4\framework\system\Database\MySQLi\Connection.php(327): mysqli->query('SELECT id,\r\n   ...', 0)
#1 C:\xampp\htdocs\gscgeavotingsystem\vendor\codeigniter4\framework\system\Database\BaseConnection.php(738): CodeIgniter\Database\MySQLi\Connection->execute('SELECT id,\r\n   ...')
#2 C:\xampp\htdocs\gscgeavotingsystem\vendor\codeigniter4\framework\system\Database\BaseConnection.php(652): CodeIgniter\Database\BaseConnection->simpleQuery('SELECT id,\r\n   ...')
#3 C:\xampp\htdocs\gscgeavotingsystem\vendor\codeigniter4\framework\system\Database\BaseBuilder.php(1649): CodeIgniter\Database\BaseConnection->query('SELECT id,\r\n   ...', Array, false)
#4 C:\xampp\htdocs\gscgeavotingsystem\app\Controllers\Employee.php(63): CodeIgniter\Database\BaseBuilder->get()
#5 C:\xampp\htdocs\gscgeavotingsystem\vendor\codeigniter4\framework\system\CodeIgniter.php(933): App\Controllers\Employee->getIndex()
#6 C:\xampp\htdocs\gscgeavotingsystem\vendor\codeigniter4\framework\system\CodeIgniter.php(507): CodeIgniter\CodeIgniter->runController(Object(App\Controllers\Employee))
#7 C:\xampp\htdocs\gscgeavotingsystem\vendor\codeigniter4\framework\system\CodeIgniter.php(354): CodeIgniter\CodeIgniter->handleRequest(NULL, Object(Config\Cache), false)
#8 C:\xampp\htdocs\gscgeavotingsystem\vendor\codeigniter4\framework\system\Boot.php(334): CodeIgniter\CodeIgniter->run()
#9 C:\xampp\htdocs\gscgeavotingsystem\vendor\codeigniter4\framework\system\Boot.php(67): CodeIgniter\Boot::runCodeIgniter(Object(CodeIgniter\CodeIgniter))
#10 C:\xampp\htdocs\gscgeavotingsystem\public\index.php(56): CodeIgniter\Boot::bootWeb(Object(Config\Paths))
#11 {main}
CRITICAL - 2026-05-16 08:35:34 --> CodeIgniter\Database\Exceptions\DatabaseException: You have an error in your SQL syntax; check the manual that corresponds to your MariaDB server version for the right syntax to use near '%%
AND `ecode` <> 10000
ORDER BY `last_name` ASC' at line 22
[Method: GET, Route: employee]
in SYSTEMPATH\Database\BaseConnection.php on line 692.
 1 SYSTEMPATH\Database\BaseBuilder.php(1649): CodeIgniter\Database\BaseConnection->query('SELECT id,
        ecode,
        first_name,
        middle_name,
        last_name,
        birthdate,
        Office,
        OfficeCode,
        CASE 
            WHEN (
                SELECT 1 
                FROM tblvote v 
                WHERE v.userid = u.id 
                AND IFNULL(IsActive,0)=1 
                LIMIT 1
            ) = 1 
            THEN \'Yes\' 
            ELSE \'No\' 
        END AS IsAlreadyVoted,
        active
FROM `users` `u`
WHERE  CONCAT(last_name,\', \',first_name,middle_name)  LIKE :CONCAT(last_name,\', \',first_name,middle_name):
AND `ecode` <> 10000
ORDER BY `last_name` ASC', [...], false)
 2 APPPATH\Controllers\Employee.php(63): CodeIgniter\Database\BaseBuilder->get()
 3 SYSTEMPATH\CodeIgniter.php(933): App\Controllers\Employee->getIndex()
 4 SYSTEMPATH\CodeIgniter.php(507): CodeIgniter\CodeIgniter->runController(Object(App\Controllers\Employee))
 5 SYSTEMPATH\CodeIgniter.php(354): CodeIgniter\CodeIgniter->handleRequest(null, Object(Config\Cache), false)
 6 SYSTEMPATH\Boot.php(334): CodeIgniter\CodeIgniter->run()
 7 SYSTEMPATH\Boot.php(67): CodeIgniter\Boot::runCodeIgniter(Object(CodeIgniter\CodeIgniter))
 8 FCPATH\index.php(56): CodeIgniter\Boot::bootWeb(Object(Config\Paths))
CRITICAL - 2026-05-16 08:35:34 --> [Caused by] CodeIgniter\Database\Exceptions\DatabaseException: You have an error in your SQL syntax; check the manual that corresponds to your MariaDB server version for the right syntax to use near '%%
AND `ecode` <> 10000
ORDER BY `last_name` ASC' at line 22
in SYSTEMPATH\Database\MySQLi\Connection.php on line 332.
 1 SYSTEMPATH\Database\BaseConnection.php(738): CodeIgniter\Database\MySQLi\Connection->execute('SELECT id,
        ecode,
        first_name,
        middle_name,
        last_name,
        birthdate,
        Office,
        OfficeCode,
        CASE 
            WHEN (
                SELECT 1 
                FROM tblvote v 
                WHERE v.userid = u.id 
                AND IFNULL(IsActive,0)=1 
                LIMIT 1
            ) = 1 
            THEN \'Yes\' 
            ELSE \'No\' 
        END AS IsAlreadyVoted,
        active
FROM `users` `u`
WHERE  CONCAT(last_name,\', \',first_name,middle_name)  LIKE %%
AND `ecode` <> 10000
ORDER BY `last_name` ASC')
 2 SYSTEMPATH\Database\BaseConnection.php(652): CodeIgniter\Database\BaseConnection->simpleQuery('SELECT id,
        ecode,
        first_name,
        middle_name,
        last_name,
        birthdate,
        Office,
        OfficeCode,
        CASE 
            WHEN (
                SELECT 1 
                FROM tblvote v 
                WHERE v.userid = u.id 
                AND IFNULL(IsActive,0)=1 
                LIMIT 1
            ) = 1 
            THEN \'Yes\' 
            ELSE \'No\' 
        END AS IsAlreadyVoted,
        active
FROM `users` `u`
WHERE  CONCAT(last_name,\', \',first_name,middle_name)  LIKE %%
AND `ecode` <> 10000
ORDER BY `last_name` ASC')
 3 SYSTEMPATH\Database\BaseBuilder.php(1649): CodeIgniter\Database\BaseConnection->query('SELECT id,
        ecode,
        first_name,
        middle_name,
        last_name,
        birthdate,
        Office,
        OfficeCode,
        CASE 
            WHEN (
                SELECT 1 
                FROM tblvote v 
                WHERE v.userid = u.id 
                AND IFNULL(IsActive,0)=1 
                LIMIT 1
            ) = 1 
            THEN \'Yes\' 
            ELSE \'No\' 
        END AS IsAlreadyVoted,
        active
FROM `users` `u`
WHERE  CONCAT(last_name,\', \',first_name,middle_name)  LIKE :CONCAT(last_name,\', \',first_name,middle_name):
AND `ecode` <> 10000
ORDER BY `last_name` ASC', [...], false)
 4 APPPATH\Controllers\Employee.php(63): CodeIgniter\Database\BaseBuilder->get()
 5 SYSTEMPATH\CodeIgniter.php(933): App\Controllers\Employee->getIndex()
 6 SYSTEMPATH\CodeIgniter.php(507): CodeIgniter\CodeIgniter->runController(Object(App\Controllers\Employee))
 7 SYSTEMPATH\CodeIgniter.php(354): CodeIgniter\CodeIgniter->handleRequest(null, Object(Config\Cache), false)
 8 SYSTEMPATH\Boot.php(334): CodeIgniter\CodeIgniter->run()
 9 SYSTEMPATH\Boot.php(67): CodeIgniter\Boot::runCodeIgniter(Object(CodeIgniter\CodeIgniter))
10 FCPATH\index.php(56): CodeIgniter\Boot::bootWeb(Object(Config\Paths))
CRITICAL - 2026-05-16 08:35:34 --> [Caused by] mysqli_sql_exception: You have an error in your SQL syntax; check the manual that corresponds to your MariaDB server version for the right syntax to use near '%%
AND `ecode` <> 10000
ORDER BY `last_name` ASC' at line 22
in SYSTEMPATH\Database\MySQLi\Connection.php on line 327.
 1 SYSTEMPATH\Database\MySQLi\Connection.php(327): mysqli->query('SELECT id,
        ecode,
        first_name,
        middle_name,
        last_name,
        birthdate,
        Office,
        OfficeCode,
        CASE 
            WHEN (
                SELECT 1 
                FROM tblvote v 
                WHERE v.userid = u.id 
                AND IFNULL(IsActive,0)=1 
                LIMIT 1
            ) = 1 
            THEN \'Yes\' 
            ELSE \'No\' 
        END AS IsAlreadyVoted,
        active
FROM `users` `u`
WHERE  CONCAT(last_name,\', \',first_name,middle_name)  LIKE %%
AND `ecode` <> 10000
ORDER BY `last_name` ASC', 0)
 2 SYSTEMPATH\Database\BaseConnection.php(738): CodeIgniter\Database\MySQLi\Connection->execute('SELECT id,
        ecode,
        first_name,
        middle_name,
        last_name,
        birthdate,
        Office,
        OfficeCode,
        CASE 
            WHEN (
                SELECT 1 
                FROM tblvote v 
                WHERE v.userid = u.id 
                AND IFNULL(IsActive,0)=1 
                LIMIT 1
            ) = 1 
            THEN \'Yes\' 
            ELSE \'No\' 
        END AS IsAlreadyVoted,
        active
FROM `users` `u`
WHERE  CONCAT(last_name,\', \',first_name,middle_name)  LIKE %%
AND `ecode` <> 10000
ORDER BY `last_name` ASC')
 3 SYSTEMPATH\Database\BaseConnection.php(652): CodeIgniter\Database\BaseConnection->simpleQuery('SELECT id,
        ecode,
        first_name,
        middle_name,
        last_name,
        birthdate,
        Office,
        OfficeCode,
        CASE 
            WHEN (
                SELECT 1 
                FROM tblvote v 
                WHERE v.userid = u.id 
                AND IFNULL(IsActive,0)=1 
                LIMIT 1
            ) = 1 
            THEN \'Yes\' 
            ELSE \'No\' 
        END AS IsAlreadyVoted,
        active
FROM `users` `u`
WHERE  CONCAT(last_name,\', \',first_name,middle_name)  LIKE %%
AND `ecode` <> 10000
ORDER BY `last_name` ASC')
 4 SYSTEMPATH\Database\BaseBuilder.php(1649): CodeIgniter\Database\BaseConnection->query('SELECT id,
        ecode,
        first_name,
        middle_name,
        last_name,
        birthdate,
        Office,
        OfficeCode,
        CASE 
            WHEN (
                SELECT 1 
                FROM tblvote v 
                WHERE v.userid = u.id 
                AND IFNULL(IsActive,0)=1 
                LIMIT 1
            ) = 1 
            THEN \'Yes\' 
            ELSE \'No\' 
        END AS IsAlreadyVoted,
        active
FROM `users` `u`
WHERE  CONCAT(last_name,\', \',first_name,middle_name)  LIKE :CONCAT(last_name,\', \',first_name,middle_name):
AND `ecode` <> 10000
ORDER BY `last_name` ASC', [...], false)
 5 APPPATH\Controllers\Employee.php(63): CodeIgniter\Database\BaseBuilder->get()
 6 SYSTEMPATH\CodeIgniter.php(933): App\Controllers\Employee->getIndex()
 7 SYSTEMPATH\CodeIgniter.php(507): CodeIgniter\CodeIgniter->runController(Object(App\Controllers\Employee))
 8 SYSTEMPATH\CodeIgniter.php(354): CodeIgniter\CodeIgniter->handleRequest(null, Object(Config\Cache), false)
 9 SYSTEMPATH\Boot.php(334): CodeIgniter\CodeIgniter->run()
10 SYSTEMPATH\Boot.php(67): CodeIgniter\Boot::runCodeIgniter(Object(CodeIgniter\CodeIgniter))
11 FCPATH\index.php(56): CodeIgniter\Boot::bootWeb(Object(Config\Paths))
CRITICAL - 2026-05-16 08:36:22 --> ParseError: syntax error, unexpected token "use"
[Method: GET, Route: employee]
in APPPATH\Controllers\Employee.php on line 37.
 1 VENDORPATH\composer\ClassLoader.php(427): {closure:Composer\Autoload\ClassLoader::initializeIncludeClosure():575}('C:\\xampp\\htdocs\\gscgeavotingsystem\\vendor\\composer/../../app\\Controllers\\Employee.php')
 2 [internal function]: Composer\Autoload\ClassLoader->loadClass('App\\Controllers\\Employee')
 3 SYSTEMPATH\Router\AutoRouterImproved.php(174): class_exists('\\App\\Controllers\\Employee')
 4 SYSTEMPATH\Router\AutoRouterImproved.php(282): CodeIgniter\Router\AutoRouterImproved->searchFirstController()
 5 SYSTEMPATH\Router\Router.php(565): CodeIgniter\Router\AutoRouterImproved->getRoute('employee', 'get')
 6 SYSTEMPATH\Router\Router.php(231): CodeIgniter\Router\Router->autoRoute('employee')
 7 SYSTEMPATH\CodeIgniter.php(832): CodeIgniter\Router\Router->handle('employee')
 8 SYSTEMPATH\CodeIgniter.php(455): CodeIgniter\CodeIgniter->tryToRouteIt(Object(CodeIgniter\Router\RouteCollection))
 9 SYSTEMPATH\CodeIgniter.php(354): CodeIgniter\CodeIgniter->handleRequest(null, Object(Config\Cache), false)
10 SYSTEMPATH\Boot.php(334): CodeIgniter\CodeIgniter->run()
11 SYSTEMPATH\Boot.php(67): CodeIgniter\Boot::runCodeIgniter(Object(CodeIgniter\CodeIgniter))
12 FCPATH\index.php(56): CodeIgniter\Boot::bootWeb(Object(Config\Paths))
DEBUG - 2026-05-16 08:36:41 --> Session: Class initialized using 'CodeIgniter\Session\Handlers\FileHandler' driver.
CRITICAL - 2026-05-16 08:36:41 --> Error: Class "App\Controllers\RawSql" not found
[Method: GET, Route: employee]
in APPPATH\Controllers\Employee.php on line 61.
 1 SYSTEMPATH\CodeIgniter.php(933): App\Controllers\Employee->getIndex()
 2 SYSTEMPATH\CodeIgniter.php(507): CodeIgniter\CodeIgniter->runController(Object(App\Controllers\Employee))
 3 SYSTEMPATH\CodeIgniter.php(354): CodeIgniter\CodeIgniter->handleRequest(null, Object(Config\Cache), false)
 4 SYSTEMPATH\Boot.php(334): CodeIgniter\CodeIgniter->run()
 5 SYSTEMPATH\Boot.php(67): CodeIgniter\Boot::runCodeIgniter(Object(CodeIgniter\CodeIgniter))
 6 FCPATH\index.php(56): CodeIgniter\Boot::bootWeb(Object(Config\Paths))
DEBUG - 2026-05-16 08:37:12 --> Session: Class initialized using 'CodeIgniter\Session\Handlers\FileHandler' driver.
DEBUG - 2026-05-16 08:37:15 --> Session: Class initialized using 'CodeIgniter\Session\Handlers\FileHandler' driver.
DEBUG - 2026-05-16 08:37:33 --> Session: Class initialized using 'CodeIgniter\Session\Handlers\FileHandler' driver.
DEBUG - 2026-05-16 08:37:34 --> Session: Class initialized using 'CodeIgniter\Session\Handlers\FileHandler' driver.
DEBUG - 2026-05-16 08:37:35 --> Session: Class initialized using 'CodeIgniter\Session\Handlers\FileHandler' driver.
DEBUG - 2026-05-16 08:37:36 --> Session: Class initialized using 'CodeIgniter\Session\Handlers\FileHandler' driver.
DEBUG - 2026-05-16 08:37:38 --> Session: Class initialized using 'CodeIgniter\Session\Handlers\FileHandler' driver.
DEBUG - 2026-05-16 08:37:42 --> Session: Class initialized using 'CodeIgniter\Session\Handlers\FileHandler' driver.
DEBUG - 2026-05-16 08:37:44 --> Session: Class initialized using 'CodeIgniter\Session\Handlers\FileHandler' driver.
DEBUG - 2026-05-16 08:37:44 --> Session: Class initialized using 'CodeIgniter\Session\Handlers\FileHandler' driver.
DEBUG - 2026-05-16 08:37:50 --> Session: Class initialized using 'CodeIgniter\Session\Handlers\FileHandler' driver.
DEBUG - 2026-05-16 08:37:51 --> Session: Class initialized using 'CodeIgniter\Session\Handlers\FileHandler' driver.
DEBUG - 2026-05-16 08:37:53 --> Session: Class initialized using 'CodeIgniter\Session\Handlers\FileHandler' driver.
DEBUG - 2026-05-16 08:37:54 --> Session: Class initialized using 'CodeIgniter\Session\Handlers\FileHandler' driver.
DEBUG - 2026-05-16 08:37:54 --> Session: Class initialized using 'CodeIgniter\Session\Handlers\FileHandler' driver.
DEBUG - 2026-05-16 08:38:11 --> Session: Class initialized using 'CodeIgniter\Session\Handlers\FileHandler' driver.
DEBUG - 2026-05-16 08:38:12 --> Session: Class initialized using 'CodeIgniter\Session\Handlers\FileHandler' driver.
DEBUG - 2026-05-16 08:38:47 --> Session: Class initialized using 'CodeIgniter\Session\Handlers\FileHandler' driver.
DEBUG - 2026-05-16 08:38:48 --> Session: Class initialized using 'CodeIgniter\Session\Handlers\FileHandler' driver.
DEBUG - 2026-05-16 08:39:17 --> Session: Class initialized using 'CodeIgniter\Session\Handlers\FileHandler' driver.
DEBUG - 2026-05-16 08:39:18 --> Session: Class initialized using 'CodeIgniter\Session\Handlers\FileHandler' driver.
DEBUG - 2026-05-16 08:41:55 --> Session: Class initialized using 'CodeIgniter\Session\Handlers\FileHandler' driver.
DEBUG - 2026-05-16 08:41:56 --> Session: Class initialized using 'CodeIgniter\Session\Handlers\FileHandler' driver.
DEBUG - 2026-05-16 08:42:00 --> Session: Class initialized using 'CodeIgniter\Session\Handlers\FileHandler' driver.
DEBUG - 2026-05-16 08:42:01 --> Session: Class initialized using 'CodeIgniter\Session\Handlers\FileHandler' driver.
DEBUG - 2026-05-16 08:42:01 --> Session: Class initialized using 'CodeIgniter\Session\Handlers\FileHandler' driver.
DEBUG - 2026-05-16 08:42:03 --> Session: Class initialized using 'CodeIgniter\Session\Handlers\FileHandler' driver.
DEBUG - 2026-05-16 08:42:04 --> Session: Class initialized using 'CodeIgniter\Session\Handlers\FileHandler' driver.
DEBUG - 2026-05-16 08:42:05 --> Session: Class initialized using 'CodeIgniter\Session\Handlers\FileHandler' driver.
DEBUG - 2026-05-16 08:42:07 --> Session: Class initialized using 'CodeIgniter\Session\Handlers\FileHandler' driver.
DEBUG - 2026-05-16 08:42:07 --> Session: Class initialized using 'CodeIgniter\Session\Handlers\FileHandler' driver.
DEBUG - 2026-05-16 08:43:02 --> Session: Class initialized using 'CodeIgniter\Session\Handlers\FileHandler' driver.
DEBUG - 2026-05-16 08:43:03 --> Session: Class initialized using 'CodeIgniter\Session\Handlers\FileHandler' driver.
DEBUG - 2026-05-16 08:43:08 --> Session: Class initialized using 'CodeIgniter\Session\Handlers\FileHandler' driver.
DEBUG - 2026-05-16 08:43:09 --> Session: Class initialized using 'CodeIgniter\Session\Handlers\FileHandler' driver.
DEBUG - 2026-05-16 08:43:09 --> Session: Class initialized using 'CodeIgniter\Session\Handlers\FileHandler' driver.
DEBUG - 2026-05-16 08:43:39 --> Session: Class initialized using 'CodeIgniter\Session\Handlers\FileHandler' driver.
DEBUG - 2026-05-16 08:43:40 --> Session: Class initialized using 'CodeIgniter\Session\Handlers\FileHandler' driver.
DEBUG - 2026-05-16 08:43:40 --> Session: Class initialized using 'CodeIgniter\Session\Handlers\FileHandler' driver.
DEBUG - 2026-05-16 08:43:46 --> Session: Class initialized using 'CodeIgniter\Session\Handlers\FileHandler' driver.
DEBUG - 2026-05-16 08:43:47 --> Session: Class initialized using 'CodeIgniter\Session\Handlers\FileHandler' driver.
DEBUG - 2026-05-16 08:43:47 --> Session: Class initialized using 'CodeIgniter\Session\Handlers\FileHandler' driver.
DEBUG - 2026-05-16 08:43:57 --> Session: Class initialized using 'CodeIgniter\Session\Handlers\FileHandler' driver.
DEBUG - 2026-05-16 08:44:07 --> Session: Class initialized using 'CodeIgniter\Session\Handlers\FileHandler' driver.
DEBUG - 2026-05-16 08:44:16 --> Session: Class initialized using 'CodeIgniter\Session\Handlers\FileHandler' driver.
DEBUG - 2026-05-16 08:44:17 --> Session: Class initialized using 'CodeIgniter\Session\Handlers\FileHandler' driver.
DEBUG - 2026-05-16 08:44:18 --> Session: Class initialized using 'CodeIgniter\Session\Handlers\FileHandler' driver.
DEBUG - 2026-05-16 08:44:18 --> Session: Class initialized using 'CodeIgniter\Session\Handlers\FileHandler' driver.
DEBUG - 2026-05-16 08:44:19 --> Session: Class initialized using 'CodeIgniter\Session\Handlers\FileHandler' driver.
DEBUG - 2026-05-16 08:44:25 --> Session: Class initialized using 'CodeIgniter\Session\Handlers\FileHandler' driver.
DEBUG - 2026-05-16 08:44:26 --> Session: Class initialized using 'CodeIgniter\Session\Handlers\FileHandler' driver.
DEBUG - 2026-05-16 08:53:16 --> Session: Class initialized using 'CodeIgniter\Session\Handlers\FileHandler' driver.
DEBUG - 2026-05-16 08:53:17 --> Session: Class initialized using 'CodeIgniter\Session\Handlers\FileHandler' driver.
DEBUG - 2026-05-16 08:54:03 --> Session: Class initialized using 'CodeIgniter\Session\Handlers\FileHandler' driver.
DEBUG - 2026-05-16 08:54:04 --> Session: Class initialized using 'CodeIgniter\Session\Handlers\FileHandler' driver.
DEBUG - 2026-05-16 08:56:31 --> Session: Class initialized using 'CodeIgniter\Session\Handlers\FileHandler' driver.
DEBUG - 2026-05-16 08:56:32 --> Session: Class initialized using 'CodeIgniter\Session\Handlers\FileHandler' driver.
DEBUG - 2026-05-16 08:58:19 --> Session: Class initialized using 'CodeIgniter\Session\Handlers\FileHandler' driver.
DEBUG - 2026-05-16 08:58:21 --> Session: Class initialized using 'CodeIgniter\Session\Handlers\FileHandler' driver.
DEBUG - 2026-05-16 08:59:15 --> Session: Class initialized using 'CodeIgniter\Session\Handlers\FileHandler' driver.
DEBUG - 2026-05-16 08:59:16 --> Session: Class initialized using 'CodeIgniter\Session\Handlers\FileHandler' driver.
DEBUG - 2026-05-16 08:59:29 --> Session: Class initialized using 'CodeIgniter\Session\Handlers\FileHandler' driver.
DEBUG - 2026-05-16 08:59:30 --> Session: Class initialized using 'CodeIgniter\Session\Handlers\FileHandler' driver.
DEBUG - 2026-05-16 08:59:31 --> Session: Class initialized using 'CodeIgniter\Session\Handlers\FileHandler' driver.
DEBUG - 2026-05-16 09:00:45 --> Session: Class initialized using 'CodeIgniter\Session\Handlers\FileHandler' driver.
DEBUG - 2026-05-16 09:00:46 --> Session: Class initialized using 'CodeIgniter\Session\Handlers\FileHandler' driver.
DEBUG - 2026-05-16 09:01:58 --> Session: Class initialized using 'CodeIgniter\Session\Handlers\FileHandler' driver.
DEBUG - 2026-05-16 09:01:59 --> Session: Class initialized using 'CodeIgniter\Session\Handlers\FileHandler' driver.
DEBUG - 2026-05-16 09:02:21 --> Session: Class initialized using 'CodeIgniter\Session\Handlers\FileHandler' driver.
CRITICAL - 2026-05-16 09:02:21 --> ErrorException: Undefined property: App\Controllers\Vote::$input
[Method: POST, Route: vote/vote_candidate_edit]
in APPPATH\Controllers\Vote.php on line 744.
 1 APPPATH\Controllers\Vote.php(744): CodeIgniter\Debug\Exceptions->errorHandler(2, 'Undefined property: App\\Controllers\\Vote::$input', 'C:\\xampp\\htdocs\\gscgeavotingsystem\\app\\Controllers\\Vote.php', 744)
 2 SYSTEMPATH\CodeIgniter.php(933): App\Controllers\Vote->postVote_candidate_edit()
 3 SYSTEMPATH\CodeIgniter.php(507): CodeIgniter\CodeIgniter->runController(Object(App\Controllers\Vote))
 4 SYSTEMPATH\CodeIgniter.php(354): CodeIgniter\CodeIgniter->handleRequest(null, Object(Config\Cache), false)
 5 SYSTEMPATH\Boot.php(334): CodeIgniter\CodeIgniter->run()
 6 SYSTEMPATH\Boot.php(67): CodeIgniter\Boot::runCodeIgniter(Object(CodeIgniter\CodeIgniter))
 7 FCPATH\index.php(56): CodeIgniter\Boot::bootWeb(Object(Config\Paths))
DEBUG - 2026-05-16 09:03:34 --> Session: Class initialized using 'CodeIgniter\Session\Handlers\FileHandler' driver.
CRITICAL - 2026-05-16 09:03:34 --> Error: Call to undefined method CodeIgniter\Database\MySQLi\Result::result()
[Method: POST, Route: vote/vote_candidate_edit]
in APPPATH\Controllers\Vote.php on line 747.
 1 SYSTEMPATH\CodeIgniter.php(933): App\Controllers\Vote->postVote_candidate_edit()
 2 SYSTEMPATH\CodeIgniter.php(507): CodeIgniter\CodeIgniter->runController(Object(App\Controllers\Vote))
 3 SYSTEMPATH\CodeIgniter.php(354): CodeIgniter\CodeIgniter->handleRequest(null, Object(Config\Cache), false)
 4 SYSTEMPATH\Boot.php(334): CodeIgniter\CodeIgniter->run()
 5 SYSTEMPATH\Boot.php(67): CodeIgniter\Boot::runCodeIgniter(Object(CodeIgniter\CodeIgniter))
 6 FCPATH\index.php(56): CodeIgniter\Boot::bootWeb(Object(Config\Paths))
DEBUG - 2026-05-16 09:04:56 --> Session: Class initialized using 'CodeIgniter\Session\Handlers\FileHandler' driver.
CRITICAL - 2026-05-16 09:04:57 --> ErrorException: Undefined property: App\Controllers\Vote::$load
[Method: POST, Route: vote/vote_candidate_edit]
in APPPATH\Controllers\Vote.php on line 757.
 1 APPPATH\Controllers\Vote.php(757): CodeIgniter\Debug\Exceptions->errorHandler(2, 'Undefined property: App\\Controllers\\Vote::$load', 'C:\\xampp\\htdocs\\gscgeavotingsystem\\app\\Controllers\\Vote.php', 757)
 2 SYSTEMPATH\CodeIgniter.php(933): App\Controllers\Vote->postVote_candidate_edit()
 3 SYSTEMPATH\CodeIgniter.php(507): CodeIgniter\CodeIgniter->runController(Object(App\Controllers\Vote))
 4 SYSTEMPATH\CodeIgniter.php(354): CodeIgniter\CodeIgniter->handleRequest(null, Object(Config\Cache), false)
 5 SYSTEMPATH\Boot.php(334): CodeIgniter\CodeIgniter->run()
 6 SYSTEMPATH\Boot.php(67): CodeIgniter\Boot::runCodeIgniter(Object(CodeIgniter\CodeIgniter))
 7 FCPATH\index.php(56): CodeIgniter\Boot::bootWeb(Object(Config\Paths))
DEBUG - 2026-05-16 09:08:54 --> Session: Class initialized using 'CodeIgniter\Session\Handlers\FileHandler' driver.
DEBUG - 2026-05-16 09:08:55 --> Session: Class initialized using 'CodeIgniter\Session\Handlers\FileHandler' driver.
DEBUG - 2026-05-16 09:12:06 --> Session: Class initialized using 'CodeIgniter\Session\Handlers\FileHandler' driver.
DEBUG - 2026-05-16 09:12:07 --> Session: Class initialized using 'CodeIgniter\Session\Handlers\FileHandler' driver.
DEBUG - 2026-05-16 09:12:18 --> Session: Class initialized using 'CodeIgniter\Session\Handlers\FileHandler' driver.
CRITICAL - 2026-05-16 09:12:18 --> ErrorException: Undefined property: App\Controllers\Vote::$ion_auth
[Method: POST, Route: vote/vote_candidate_edit_save]
in APPPATH\Controllers\Vote.php on line 764.
 1 APPPATH\Controllers\Vote.php(764): CodeIgniter\Debug\Exceptions->errorHandler(2, 'Undefined property: App\\Controllers\\Vote::$ion_auth', 'C:\\xampp\\htdocs\\gscgeavotingsystem\\app\\Controllers\\Vote.php', 764)
 2 SYSTEMPATH\CodeIgniter.php(933): App\Controllers\Vote->postVote_candidate_edit_save()
 3 SYSTEMPATH\CodeIgniter.php(507): CodeIgniter\CodeIgniter->runController(Object(App\Controllers\Vote))
 4 SYSTEMPATH\CodeIgniter.php(354): CodeIgniter\CodeIgniter->handleRequest(null, Object(Config\Cache), false)
 5 SYSTEMPATH\Boot.php(334): CodeIgniter\CodeIgniter->run()
 6 SYSTEMPATH\Boot.php(67): CodeIgniter\Boot::runCodeIgniter(Object(CodeIgniter\CodeIgniter))
 7 FCPATH\index.php(56): CodeIgniter\Boot::bootWeb(Object(Config\Paths))
DEBUG - 2026-05-16 09:14:33 --> Session: Class initialized using 'CodeIgniter\Session\Handlers\FileHandler' driver.
CRITICAL - 2026-05-16 09:14:33 --> ErrorException: Undefined property: App\Controllers\Vote::$load
[Method: POST, Route: vote/vote_candidate_edit_save]
in APPPATH\Controllers\Vote.php on line 772.
 1 APPPATH\Controllers\Vote.php(772): CodeIgniter\Debug\Exceptions->errorHandler(2, 'Undefined property: App\\Controllers\\Vote::$load', 'C:\\xampp\\htdocs\\gscgeavotingsystem\\app\\Controllers\\Vote.php', 772)
 2 SYSTEMPATH\CodeIgniter.php(933): App\Controllers\Vote->postVote_candidate_edit_save()
 3 SYSTEMPATH\CodeIgniter.php(507): CodeIgniter\CodeIgniter->runController(Object(App\Controllers\Vote))
 4 SYSTEMPATH\CodeIgniter.php(354): CodeIgniter\CodeIgniter->handleRequest(null, Object(Config\Cache), false)
 5 SYSTEMPATH\Boot.php(334): CodeIgniter\CodeIgniter->run()
 6 SYSTEMPATH\Boot.php(67): CodeIgniter\Boot::runCodeIgniter(Object(CodeIgniter\CodeIgniter))
 7 FCPATH\index.php(56): CodeIgniter\Boot::bootWeb(Object(Config\Paths))
DEBUG - 2026-05-16 09:16:13 --> Session: Class initialized using 'CodeIgniter\Session\Handlers\FileHandler' driver.
DEBUG - 2026-05-16 09:16:14 --> Session: Class initialized using 'CodeIgniter\Session\Handlers\FileHandler' driver.
DEBUG - 2026-05-16 09:16:15 --> Session: Class initialized using 'CodeIgniter\Session\Handlers\FileHandler' driver.
DEBUG - 2026-05-16 09:16:41 --> Session: Class initialized using 'CodeIgniter\Session\Handlers\FileHandler' driver.
DEBUG - 2026-05-16 09:16:44 --> Session: Class initialized using 'CodeIgniter\Session\Handlers\FileHandler' driver.
DEBUG - 2026-05-16 09:30:49 --> Session: Class initialized using 'CodeIgniter\Session\Handlers\FileHandler' driver.
DEBUG - 2026-05-16 09:30:52 --> Session: Class initialized using 'CodeIgniter\Session\Handlers\FileHandler' driver.
DEBUG - 2026-05-16 09:35:16 --> Session: Class initialized using 'CodeIgniter\Session\Handlers\FileHandler' driver.
DEBUG - 2026-05-16 09:35:19 --> Session: Class initialized using 'CodeIgniter\Session\Handlers\FileHandler' driver.
DEBUG - 2026-05-16 09:35:39 --> Session: Class initialized using 'CodeIgniter\Session\Handlers\FileHandler' driver.
CRITICAL - 2026-05-16 09:35:39 --> Error: Call to undefined method CodeIgniter\Database\MySQLi\Connection::where()
[Method: POST, Route: employee/account_disable]
in APPPATH\Controllers\Employee.php on line 94.
 1 SYSTEMPATH\CodeIgniter.php(933): App\Controllers\Employee->postAccount_disable()
 2 SYSTEMPATH\CodeIgniter.php(507): CodeIgniter\CodeIgniter->runController(Object(App\Controllers\Employee))
 3 SYSTEMPATH\CodeIgniter.php(354): CodeIgniter\CodeIgniter->handleRequest(null, Object(Config\Cache), false)
 4 SYSTEMPATH\Boot.php(334): CodeIgniter\CodeIgniter->run()
 5 SYSTEMPATH\Boot.php(67): CodeIgniter\Boot::runCodeIgniter(Object(CodeIgniter\CodeIgniter))
 6 FCPATH\index.php(56): CodeIgniter\Boot::bootWeb(Object(Config\Paths))
DEBUG - 2026-05-16 09:37:25 --> Session: Class initialized using 'CodeIgniter\Session\Handlers\FileHandler' driver.
ERROR - 2026-05-16 09:37:25 --> mysqli_sql_exception: Unknown column 'IsActive' in 'field list' in C:\xampp\htdocs\gscgeavotingsystem\vendor\codeigniter4\framework\system\Database\MySQLi\Connection.php:327
Stack trace:
#0 C:\xampp\htdocs\gscgeavotingsystem\vendor\codeigniter4\framework\system\Database\MySQLi\Connection.php(327): mysqli->query('UPDATE `users` ...', 0)
#1 C:\xampp\htdocs\gscgeavotingsystem\vendor\codeigniter4\framework\system\Database\BaseConnection.php(738): CodeIgniter\Database\MySQLi\Connection->execute('UPDATE `users` ...')
#2 C:\xampp\htdocs\gscgeavotingsystem\vendor\codeigniter4\framework\system\Database\BaseConnection.php(652): CodeIgniter\Database\BaseConnection->simpleQuery('UPDATE `users` ...')
#3 C:\xampp\htdocs\gscgeavotingsystem\vendor\codeigniter4\framework\system\Database\BaseBuilder.php(2521): CodeIgniter\Database\BaseConnection->query('UPDATE `users` ...', Array, false)
#4 C:\xampp\htdocs\gscgeavotingsystem\app\Controllers\Employee.php(95): CodeIgniter\Database\BaseBuilder->update(Array)
#5 C:\xampp\htdocs\gscgeavotingsystem\vendor\codeigniter4\framework\system\CodeIgniter.php(933): App\Controllers\Employee->postAccount_disable()
#6 C:\xampp\htdocs\gscgeavotingsystem\vendor\codeigniter4\framework\system\CodeIgniter.php(507): CodeIgniter\CodeIgniter->runController(Object(App\Controllers\Employee))
#7 C:\xampp\htdocs\gscgeavotingsystem\vendor\codeigniter4\framework\system\CodeIgniter.php(354): CodeIgniter\CodeIgniter->handleRequest(NULL, Object(Config\Cache), false)
#8 C:\xampp\htdocs\gscgeavotingsystem\vendor\codeigniter4\framework\system\Boot.php(334): CodeIgniter\CodeIgniter->run()
#9 C:\xampp\htdocs\gscgeavotingsystem\vendor\codeigniter4\framework\system\Boot.php(67): CodeIgniter\Boot::runCodeIgniter(Object(CodeIgniter\CodeIgniter))
#10 C:\xampp\htdocs\gscgeavotingsystem\public\index.php(56): CodeIgniter\Boot::bootWeb(Object(Config\Paths))
#11 {main}
CRITICAL - 2026-05-16 09:37:25 --> CodeIgniter\Database\Exceptions\DatabaseException: Unknown column 'IsActive' in 'field list'
[Method: POST, Route: employee/account_disable]
in SYSTEMPATH\Database\BaseConnection.php on line 692.
 1 SYSTEMPATH\Database\BaseBuilder.php(2521): CodeIgniter\Database\BaseConnection->query('UPDATE `users` SET `IsActive` = :IsActive:
WHERE `id` = :id:', [...], false)
 2 APPPATH\Controllers\Employee.php(95): CodeIgniter\Database\BaseBuilder->update([...])
 3 SYSTEMPATH\CodeIgniter.php(933): App\Controllers\Employee->postAccount_disable()
 4 SYSTEMPATH\CodeIgniter.php(507): CodeIgniter\CodeIgniter->runController(Object(App\Controllers\Employee))
 5 SYSTEMPATH\CodeIgniter.php(354): CodeIgniter\CodeIgniter->handleRequest(null, Object(Config\Cache), false)
 6 SYSTEMPATH\Boot.php(334): CodeIgniter\CodeIgniter->run()
 7 SYSTEMPATH\Boot.php(67): CodeIgniter\Boot::runCodeIgniter(Object(CodeIgniter\CodeIgniter))
 8 FCPATH\index.php(56): CodeIgniter\Boot::bootWeb(Object(Config\Paths))
CRITICAL - 2026-05-16 09:37:25 --> [Caused by] CodeIgniter\Database\Exceptions\DatabaseException: Unknown column 'IsActive' in 'field list'
in SYSTEMPATH\Database\MySQLi\Connection.php on line 332.
 1 SYSTEMPATH\Database\BaseConnection.php(738): CodeIgniter\Database\MySQLi\Connection->execute('UPDATE `users` SET `IsActive` = 0
WHERE `id` = \'2\'')
 2 SYSTEMPATH\Database\BaseConnection.php(652): CodeIgniter\Database\BaseConnection->simpleQuery('UPDATE `users` SET `IsActive` = 0
WHERE `id` = \'2\'')
 3 SYSTEMPATH\Database\BaseBuilder.php(2521): CodeIgniter\Database\BaseConnection->query('UPDATE `users` SET `IsActive` = :IsActive:
WHERE `id` = :id:', [...], false)
 4 APPPATH\Controllers\Employee.php(95): CodeIgniter\Database\BaseBuilder->update([...])
 5 SYSTEMPATH\CodeIgniter.php(933): App\Controllers\Employee->postAccount_disable()
 6 SYSTEMPATH\CodeIgniter.php(507): CodeIgniter\CodeIgniter->runController(Object(App\Controllers\Employee))
 7 SYSTEMPATH\CodeIgniter.php(354): CodeIgniter\CodeIgniter->handleRequest(null, Object(Config\Cache), false)
 8 SYSTEMPATH\Boot.php(334): CodeIgniter\CodeIgniter->run()
 9 SYSTEMPATH\Boot.php(67): CodeIgniter\Boot::runCodeIgniter(Object(CodeIgniter\CodeIgniter))
10 FCPATH\index.php(56): CodeIgniter\Boot::bootWeb(Object(Config\Paths))
CRITICAL - 2026-05-16 09:37:25 --> [Caused by] mysqli_sql_exception: Unknown column 'IsActive' in 'field list'
in SYSTEMPATH\Database\MySQLi\Connection.php on line 327.
 1 SYSTEMPATH\Database\MySQLi\Connection.php(327): mysqli->query('UPDATE `users` SET `IsActive` = 0
WHERE `id` = \'2\'', 0)
 2 SYSTEMPATH\Database\BaseConnection.php(738): CodeIgniter\Database\MySQLi\Connection->execute('UPDATE `users` SET `IsActive` = 0
WHERE `id` = \'2\'')
 3 SYSTEMPATH\Database\BaseConnection.php(652): CodeIgniter\Database\BaseConnection->simpleQuery('UPDATE `users` SET `IsActive` = 0
WHERE `id` = \'2\'')
 4 SYSTEMPATH\Database\BaseBuilder.php(2521): CodeIgniter\Database\BaseConnection->query('UPDATE `users` SET `IsActive` = :IsActive:
WHERE `id` = :id:', [...], false)
 5 APPPATH\Controllers\Employee.php(95): CodeIgniter\Database\BaseBuilder->update([...])
 6 SYSTEMPATH\CodeIgniter.php(933): App\Controllers\Employee->postAccount_disable()
 7 SYSTEMPATH\CodeIgniter.php(507): CodeIgniter\CodeIgniter->runController(Object(App\Controllers\Employee))
 8 SYSTEMPATH\CodeIgniter.php(354): CodeIgniter\CodeIgniter->handleRequest(null, Object(Config\Cache), false)
 9 SYSTEMPATH\Boot.php(334): CodeIgniter\CodeIgniter->run()
10 SYSTEMPATH\Boot.php(67): CodeIgniter\Boot::runCodeIgniter(Object(CodeIgniter\CodeIgniter))
11 FCPATH\index.php(56): CodeIgniter\Boot::bootWeb(Object(Config\Paths))
DEBUG - 2026-05-16 09:37:50 --> Session: Class initialized using 'CodeIgniter\Session\Handlers\FileHandler' driver.
DEBUG - 2026-05-16 09:37:50 --> Session: Class initialized using 'CodeIgniter\Session\Handlers\FileHandler' driver.
DEBUG - 2026-05-16 09:37:53 --> Session: Class initialized using 'CodeIgniter\Session\Handlers\FileHandler' driver.
DEBUG - 2026-05-16 09:48:02 --> Session: Class initialized using 'CodeIgniter\Session\Handlers\FileHandler' driver.
DEBUG - 2026-05-16 09:48:05 --> Session: Class initialized using 'CodeIgniter\Session\Handlers\FileHandler' driver.
DEBUG - 2026-05-16 09:48:07 --> Session: Class initialized using 'CodeIgniter\Session\Handlers\FileHandler' driver.
CRITICAL - 2026-05-16 09:48:08 --> Error: Call to undefined method CodeIgniter\Database\MySQLi\Connection::where()
[Method: POST, Route: vote/vote_reset]
in APPPATH\Controllers\Vote.php on line 987.
 1 SYSTEMPATH\CodeIgniter.php(933): App\Controllers\Vote->postVote_reset()
 2 SYSTEMPATH\CodeIgniter.php(507): CodeIgniter\CodeIgniter->runController(Object(App\Controllers\Vote))
 3 SYSTEMPATH\CodeIgniter.php(354): CodeIgniter\CodeIgniter->handleRequest(null, Object(Config\Cache), false)
 4 SYSTEMPATH\Boot.php(334): CodeIgniter\CodeIgniter->run()
 5 SYSTEMPATH\Boot.php(67): CodeIgniter\Boot::runCodeIgniter(Object(CodeIgniter\CodeIgniter))
 6 FCPATH\index.php(56): CodeIgniter\Boot::bootWeb(Object(Config\Paths))
DEBUG - 2026-05-16 10:48:51 --> Session: Class initialized using 'CodeIgniter\Session\Handlers\FileHandler' driver.
CRITICAL - 2026-05-16 10:48:51 --> Error: Call to undefined method CodeIgniter\Database\MySQLi\Connection::where()
[Method: POST, Route: vote/vote_reset]
in APPPATH\Controllers\Vote.php on line 987.
 1 SYSTEMPATH\CodeIgniter.php(933): App\Controllers\Vote->postVote_reset()
 2 SYSTEMPATH\CodeIgniter.php(507): CodeIgniter\CodeIgniter->runController(Object(App\Controllers\Vote))
 3 SYSTEMPATH\CodeIgniter.php(354): CodeIgniter\CodeIgniter->handleRequest(null, Object(Config\Cache), false)
 4 SYSTEMPATH\Boot.php(334): CodeIgniter\CodeIgniter->run()
 5 SYSTEMPATH\Boot.php(67): CodeIgniter\Boot::runCodeIgniter(Object(CodeIgniter\CodeIgniter))
 6 FCPATH\index.php(56): CodeIgniter\Boot::bootWeb(Object(Config\Paths))
DEBUG - 2026-05-16 11:37:14 --> Session: Class initialized using 'CodeIgniter\Session\Handlers\FileHandler' driver.
DEBUG - 2026-05-16 11:37:22 --> Session: Class initialized using 'CodeIgniter\Session\Handlers\FileHandler' driver.
DEBUG - 2026-05-16 11:37:25 --> Session: Class initialized using 'CodeIgniter\Session\Handlers\FileHandler' driver.
DEBUG - 2026-05-16 11:40:02 --> Session: Class initialized using 'CodeIgniter\Session\Handlers\FileHandler' driver.
DEBUG - 2026-05-16 11:40:02 --> Session: Class initialized using 'CodeIgniter\Session\Handlers\FileHandler' driver.
DEBUG - 2026-05-16 11:40:06 --> Session: Class initialized using 'CodeIgniter\Session\Handlers\FileHandler' driver.
DEBUG - 2026-05-16 11:40:12 --> Session: Class initialized using 'CodeIgniter\Session\Handlers\FileHandler' driver.
DEBUG - 2026-05-16 11:40:13 --> Session: Class initialized using 'CodeIgniter\Session\Handlers\FileHandler' driver.
DEBUG - 2026-05-16 11:40:16 --> Session: Class initialized using 'CodeIgniter\Session\Handlers\FileHandler' driver.
DEBUG - 2026-05-16 11:40:22 --> Session: Class initialized using 'CodeIgniter\Session\Handlers\FileHandler' driver.
DEBUG - 2026-05-16 11:40:25 --> Session: Class initialized using 'CodeIgniter\Session\Handlers\FileHandler' driver.
DEBUG - 2026-05-16 11:40:49 --> Session: Class initialized using 'CodeIgniter\Session\Handlers\FileHandler' driver.
WARNING - 2026-05-16 11:40:49 --> [DEPRECATED] htmlspecialchars(): Passing null to parameter #1 ($string) of type string is deprecated in APPPATH\Views\office.php on line 39.
 1 APPPATH\Views\office.php(39): htmlspecialchars(null, 3, 'UTF-8')
 2 SYSTEMPATH\View\View.php(224): include('C:\\xampp\\htdocs\\gscgeavotingsystem\\app\\Views\\office.php')
 3 SYSTEMPATH\View\View.php(227): CodeIgniter\View\View->{closure:CodeIgniter\View\View::render():221}()
 4 SYSTEMPATH\Common.php(1173): CodeIgniter\View\View->render('office', [], true)
 5 APPPATH\Views\main.php(204): view('office', [])
 6 SYSTEMPATH\View\View.php(224): include('C:\\xampp\\htdocs\\gscgeavotingsystem\\app\\Views\\main.php')
 7 SYSTEMPATH\View\View.php(227): CodeIgniter\View\View->{closure:CodeIgniter\View\View::render():221}()
 8 SYSTEMPATH\Common.php(1173): CodeIgniter\View\View->render('main', [], true)
 9 APPPATH\Controllers\Office.php(83): view('main', [...])
10 SYSTEMPATH\CodeIgniter.php(933): App\Controllers\Office->getIndex()
11 SYSTEMPATH\CodeIgniter.php(507): CodeIgniter\CodeIgniter->runController(Object(App\Controllers\Office))
12 SYSTEMPATH\CodeIgniter.php(354): CodeIgniter\CodeIgniter->handleRequest(null, Object(Config\Cache), false)
13 SYSTEMPATH\Boot.php(334): CodeIgniter\CodeIgniter->run()
14 SYSTEMPATH\Boot.php(67): CodeIgniter\Boot::runCodeIgniter(Object(CodeIgniter\CodeIgniter))
15 FCPATH\index.php(56): CodeIgniter\Boot::bootWeb(Object(Config\Paths))
WARNING - 2026-05-16 11:40:49 --> [DEPRECATED] htmlspecialchars(): Passing null to parameter #1 ($string) of type string is deprecated in APPPATH\Views\office.php on line 40.
 1 APPPATH\Views\office.php(40): htmlspecialchars(null, 3, 'UTF-8')
 2 SYSTEMPATH\View\View.php(224): include('C:\\xampp\\htdocs\\gscgeavotingsystem\\app\\Views\\office.php')
 3 SYSTEMPATH\View\View.php(227): CodeIgniter\View\View->{closure:CodeIgniter\View\View::render():221}()
 4 SYSTEMPATH\Common.php(1173): CodeIgniter\View\View->render('office', [], true)
 5 APPPATH\Views\main.php(204): view('office', [])
 6 SYSTEMPATH\View\View.php(224): include('C:\\xampp\\htdocs\\gscgeavotingsystem\\app\\Views\\main.php')
 7 SYSTEMPATH\View\View.php(227): CodeIgniter\View\View->{closure:CodeIgniter\View\View::render():221}()
 8 SYSTEMPATH\Common.php(1173): CodeIgniter\View\View->render('main', [], true)
 9 APPPATH\Controllers\Office.php(83): view('main', [...])
10 SYSTEMPATH\CodeIgniter.php(933): App\Controllers\Office->getIndex()
11 SYSTEMPATH\CodeIgniter.php(507): CodeIgniter\CodeIgniter->runController(Object(App\Controllers\Office))
12 SYSTEMPATH\CodeIgniter.php(354): CodeIgniter\CodeIgniter->handleRequest(null, Object(Config\Cache), false)
13 SYSTEMPATH\Boot.php(334): CodeIgniter\CodeIgniter->run()
14 SYSTEMPATH\Boot.php(67): CodeIgniter\Boot::runCodeIgniter(Object(CodeIgniter\CodeIgniter))
15 FCPATH\index.php(56): CodeIgniter\Boot::bootWeb(Object(Config\Paths))
WARNING - 2026-05-16 11:40:49 --> [DEPRECATED] htmlspecialchars(): Passing null to parameter #1 ($string) of type string is deprecated in APPPATH\Views\office.php on line 39.
 1 APPPATH\Views\office.php(39): htmlspecialchars(null, 3, 'UTF-8')
 2 SYSTEMPATH\View\View.php(224): include('C:\\xampp\\htdocs\\gscgeavotingsystem\\app\\Views\\office.php')
 3 SYSTEMPATH\View\View.php(227): CodeIgniter\View\View->{closure:CodeIgniter\View\View::render():221}()
 4 SYSTEMPATH\Common.php(1173): CodeIgniter\View\View->render('office', [], true)
 5 APPPATH\Views\main.php(204): view('office', [])
 6 SYSTEMPATH\View\View.php(224): include('C:\\xampp\\htdocs\\gscgeavotingsystem\\app\\Views\\main.php')
 7 SYSTEMPATH\View\View.php(227): CodeIgniter\View\View->{closure:CodeIgniter\View\View::render():221}()
 8 SYSTEMPATH\Common.php(1173): CodeIgniter\View\View->render('main', [], true)
 9 APPPATH\Controllers\Office.php(83): view('main', [...])
10 SYSTEMPATH\CodeIgniter.php(933): App\Controllers\Office->getIndex()
11 SYSTEMPATH\CodeIgniter.php(507): CodeIgniter\CodeIgniter->runController(Object(App\Controllers\Office))
12 SYSTEMPATH\CodeIgniter.php(354): CodeIgniter\CodeIgniter->handleRequest(null, Object(Config\Cache), false)
13 SYSTEMPATH\Boot.php(334): CodeIgniter\CodeIgniter->run()
14 SYSTEMPATH\Boot.php(67): CodeIgniter\Boot::runCodeIgniter(Object(CodeIgniter\CodeIgniter))
15 FCPATH\index.php(56): CodeIgniter\Boot::bootWeb(Object(Config\Paths))
WARNING - 2026-05-16 11:40:49 --> [DEPRECATED] htmlspecialchars(): Passing null to parameter #1 ($string) of type string is deprecated in APPPATH\Views\office.php on line 40.
 1 APPPATH\Views\office.php(40): htmlspecialchars(null, 3, 'UTF-8')
 2 SYSTEMPATH\View\View.php(224): include('C:\\xampp\\htdocs\\gscgeavotingsystem\\app\\Views\\office.php')
 3 SYSTEMPATH\View\View.php(227): CodeIgniter\View\View->{closure:CodeIgniter\View\View::render():221}()
 4 SYSTEMPATH\Common.php(1173): CodeIgniter\View\View->render('office', [], true)
 5 APPPATH\Views\main.php(204): view('office', [])
 6 SYSTEMPATH\View\View.php(224): include('C:\\xampp\\htdocs\\gscgeavotingsystem\\app\\Views\\main.php')
 7 SYSTEMPATH\View\View.php(227): CodeIgniter\View\View->{closure:CodeIgniter\View\View::render():221}()
 8 SYSTEMPATH\Common.php(1173): CodeIgniter\View\View->render('main', [], true)
 9 APPPATH\Controllers\Office.php(83): view('main', [...])
10 SYSTEMPATH\CodeIgniter.php(933): App\Controllers\Office->getIndex()
11 SYSTEMPATH\CodeIgniter.php(507): CodeIgniter\CodeIgniter->runController(Object(App\Controllers\Office))
12 SYSTEMPATH\CodeIgniter.php(354): CodeIgniter\CodeIgniter->handleRequest(null, Object(Config\Cache), false)
13 SYSTEMPATH\Boot.php(334): CodeIgniter\CodeIgniter->run()
14 SYSTEMPATH\Boot.php(67): CodeIgniter\Boot::runCodeIgniter(Object(CodeIgniter\CodeIgniter))
15 FCPATH\index.php(56): CodeIgniter\Boot::bootWeb(Object(Config\Paths))
WARNING - 2026-05-16 11:40:49 --> [DEPRECATED] htmlspecialchars(): Passing null to parameter #1 ($string) of type string is deprecated in APPPATH\Views\office.php on line 39.
 1 APPPATH\Views\office.php(39): htmlspecialchars(null, 3, 'UTF-8')
 2 SYSTEMPATH\View\View.php(224): include('C:\\xampp\\htdocs\\gscgeavotingsystem\\app\\Views\\office.php')
 3 SYSTEMPATH\View\View.php(227): CodeIgniter\View\View->{closure:CodeIgniter\View\View::render():221}()
 4 SYSTEMPATH\Common.php(1173): CodeIgniter\View\View->render('office', [], true)
 5 APPPATH\Views\main.php(204): view('office', [])
 6 SYSTEMPATH\View\View.php(224): include('C:\\xampp\\htdocs\\gscgeavotingsystem\\app\\Views\\main.php')
 7 SYSTEMPATH\View\View.php(227): CodeIgniter\View\View->{closure:CodeIgniter\View\View::render():221}()
 8 SYSTEMPATH\Common.php(1173): CodeIgniter\View\View->render('main', [], true)
 9 APPPATH\Controllers\Office.php(83): view('main', [...])
10 SYSTEMPATH\CodeIgniter.php(933): App\Controllers\Office->getIndex()
11 SYSTEMPATH\CodeIgniter.php(507): CodeIgniter\CodeIgniter->runController(Object(App\Controllers\Office))
12 SYSTEMPATH\CodeIgniter.php(354): CodeIgniter\CodeIgniter->handleRequest(null, Object(Config\Cache), false)
13 SYSTEMPATH\Boot.php(334): CodeIgniter\CodeIgniter->run()
14 SYSTEMPATH\Boot.php(67): CodeIgniter\Boot::runCodeIgniter(Object(CodeIgniter\CodeIgniter))
15 FCPATH\index.php(56): CodeIgniter\Boot::bootWeb(Object(Config\Paths))
WARNING - 2026-05-16 11:40:49 --> [DEPRECATED] htmlspecialchars(): Passing null to parameter #1 ($string) of type string is deprecated in APPPATH\Views\office.php on line 40.
 1 APPPATH\Views\office.php(40): htmlspecialchars(null, 3, 'UTF-8')
 2 SYSTEMPATH\View\View.php(224): include('C:\\xampp\\htdocs\\gscgeavotingsystem\\app\\Views\\office.php')
 3 SYSTEMPATH\View\View.php(227): CodeIgniter\View\View->{closure:CodeIgniter\View\View::render():221}()
 4 SYSTEMPATH\Common.php(1173): CodeIgniter\View\View->render('office', [], true)
 5 APPPATH\Views\main.php(204): view('office', [])
 6 SYSTEMPATH\View\View.php(224): include('C:\\xampp\\htdocs\\gscgeavotingsystem\\app\\Views\\main.php')
 7 SYSTEMPATH\View\View.php(227): CodeIgniter\View\View->{closure:CodeIgniter\View\View::render():221}()
 8 SYSTEMPATH\Common.php(1173): CodeIgniter\View\View->render('main', [], true)
 9 APPPATH\Controllers\Office.php(83): view('main', [...])
10 SYSTEMPATH\CodeIgniter.php(933): App\Controllers\Office->getIndex()
11 SYSTEMPATH\CodeIgniter.php(507): CodeIgniter\CodeIgniter->runController(Object(App\Controllers\Office))
12 SYSTEMPATH\CodeIgniter.php(354): CodeIgniter\CodeIgniter->handleRequest(null, Object(Config\Cache), false)
13 SYSTEMPATH\Boot.php(334): CodeIgniter\CodeIgniter->run()
14 SYSTEMPATH\Boot.php(67): CodeIgniter\Boot::runCodeIgniter(Object(CodeIgniter\CodeIgniter))
15 FCPATH\index.php(56): CodeIgniter\Boot::bootWeb(Object(Config\Paths))
WARNING - 2026-05-16 11:40:49 --> [DEPRECATED] htmlspecialchars(): Passing null to parameter #1 ($string) of type string is deprecated in APPPATH\Views\office.php on line 39.
 1 APPPATH\Views\office.php(39): htmlspecialchars(null, 3, 'UTF-8')
 2 SYSTEMPATH\View\View.php(224): include('C:\\xampp\\htdocs\\gscgeavotingsystem\\app\\Views\\office.php')
 3 SYSTEMPATH\View\View.php(227): CodeIgniter\View\View->{closure:CodeIgniter\View\View::render():221}()
 4 SYSTEMPATH\Common.php(1173): CodeIgniter\View\View->render('office', [], true)
 5 APPPATH\Views\main.php(204): view('office', [])
 6 SYSTEMPATH\View\View.php(224): include('C:\\xampp\\htdocs\\gscgeavotingsystem\\app\\Views\\main.php')
 7 SYSTEMPATH\View\View.php(227): CodeIgniter\View\View->{closure:CodeIgniter\View\View::render():221}()
 8 SYSTEMPATH\Common.php(1173): CodeIgniter\View\View->render('main', [], true)
 9 APPPATH\Controllers\Office.php(83): view('main', [...])
10 SYSTEMPATH\CodeIgniter.php(933): App\Controllers\Office->getIndex()
11 SYSTEMPATH\CodeIgniter.php(507): CodeIgniter\CodeIgniter->runController(Object(App\Controllers\Office))
12 SYSTEMPATH\CodeIgniter.php(354): CodeIgniter\CodeIgniter->handleRequest(null, Object(Config\Cache), false)
13 SYSTEMPATH\Boot.php(334): CodeIgniter\CodeIgniter->run()
14 SYSTEMPATH\Boot.php(67): CodeIgniter\Boot::runCodeIgniter(Object(CodeIgniter\CodeIgniter))
15 FCPATH\index.php(56): CodeIgniter\Boot::bootWeb(Object(Config\Paths))
WARNING - 2026-05-16 11:40:49 --> [DEPRECATED] htmlspecialchars(): Passing null to parameter #1 ($string) of type string is deprecated in APPPATH\Views\office.php on line 40.
 1 APPPATH\Views\office.php(40): htmlspecialchars(null, 3, 'UTF-8')
 2 SYSTEMPATH\View\View.php(224): include('C:\\xampp\\htdocs\\gscgeavotingsystem\\app\\Views\\office.php')
 3 SYSTEMPATH\View\View.php(227): CodeIgniter\View\View->{closure:CodeIgniter\View\View::render():221}()
 4 SYSTEMPATH\Common.php(1173): CodeIgniter\View\View->render('office', [], true)
 5 APPPATH\Views\main.php(204): view('office', [])
 6 SYSTEMPATH\View\View.php(224): include('C:\\xampp\\htdocs\\gscgeavotingsystem\\app\\Views\\main.php')
 7 SYSTEMPATH\View\View.php(227): CodeIgniter\View\View->{closure:CodeIgniter\View\View::render():221}()
 8 SYSTEMPATH\Common.php(1173): CodeIgniter\View\View->render('main', [], true)
 9 APPPATH\Controllers\Office.php(83): view('main', [...])
10 SYSTEMPATH\CodeIgniter.php(933): App\Controllers\Office->getIndex()
11 SYSTEMPATH\CodeIgniter.php(507): CodeIgniter\CodeIgniter->runController(Object(App\Controllers\Office))
12 SYSTEMPATH\CodeIgniter.php(354): CodeIgniter\CodeIgniter->handleRequest(null, Object(Config\Cache), false)
13 SYSTEMPATH\Boot.php(334): CodeIgniter\CodeIgniter->run()
14 SYSTEMPATH\Boot.php(67): CodeIgniter\Boot::runCodeIgniter(Object(CodeIgniter\CodeIgniter))
15 FCPATH\index.php(56): CodeIgniter\Boot::bootWeb(Object(Config\Paths))
WARNING - 2026-05-16 11:40:49 --> [DEPRECATED] htmlspecialchars(): Passing null to parameter #1 ($string) of type string is deprecated in APPPATH\Views\office.php on line 39.
 1 APPPATH\Views\office.php(39): htmlspecialchars(null, 3, 'UTF-8')
 2 SYSTEMPATH\View\View.php(224): include('C:\\xampp\\htdocs\\gscgeavotingsystem\\app\\Views\\office.php')
 3 SYSTEMPATH\View\View.php(227): CodeIgniter\View\View->{closure:CodeIgniter\View\View::render():221}()
 4 SYSTEMPATH\Common.php(1173): CodeIgniter\View\View->render('office', [], true)
 5 APPPATH\Views\main.php(204): view('office', [])
 6 SYSTEMPATH\View\View.php(224): include('C:\\xampp\\htdocs\\gscgeavotingsystem\\app\\Views\\main.php')
 7 SYSTEMPATH\View\View.php(227): CodeIgniter\View\View->{closure:CodeIgniter\View\View::render():221}()
 8 SYSTEMPATH\Common.php(1173): CodeIgniter\View\View->render('main', [], true)
 9 APPPATH\Controllers\Office.php(83): view('main', [...])
10 SYSTEMPATH\CodeIgniter.php(933): App\Controllers\Office->getIndex()
11 SYSTEMPATH\CodeIgniter.php(507): CodeIgniter\CodeIgniter->runController(Object(App\Controllers\Office))
12 SYSTEMPATH\CodeIgniter.php(354): CodeIgniter\CodeIgniter->handleRequest(null, Object(Config\Cache), false)
13 SYSTEMPATH\Boot.php(334): CodeIgniter\CodeIgniter->run()
14 SYSTEMPATH\Boot.php(67): CodeIgniter\Boot::runCodeIgniter(Object(CodeIgniter\CodeIgniter))
15 FCPATH\index.php(56): CodeIgniter\Boot::bootWeb(Object(Config\Paths))
WARNING - 2026-05-16 11:40:49 --> [DEPRECATED] htmlspecialchars(): Passing null to parameter #1 ($string) of type string is deprecated in APPPATH\Views\office.php on line 40.
 1 APPPATH\Views\office.php(40): htmlspecialchars(null, 3, 'UTF-8')
 2 SYSTEMPATH\View\View.php(224): include('C:\\xampp\\htdocs\\gscgeavotingsystem\\app\\Views\\office.php')
 3 SYSTEMPATH\View\View.php(227): CodeIgniter\View\View->{closure:CodeIgniter\View\View::render():221}()
 4 SYSTEMPATH\Common.php(1173): CodeIgniter\View\View->render('office', [], true)
 5 APPPATH\Views\main.php(204): view('office', [])
 6 SYSTEMPATH\View\View.php(224): include('C:\\xampp\\htdocs\\gscgeavotingsystem\\app\\Views\\main.php')
 7 SYSTEMPATH\View\View.php(227): CodeIgniter\View\View->{closure:CodeIgniter\View\View::render():221}()
 8 SYSTEMPATH\Common.php(1173): CodeIgniter\View\View->render('main', [], true)
 9 APPPATH\Controllers\Office.php(83): view('main', [...])
10 SYSTEMPATH\CodeIgniter.php(933): App\Controllers\Office->getIndex()
11 SYSTEMPATH\CodeIgniter.php(507): CodeIgniter\CodeIgniter->runController(Object(App\Controllers\Office))
12 SYSTEMPATH\CodeIgniter.php(354): CodeIgniter\CodeIgniter->handleRequest(null, Object(Config\Cache), false)
13 SYSTEMPATH\Boot.php(334): CodeIgniter\CodeIgniter->run()
14 SYSTEMPATH\Boot.php(67): CodeIgniter\Boot::runCodeIgniter(Object(CodeIgniter\CodeIgniter))
15 FCPATH\index.php(56): CodeIgniter\Boot::bootWeb(Object(Config\Paths))
WARNING - 2026-05-16 11:40:49 --> [DEPRECATED] htmlspecialchars(): Passing null to parameter #1 ($string) of type string is deprecated in APPPATH\Views\office.php on line 39.
 1 APPPATH\Views\office.php(39): htmlspecialchars(null, 3, 'UTF-8')
 2 SYSTEMPATH\View\View.php(224): include('C:\\xampp\\htdocs\\gscgeavotingsystem\\app\\Views\\office.php')
 3 SYSTEMPATH\View\View.php(227): CodeIgniter\View\View->{closure:CodeIgniter\View\View::render():221}()
 4 SYSTEMPATH\Common.php(1173): CodeIgniter\View\View->render('office', [], true)
 5 APPPATH\Views\main.php(204): view('office', [])
 6 SYSTEMPATH\View\View.php(224): include('C:\\xampp\\htdocs\\gscgeavotingsystem\\app\\Views\\main.php')
 7 SYSTEMPATH\View\View.php(227): CodeIgniter\View\View->{closure:CodeIgniter\View\View::render():221}()
 8 SYSTEMPATH\Common.php(1173): CodeIgniter\View\View->render('main', [], true)
 9 APPPATH\Controllers\Office.php(83): view('main', [...])
10 SYSTEMPATH\CodeIgniter.php(933): App\Controllers\Office->getIndex()
11 SYSTEMPATH\CodeIgniter.php(507): CodeIgniter\CodeIgniter->runController(Object(App\Controllers\Office))
12 SYSTEMPATH\CodeIgniter.php(354): CodeIgniter\CodeIgniter->handleRequest(null, Object(Config\Cache), false)
13 SYSTEMPATH\Boot.php(334): CodeIgniter\CodeIgniter->run()
14 SYSTEMPATH\Boot.php(67): CodeIgniter\Boot::runCodeIgniter(Object(CodeIgniter\CodeIgniter))
15 FCPATH\index.php(56): CodeIgniter\Boot::bootWeb(Object(Config\Paths))
WARNING - 2026-05-16 11:40:49 --> [DEPRECATED] htmlspecialchars(): Passing null to parameter #1 ($string) of type string is deprecated in APPPATH\Views\office.php on line 40.
 1 APPPATH\Views\office.php(40): htmlspecialchars(null, 3, 'UTF-8')
 2 SYSTEMPATH\View\View.php(224): include('C:\\xampp\\htdocs\\gscgeavotingsystem\\app\\Views\\office.php')
 3 SYSTEMPATH\View\View.php(227): CodeIgniter\View\View->{closure:CodeIgniter\View\View::render():221}()
 4 SYSTEMPATH\Common.php(1173): CodeIgniter\View\View->render('office', [], true)
 5 APPPATH\Views\main.php(204): view('office', [])
 6 SYSTEMPATH\View\View.php(224): include('C:\\xampp\\htdocs\\gscgeavotingsystem\\app\\Views\\main.php')
 7 SYSTEMPATH\View\View.php(227): CodeIgniter\View\View->{closure:CodeIgniter\View\View::render():221}()
 8 SYSTEMPATH\Common.php(1173): CodeIgniter\View\View->render('main', [], true)
 9 APPPATH\Controllers\Office.php(83): view('main', [...])
10 SYSTEMPATH\CodeIgniter.php(933): App\Controllers\Office->getIndex()
11 SYSTEMPATH\CodeIgniter.php(507): CodeIgniter\CodeIgniter->runController(Object(App\Controllers\Office))
12 SYSTEMPATH\CodeIgniter.php(354): CodeIgniter\CodeIgniter->handleRequest(null, Object(Config\Cache), false)
13 SYSTEMPATH\Boot.php(334): CodeIgniter\CodeIgniter->run()
14 SYSTEMPATH\Boot.php(67): CodeIgniter\Boot::runCodeIgniter(Object(CodeIgniter\CodeIgniter))
15 FCPATH\index.php(56): CodeIgniter\Boot::bootWeb(Object(Config\Paths))
WARNING - 2026-05-16 11:40:49 --> [DEPRECATED] htmlspecialchars(): Passing null to parameter #1 ($string) of type string is deprecated in APPPATH\Views\office.php on line 39.
 1 APPPATH\Views\office.php(39): htmlspecialchars(null, 3, 'UTF-8')
 2 SYSTEMPATH\View\View.php(224): include('C:\\xampp\\htdocs\\gscgeavotingsystem\\app\\Views\\office.php')
 3 SYSTEMPATH\View\View.php(227): CodeIgniter\View\View->{closure:CodeIgniter\View\View::render():221}()
 4 SYSTEMPATH\Common.php(1173): CodeIgniter\View\View->render('office', [], true)
 5 APPPATH\Views\main.php(204): view('office', [])
 6 SYSTEMPATH\View\View.php(224): include('C:\\xampp\\htdocs\\gscgeavotingsystem\\app\\Views\\main.php')
 7 SYSTEMPATH\View\View.php(227): CodeIgniter\View\View->{closure:CodeIgniter\View\View::render():221}()
 8 SYSTEMPATH\Common.php(1173): CodeIgniter\View\View->render('main', [], true)
 9 APPPATH\Controllers\Office.php(83): view('main', [...])
10 SYSTEMPATH\CodeIgniter.php(933): App\Controllers\Office->getIndex()
11 SYSTEMPATH\CodeIgniter.php(507): CodeIgniter\CodeIgniter->runController(Object(App\Controllers\Office))
12 SYSTEMPATH\CodeIgniter.php(354): CodeIgniter\CodeIgniter->handleRequest(null, Object(Config\Cache), false)
13 SYSTEMPATH\Boot.php(334): CodeIgniter\CodeIgniter->run()
14 SYSTEMPATH\Boot.php(67): CodeIgniter\Boot::runCodeIgniter(Object(CodeIgniter\CodeIgniter))
15 FCPATH\index.php(56): CodeIgniter\Boot::bootWeb(Object(Config\Paths))
WARNING - 2026-05-16 11:40:49 --> [DEPRECATED] htmlspecialchars(): Passing null to parameter #1 ($string) of type string is deprecated in APPPATH\Views\office.php on line 40.
 1 APPPATH\Views\office.php(40): htmlspecialchars(null, 3, 'UTF-8')
 2 SYSTEMPATH\View\View.php(224): include('C:\\xampp\\htdocs\\gscgeavotingsystem\\app\\Views\\office.php')
 3 SYSTEMPATH\View\View.php(227): CodeIgniter\View\View->{closure:CodeIgniter\View\View::render():221}()
 4 SYSTEMPATH\Common.php(1173): CodeIgniter\View\View->render('office', [], true)
 5 APPPATH\Views\main.php(204): view('office', [])
 6 SYSTEMPATH\View\View.php(224): include('C:\\xampp\\htdocs\\gscgeavotingsystem\\app\\Views\\main.php')
 7 SYSTEMPATH\View\View.php(227): CodeIgniter\View\View->{closure:CodeIgniter\View\View::render():221}()
 8 SYSTEMPATH\Common.php(1173): CodeIgniter\View\View->render('main', [], true)
 9 APPPATH\Controllers\Office.php(83): view('main', [...])
10 SYSTEMPATH\CodeIgniter.php(933): App\Controllers\Office->getIndex()
11 SYSTEMPATH\CodeIgniter.php(507): CodeIgniter\CodeIgniter->runController(Object(App\Controllers\Office))
12 SYSTEMPATH\CodeIgniter.php(354): CodeIgniter\CodeIgniter->handleRequest(null, Object(Config\Cache), false)
13 SYSTEMPATH\Boot.php(334): CodeIgniter\CodeIgniter->run()
14 SYSTEMPATH\Boot.php(67): CodeIgniter\Boot::runCodeIgniter(Object(CodeIgniter\CodeIgniter))
15 FCPATH\index.php(56): CodeIgniter\Boot::bootWeb(Object(Config\Paths))
WARNING - 2026-05-16 11:40:49 --> [DEPRECATED] htmlspecialchars(): Passing null to parameter #1 ($string) of type string is deprecated in APPPATH\Views\office.php on line 39.
 1 APPPATH\Views\office.php(39): htmlspecialchars(null, 3, 'UTF-8')
 2 SYSTEMPATH\View\View.php(224): include('C:\\xampp\\htdocs\\gscgeavotingsystem\\app\\Views\\office.php')
 3 SYSTEMPATH\View\View.php(227): CodeIgniter\View\View->{closure:CodeIgniter\View\View::render():221}()
 4 SYSTEMPATH\Common.php(1173): CodeIgniter\View\View->render('office', [], true)
 5 APPPATH\Views\main.php(204): view('office', [])
 6 SYSTEMPATH\View\View.php(224): include('C:\\xampp\\htdocs\\gscgeavotingsystem\\app\\Views\\main.php')
 7 SYSTEMPATH\View\View.php(227): CodeIgniter\View\View->{closure:CodeIgniter\View\View::render():221}()
 8 SYSTEMPATH\Common.php(1173): CodeIgniter\View\View->render('main', [], true)
 9 APPPATH\Controllers\Office.php(83): view('main', [...])
10 SYSTEMPATH\CodeIgniter.php(933): App\Controllers\Office->getIndex()
11 SYSTEMPATH\CodeIgniter.php(507): CodeIgniter\CodeIgniter->runController(Object(App\Controllers\Office))
12 SYSTEMPATH\CodeIgniter.php(354): CodeIgniter\CodeIgniter->handleRequest(null, Object(Config\Cache), false)
13 SYSTEMPATH\Boot.php(334): CodeIgniter\CodeIgniter->run()
14 SYSTEMPATH\Boot.php(67): CodeIgniter\Boot::runCodeIgniter(Object(CodeIgniter\CodeIgniter))
15 FCPATH\index.php(56): CodeIgniter\Boot::bootWeb(Object(Config\Paths))
WARNING - 2026-05-16 11:40:49 --> [DEPRECATED] htmlspecialchars(): Passing null to parameter #1 ($string) of type string is deprecated in APPPATH\Views\office.php on line 40.
 1 APPPATH\Views\office.php(40): htmlspecialchars(null, 3, 'UTF-8')
 2 SYSTEMPATH\View\View.php(224): include('C:\\xampp\\htdocs\\gscgeavotingsystem\\app\\Views\\office.php')
 3 SYSTEMPATH\View\View.php(227): CodeIgniter\View\View->{closure:CodeIgniter\View\View::render():221}()
 4 SYSTEMPATH\Common.php(1173): CodeIgniter\View\View->render('office', [], true)
 5 APPPATH\Views\main.php(204): view('office', [])
 6 SYSTEMPATH\View\View.php(224): include('C:\\xampp\\htdocs\\gscgeavotingsystem\\app\\Views\\main.php')
 7 SYSTEMPATH\View\View.php(227): CodeIgniter\View\View->{closure:CodeIgniter\View\View::render():221}()
 8 SYSTEMPATH\Common.php(1173): CodeIgniter\View\View->render('main', [], true)
 9 APPPATH\Controllers\Office.php(83): view('main', [...])
10 SYSTEMPATH\CodeIgniter.php(933): App\Controllers\Office->getIndex()
11 SYSTEMPATH\CodeIgniter.php(507): CodeIgniter\CodeIgniter->runController(Object(App\Controllers\Office))
12 SYSTEMPATH\CodeIgniter.php(354): CodeIgniter\CodeIgniter->handleRequest(null, Object(Config\Cache), false)
13 SYSTEMPATH\Boot.php(334): CodeIgniter\CodeIgniter->run()
14 SYSTEMPATH\Boot.php(67): CodeIgniter\Boot::runCodeIgniter(Object(CodeIgniter\CodeIgniter))
15 FCPATH\index.php(56): CodeIgniter\Boot::bootWeb(Object(Config\Paths))
WARNING - 2026-05-16 11:40:49 --> [DEPRECATED] htmlspecialchars(): Passing null to parameter #1 ($string) of type string is deprecated in APPPATH\Views\office.php on line 39.
 1 APPPATH\Views\office.php(39): htmlspecialchars(null, 3, 'UTF-8')
 2 SYSTEMPATH\View\View.php(224): include('C:\\xampp\\htdocs\\gscgeavotingsystem\\app\\Views\\office.php')
 3 SYSTEMPATH\View\View.php(227): CodeIgniter\View\View->{closure:CodeIgniter\View\View::render():221}()
 4 SYSTEMPATH\Common.php(1173): CodeIgniter\View\View->render('office', [], true)
 5 APPPATH\Views\main.php(204): view('office', [])
 6 SYSTEMPATH\View\View.php(224): include('C:\\xampp\\htdocs\\gscgeavotingsystem\\app\\Views\\main.php')
 7 SYSTEMPATH\View\View.php(227): CodeIgniter\View\View->{closure:CodeIgniter\View\View::render():221}()
 8 SYSTEMPATH\Common.php(1173): CodeIgniter\View\View->render('main', [], true)
 9 APPPATH\Controllers\Office.php(83): view('main', [...])
10 SYSTEMPATH\CodeIgniter.php(933): App\Controllers\Office->getIndex()
11 SYSTEMPATH\CodeIgniter.php(507): CodeIgniter\CodeIgniter->runController(Object(App\Controllers\Office))
12 SYSTEMPATH\CodeIgniter.php(354): CodeIgniter\CodeIgniter->handleRequest(null, Object(Config\Cache), false)
13 SYSTEMPATH\Boot.php(334): CodeIgniter\CodeIgniter->run()
14 SYSTEMPATH\Boot.php(67): CodeIgniter\Boot::runCodeIgniter(Object(CodeIgniter\CodeIgniter))
15 FCPATH\index.php(56): CodeIgniter\Boot::bootWeb(Object(Config\Paths))
WARNING - 2026-05-16 11:40:49 --> [DEPRECATED] htmlspecialchars(): Passing null to parameter #1 ($string) of type string is deprecated in APPPATH\Views\office.php on line 40.
 1 APPPATH\Views\office.php(40): htmlspecialchars(null, 3, 'UTF-8')
 2 SYSTEMPATH\View\View.php(224): include('C:\\xampp\\htdocs\\gscgeavotingsystem\\app\\Views\\office.php')
 3 SYSTEMPATH\View\View.php(227): CodeIgniter\View\View->{closure:CodeIgniter\View\View::render():221}()
 4 SYSTEMPATH\Common.php(1173): CodeIgniter\View\View->render('office', [], true)
 5 APPPATH\Views\main.php(204): view('office', [])
 6 SYSTEMPATH\View\View.php(224): include('C:\\xampp\\htdocs\\gscgeavotingsystem\\app\\Views\\main.php')
 7 SYSTEMPATH\View\View.php(227): CodeIgniter\View\View->{closure:CodeIgniter\View\View::render():221}()
 8 SYSTEMPATH\Common.php(1173): CodeIgniter\View\View->render('main', [], true)
 9 APPPATH\Controllers\Office.php(83): view('main', [...])
10 SYSTEMPATH\CodeIgniter.php(933): App\Controllers\Office->getIndex()
11 SYSTEMPATH\CodeIgniter.php(507): CodeIgniter\CodeIgniter->runController(Object(App\Controllers\Office))
12 SYSTEMPATH\CodeIgniter.php(354): CodeIgniter\CodeIgniter->handleRequest(null, Object(Config\Cache), false)
13 SYSTEMPATH\Boot.php(334): CodeIgniter\CodeIgniter->run()
14 SYSTEMPATH\Boot.php(67): CodeIgniter\Boot::runCodeIgniter(Object(CodeIgniter\CodeIgniter))
15 FCPATH\index.php(56): CodeIgniter\Boot::bootWeb(Object(Config\Paths))
WARNING - 2026-05-16 11:40:49 --> [DEPRECATED] htmlspecialchars(): Passing null to parameter #1 ($string) of type string is deprecated in APPPATH\Views\office.php on line 39.
 1 APPPATH\Views\office.php(39): htmlspecialchars(null, 3, 'UTF-8')
 2 SYSTEMPATH\View\View.php(224): include('C:\\xampp\\htdocs\\gscgeavotingsystem\\app\\Views\\office.php')
 3 SYSTEMPATH\View\View.php(227): CodeIgniter\View\View->{closure:CodeIgniter\View\View::render():221}()
 4 SYSTEMPATH\Common.php(1173): CodeIgniter\View\View->render('office', [], true)
 5 APPPATH\Views\main.php(204): view('office', [])
 6 SYSTEMPATH\View\View.php(224): include('C:\\xampp\\htdocs\\gscgeavotingsystem\\app\\Views\\main.php')
 7 SYSTEMPATH\View\View.php(227): CodeIgniter\View\View->{closure:CodeIgniter\View\View::render():221}()
 8 SYSTEMPATH\Common.php(1173): CodeIgniter\View\View->render('main', [], true)
 9 APPPATH\Controllers\Office.php(83): view('main', [...])
10 SYSTEMPATH\CodeIgniter.php(933): App\Controllers\Office->getIndex()
11 SYSTEMPATH\CodeIgniter.php(507): CodeIgniter\CodeIgniter->runController(Object(App\Controllers\Office))
12 SYSTEMPATH\CodeIgniter.php(354): CodeIgniter\CodeIgniter->handleRequest(null, Object(Config\Cache), false)
13 SYSTEMPATH\Boot.php(334): CodeIgniter\CodeIgniter->run()
14 SYSTEMPATH\Boot.php(67): CodeIgniter\Boot::runCodeIgniter(Object(CodeIgniter\CodeIgniter))
15 FCPATH\index.php(56): CodeIgniter\Boot::bootWeb(Object(Config\Paths))
WARNING - 2026-05-16 11:40:49 --> [DEPRECATED] htmlspecialchars(): Passing null to parameter #1 ($string) of type string is deprecated in APPPATH\Views\office.php on line 40.
 1 APPPATH\Views\office.php(40): htmlspecialchars(null, 3, 'UTF-8')
 2 SYSTEMPATH\View\View.php(224): include('C:\\xampp\\htdocs\\gscgeavotingsystem\\app\\Views\\office.php')
 3 SYSTEMPATH\View\View.php(227): CodeIgniter\View\View->{closure:CodeIgniter\View\View::render():221}()
 4 SYSTEMPATH\Common.php(1173): CodeIgniter\View\View->render('office', [], true)
 5 APPPATH\Views\main.php(204): view('office', [])
 6 SYSTEMPATH\View\View.php(224): include('C:\\xampp\\htdocs\\gscgeavotingsystem\\app\\Views\\main.php')
 7 SYSTEMPATH\View\View.php(227): CodeIgniter\View\View->{closure:CodeIgniter\View\View::render():221}()
 8 SYSTEMPATH\Common.php(1173): CodeIgniter\View\View->render('main', [], true)
 9 APPPATH\Controllers\Office.php(83): view('main', [...])
10 SYSTEMPATH\CodeIgniter.php(933): App\Controllers\Office->getIndex()
11 SYSTEMPATH\CodeIgniter.php(507): CodeIgniter\CodeIgniter->runController(Object(App\Controllers\Office))
12 SYSTEMPATH\CodeIgniter.php(354): CodeIgniter\CodeIgniter->handleRequest(null, Object(Config\Cache), false)
13 SYSTEMPATH\Boot.php(334): CodeIgniter\CodeIgniter->run()
14 SYSTEMPATH\Boot.php(67): CodeIgniter\Boot::runCodeIgniter(Object(CodeIgniter\CodeIgniter))
15 FCPATH\index.php(56): CodeIgniter\Boot::bootWeb(Object(Config\Paths))
WARNING - 2026-05-16 11:40:49 --> [DEPRECATED] htmlspecialchars(): Passing null to parameter #1 ($string) of type string is deprecated in APPPATH\Views\office.php on line 39.
 1 APPPATH\Views\office.php(39): htmlspecialchars(null, 3, 'UTF-8')
 2 SYSTEMPATH\View\View.php(224): include('C:\\xampp\\htdocs\\gscgeavotingsystem\\app\\Views\\office.php')
 3 SYSTEMPATH\View\View.php(227): CodeIgniter\View\View->{closure:CodeIgniter\View\View::render():221}()
 4 SYSTEMPATH\Common.php(1173): CodeIgniter\View\View->render('office', [], true)
 5 APPPATH\Views\main.php(204): view('office', [])
 6 SYSTEMPATH\View\View.php(224): include('C:\\xampp\\htdocs\\gscgeavotingsystem\\app\\Views\\main.php')
 7 SYSTEMPATH\View\View.php(227): CodeIgniter\View\View->{closure:CodeIgniter\View\View::render():221}()
 8 SYSTEMPATH\Common.php(1173): CodeIgniter\View\View->render('main', [], true)
 9 APPPATH\Controllers\Office.php(83): view('main', [...])
10 SYSTEMPATH\CodeIgniter.php(933): App\Controllers\Office->getIndex()
11 SYSTEMPATH\CodeIgniter.php(507): CodeIgniter\CodeIgniter->runController(Object(App\Controllers\Office))
12 SYSTEMPATH\CodeIgniter.php(354): CodeIgniter\CodeIgniter->handleRequest(null, Object(Config\Cache), false)
13 SYSTEMPATH\Boot.php(334): CodeIgniter\CodeIgniter->run()
14 SYSTEMPATH\Boot.php(67): CodeIgniter\Boot::runCodeIgniter(Object(CodeIgniter\CodeIgniter))
15 FCPATH\index.php(56): CodeIgniter\Boot::bootWeb(Object(Config\Paths))
WARNING - 2026-05-16 11:40:49 --> [DEPRECATED] htmlspecialchars(): Passing null to parameter #1 ($string) of type string is deprecated in APPPATH\Views\office.php on line 40.
 1 APPPATH\Views\office.php(40): htmlspecialchars(null, 3, 'UTF-8')
 2 SYSTEMPATH\View\View.php(224): include('C:\\xampp\\htdocs\\gscgeavotingsystem\\app\\Views\\office.php')
 3 SYSTEMPATH\View\View.php(227): CodeIgniter\View\View->{closure:CodeIgniter\View\View::render():221}()
 4 SYSTEMPATH\Common.php(1173): CodeIgniter\View\View->render('office', [], true)
 5 APPPATH\Views\main.php(204): view('office', [])
 6 SYSTEMPATH\View\View.php(224): include('C:\\xampp\\htdocs\\gscgeavotingsystem\\app\\Views\\main.php')
 7 SYSTEMPATH\View\View.php(227): CodeIgniter\View\View->{closure:CodeIgniter\View\View::render():221}()
 8 SYSTEMPATH\Common.php(1173): CodeIgniter\View\View->render('main', [], true)
 9 APPPATH\Controllers\Office.php(83): view('main', [...])
10 SYSTEMPATH\CodeIgniter.php(933): App\Controllers\Office->getIndex()
11 SYSTEMPATH\CodeIgniter.php(507): CodeIgniter\CodeIgniter->runController(Object(App\Controllers\Office))
12 SYSTEMPATH\CodeIgniter.php(354): CodeIgniter\CodeIgniter->handleRequest(null, Object(Config\Cache), false)
13 SYSTEMPATH\Boot.php(334): CodeIgniter\CodeIgniter->run()
14 SYSTEMPATH\Boot.php(67): CodeIgniter\Boot::runCodeIgniter(Object(CodeIgniter\CodeIgniter))
15 FCPATH\index.php(56): CodeIgniter\Boot::bootWeb(Object(Config\Paths))
WARNING - 2026-05-16 11:40:49 --> [DEPRECATED] htmlspecialchars(): Passing null to parameter #1 ($string) of type string is deprecated in APPPATH\Views\office.php on line 39.
 1 APPPATH\Views\office.php(39): htmlspecialchars(null, 3, 'UTF-8')
 2 SYSTEMPATH\View\View.php(224): include('C:\\xampp\\htdocs\\gscgeavotingsystem\\app\\Views\\office.php')
 3 SYSTEMPATH\View\View.php(227): CodeIgniter\View\View->{closure:CodeIgniter\View\View::render():221}()
 4 SYSTEMPATH\Common.php(1173): CodeIgniter\View\View->render('office', [], true)
 5 APPPATH\Views\main.php(204): view('office', [])
 6 SYSTEMPATH\View\View.php(224): include('C:\\xampp\\htdocs\\gscgeavotingsystem\\app\\Views\\main.php')
 7 SYSTEMPATH\View\View.php(227): CodeIgniter\View\View->{closure:CodeIgniter\View\View::render():221}()
 8 SYSTEMPATH\Common.php(1173): CodeIgniter\View\View->render('main', [], true)
 9 APPPATH\Controllers\Office.php(83): view('main', [...])
10 SYSTEMPATH\CodeIgniter.php(933): App\Controllers\Office->getIndex()
11 SYSTEMPATH\CodeIgniter.php(507): CodeIgniter\CodeIgniter->runController(Object(App\Controllers\Office))
12 SYSTEMPATH\CodeIgniter.php(354): CodeIgniter\CodeIgniter->handleRequest(null, Object(Config\Cache), false)
13 SYSTEMPATH\Boot.php(334): CodeIgniter\CodeIgniter->run()
14 SYSTEMPATH\Boot.php(67): CodeIgniter\Boot::runCodeIgniter(Object(CodeIgniter\CodeIgniter))
15 FCPATH\index.php(56): CodeIgniter\Boot::bootWeb(Object(Config\Paths))
WARNING - 2026-05-16 11:40:49 --> [DEPRECATED] htmlspecialchars(): Passing null to parameter #1 ($string) of type string is deprecated in APPPATH\Views\office.php on line 40.
 1 APPPATH\Views\office.php(40): htmlspecialchars(null, 3, 'UTF-8')
 2 SYSTEMPATH\View\View.php(224): include('C:\\xampp\\htdocs\\gscgeavotingsystem\\app\\Views\\office.php')
 3 SYSTEMPATH\View\View.php(227): CodeIgniter\View\View->{closure:CodeIgniter\View\View::render():221}()
 4 SYSTEMPATH\Common.php(1173): CodeIgniter\View\View->render('office', [], true)
 5 APPPATH\Views\main.php(204): view('office', [])
 6 SYSTEMPATH\View\View.php(224): include('C:\\xampp\\htdocs\\gscgeavotingsystem\\app\\Views\\main.php')
 7 SYSTEMPATH\View\View.php(227): CodeIgniter\View\View->{closure:CodeIgniter\View\View::render():221}()
 8 SYSTEMPATH\Common.php(1173): CodeIgniter\View\View->render('main', [], true)
 9 APPPATH\Controllers\Office.php(83): view('main', [...])
10 SYSTEMPATH\CodeIgniter.php(933): App\Controllers\Office->getIndex()
11 SYSTEMPATH\CodeIgniter.php(507): CodeIgniter\CodeIgniter->runController(Object(App\Controllers\Office))
12 SYSTEMPATH\CodeIgniter.php(354): CodeIgniter\CodeIgniter->handleRequest(null, Object(Config\Cache), false)
13 SYSTEMPATH\Boot.php(334): CodeIgniter\CodeIgniter->run()
14 SYSTEMPATH\Boot.php(67): CodeIgniter\Boot::runCodeIgniter(Object(CodeIgniter\CodeIgniter))
15 FCPATH\index.php(56): CodeIgniter\Boot::bootWeb(Object(Config\Paths))
WARNING - 2026-05-16 11:40:49 --> [DEPRECATED] htmlspecialchars(): Passing null to parameter #1 ($string) of type string is deprecated in APPPATH\Views\office.php on line 39.
 1 APPPATH\Views\office.php(39): htmlspecialchars(null, 3, 'UTF-8')
 2 SYSTEMPATH\View\View.php(224): include('C:\\xampp\\htdocs\\gscgeavotingsystem\\app\\Views\\office.php')
 3 SYSTEMPATH\View\View.php(227): CodeIgniter\View\View->{closure:CodeIgniter\View\View::render():221}()
 4 SYSTEMPATH\Common.php(1173): CodeIgniter\View\View->render('office', [], true)
 5 APPPATH\Views\main.php(204): view('office', [])
 6 SYSTEMPATH\View\View.php(224): include('C:\\xampp\\htdocs\\gscgeavotingsystem\\app\\Views\\main.php')
 7 SYSTEMPATH\View\View.php(227): CodeIgniter\View\View->{closure:CodeIgniter\View\View::render():221}()
 8 SYSTEMPATH\Common.php(1173): CodeIgniter\View\View->render('main', [], true)
 9 APPPATH\Controllers\Office.php(83): view('main', [...])
10 SYSTEMPATH\CodeIgniter.php(933): App\Controllers\Office->getIndex()
11 SYSTEMPATH\CodeIgniter.php(507): CodeIgniter\CodeIgniter->runController(Object(App\Controllers\Office))
12 SYSTEMPATH\CodeIgniter.php(354): CodeIgniter\CodeIgniter->handleRequest(null, Object(Config\Cache), false)
13 SYSTEMPATH\Boot.php(334): CodeIgniter\CodeIgniter->run()
14 SYSTEMPATH\Boot.php(67): CodeIgniter\Boot::runCodeIgniter(Object(CodeIgniter\CodeIgniter))
15 FCPATH\index.php(56): CodeIgniter\Boot::bootWeb(Object(Config\Paths))
WARNING - 2026-05-16 11:40:49 --> [DEPRECATED] htmlspecialchars(): Passing null to parameter #1 ($string) of type string is deprecated in APPPATH\Views\office.php on line 40.
 1 APPPATH\Views\office.php(40): htmlspecialchars(null, 3, 'UTF-8')
 2 SYSTEMPATH\View\View.php(224): include('C:\\xampp\\htdocs\\gscgeavotingsystem\\app\\Views\\office.php')
 3 SYSTEMPATH\View\View.php(227): CodeIgniter\View\View->{closure:CodeIgniter\View\View::render():221}()
 4 SYSTEMPATH\Common.php(1173): CodeIgniter\View\View->render('office', [], true)
 5 APPPATH\Views\main.php(204): view('office', [])
 6 SYSTEMPATH\View\View.php(224): include('C:\\xampp\\htdocs\\gscgeavotingsystem\\app\\Views\\main.php')
 7 SYSTEMPATH\View\View.php(227): CodeIgniter\View\View->{closure:CodeIgniter\View\View::render():221}()
 8 SYSTEMPATH\Common.php(1173): CodeIgniter\View\View->render('main', [], true)
 9 APPPATH\Controllers\Office.php(83): view('main', [...])
10 SYSTEMPATH\CodeIgniter.php(933): App\Controllers\Office->getIndex()
11 SYSTEMPATH\CodeIgniter.php(507): CodeIgniter\CodeIgniter->runController(Object(App\Controllers\Office))
12 SYSTEMPATH\CodeIgniter.php(354): CodeIgniter\CodeIgniter->handleRequest(null, Object(Config\Cache), false)
13 SYSTEMPATH\Boot.php(334): CodeIgniter\CodeIgniter->run()
14 SYSTEMPATH\Boot.php(67): CodeIgniter\Boot::runCodeIgniter(Object(CodeIgniter\CodeIgniter))
15 FCPATH\index.php(56): CodeIgniter\Boot::bootWeb(Object(Config\Paths))
WARNING - 2026-05-16 11:40:49 --> [DEPRECATED] htmlspecialchars(): Passing null to parameter #1 ($string) of type string is deprecated in APPPATH\Views\office.php on line 39.
 1 APPPATH\Views\office.php(39): htmlspecialchars(null, 3, 'UTF-8')
 2 SYSTEMPATH\View\View.php(224): include('C:\\xampp\\htdocs\\gscgeavotingsystem\\app\\Views\\office.php')
 3 SYSTEMPATH\View\View.php(227): CodeIgniter\View\View->{closure:CodeIgniter\View\View::render():221}()
 4 SYSTEMPATH\Common.php(1173): CodeIgniter\View\View->render('office', [], true)
 5 APPPATH\Views\main.php(204): view('office', [])
 6 SYSTEMPATH\View\View.php(224): include('C:\\xampp\\htdocs\\gscgeavotingsystem\\app\\Views\\main.php')
 7 SYSTEMPATH\View\View.php(227): CodeIgniter\View\View->{closure:CodeIgniter\View\View::render():221}()
 8 SYSTEMPATH\Common.php(1173): CodeIgniter\View\View->render('main', [], true)
 9 APPPATH\Controllers\Office.php(83): view('main', [...])
10 SYSTEMPATH\CodeIgniter.php(933): App\Controllers\Office->getIndex()
11 SYSTEMPATH\CodeIgniter.php(507): CodeIgniter\CodeIgniter->runController(Object(App\Controllers\Office))
12 SYSTEMPATH\CodeIgniter.php(354): CodeIgniter\CodeIgniter->handleRequest(null, Object(Config\Cache), false)
13 SYSTEMPATH\Boot.php(334): CodeIgniter\CodeIgniter->run()
14 SYSTEMPATH\Boot.php(67): CodeIgniter\Boot::runCodeIgniter(Object(CodeIgniter\CodeIgniter))
15 FCPATH\index.php(56): CodeIgniter\Boot::bootWeb(Object(Config\Paths))
WARNING - 2026-05-16 11:40:49 --> [DEPRECATED] htmlspecialchars(): Passing null to parameter #1 ($string) of type string is deprecated in APPPATH\Views\office.php on line 40.
 1 APPPATH\Views\office.php(40): htmlspecialchars(null, 3, 'UTF-8')
 2 SYSTEMPATH\View\View.php(224): include('C:\\xampp\\htdocs\\gscgeavotingsystem\\app\\Views\\office.php')
 3 SYSTEMPATH\View\View.php(227): CodeIgniter\View\View->{closure:CodeIgniter\View\View::render():221}()
 4 SYSTEMPATH\Common.php(1173): CodeIgniter\View\View->render('office', [], true)
 5 APPPATH\Views\main.php(204): view('office', [])
 6 SYSTEMPATH\View\View.php(224): include('C:\\xampp\\htdocs\\gscgeavotingsystem\\app\\Views\\main.php')
 7 SYSTEMPATH\View\View.php(227): CodeIgniter\View\View->{closure:CodeIgniter\View\View::render():221}()
 8 SYSTEMPATH\Common.php(1173): CodeIgniter\View\View->render('main', [], true)
 9 APPPATH\Controllers\Office.php(83): view('main', [...])
10 SYSTEMPATH\CodeIgniter.php(933): App\Controllers\Office->getIndex()
11 SYSTEMPATH\CodeIgniter.php(507): CodeIgniter\CodeIgniter->runController(Object(App\Controllers\Office))
12 SYSTEMPATH\CodeIgniter.php(354): CodeIgniter\CodeIgniter->handleRequest(null, Object(Config\Cache), false)
13 SYSTEMPATH\Boot.php(334): CodeIgniter\CodeIgniter->run()
14 SYSTEMPATH\Boot.php(67): CodeIgniter\Boot::runCodeIgniter(Object(CodeIgniter\CodeIgniter))
15 FCPATH\index.php(56): CodeIgniter\Boot::bootWeb(Object(Config\Paths))
WARNING - 2026-05-16 11:40:49 --> [DEPRECATED] htmlspecialchars(): Passing null to parameter #1 ($string) of type string is deprecated in APPPATH\Views\office.php on line 39.
 1 APPPATH\Views\office.php(39): htmlspecialchars(null, 3, 'UTF-8')
 2 SYSTEMPATH\View\View.php(224): include('C:\\xampp\\htdocs\\gscgeavotingsystem\\app\\Views\\office.php')
 3 SYSTEMPATH\View\View.php(227): CodeIgniter\View\View->{closure:CodeIgniter\View\View::render():221}()
 4 SYSTEMPATH\Common.php(1173): CodeIgniter\View\View->render('office', [], true)
 5 APPPATH\Views\main.php(204): view('office', [])
 6 SYSTEMPATH\View\View.php(224): include('C:\\xampp\\htdocs\\gscgeavotingsystem\\app\\Views\\main.php')
 7 SYSTEMPATH\View\View.php(227): CodeIgniter\View\View->{closure:CodeIgniter\View\View::render():221}()
 8 SYSTEMPATH\Common.php(1173): CodeIgniter\View\View->render('main', [], true)
 9 APPPATH\Controllers\Office.php(83): view('main', [...])
10 SYSTEMPATH\CodeIgniter.php(933): App\Controllers\Office->getIndex()
11 SYSTEMPATH\CodeIgniter.php(507): CodeIgniter\CodeIgniter->runController(Object(App\Controllers\Office))
12 SYSTEMPATH\CodeIgniter.php(354): CodeIgniter\CodeIgniter->handleRequest(null, Object(Config\Cache), false)
13 SYSTEMPATH\Boot.php(334): CodeIgniter\CodeIgniter->run()
14 SYSTEMPATH\Boot.php(67): CodeIgniter\Boot::runCodeIgniter(Object(CodeIgniter\CodeIgniter))
15 FCPATH\index.php(56): CodeIgniter\Boot::bootWeb(Object(Config\Paths))
WARNING - 2026-05-16 11:40:49 --> [DEPRECATED] htmlspecialchars(): Passing null to parameter #1 ($string) of type string is deprecated in APPPATH\Views\office.php on line 40.
 1 APPPATH\Views\office.php(40): htmlspecialchars(null, 3, 'UTF-8')
 2 SYSTEMPATH\View\View.php(224): include('C:\\xampp\\htdocs\\gscgeavotingsystem\\app\\Views\\office.php')
 3 SYSTEMPATH\View\View.php(227): CodeIgniter\View\View->{closure:CodeIgniter\View\View::render():221}()
 4 SYSTEMPATH\Common.php(1173): CodeIgniter\View\View->render('office', [], true)
 5 APPPATH\Views\main.php(204): view('office', [])
 6 SYSTEMPATH\View\View.php(224): include('C:\\xampp\\htdocs\\gscgeavotingsystem\\app\\Views\\main.php')
 7 SYSTEMPATH\View\View.php(227): CodeIgniter\View\View->{closure:CodeIgniter\View\View::render():221}()
 8 SYSTEMPATH\Common.php(1173): CodeIgniter\View\View->render('main', [], true)
 9 APPPATH\Controllers\Office.php(83): view('main', [...])
10 SYSTEMPATH\CodeIgniter.php(933): App\Controllers\Office->getIndex()
11 SYSTEMPATH\CodeIgniter.php(507): CodeIgniter\CodeIgniter->runController(Object(App\Controllers\Office))
12 SYSTEMPATH\CodeIgniter.php(354): CodeIgniter\CodeIgniter->handleRequest(null, Object(Config\Cache), false)
13 SYSTEMPATH\Boot.php(334): CodeIgniter\CodeIgniter->run()
14 SYSTEMPATH\Boot.php(67): CodeIgniter\Boot::runCodeIgniter(Object(CodeIgniter\CodeIgniter))
15 FCPATH\index.php(56): CodeIgniter\Boot::bootWeb(Object(Config\Paths))
WARNING - 2026-05-16 11:40:49 --> [DEPRECATED] htmlspecialchars(): Passing null to parameter #1 ($string) of type string is deprecated in APPPATH\Views\office.php on line 39.
 1 APPPATH\Views\office.php(39): htmlspecialchars(null, 3, 'UTF-8')
 2 SYSTEMPATH\View\View.php(224): include('C:\\xampp\\htdocs\\gscgeavotingsystem\\app\\Views\\office.php')
 3 SYSTEMPATH\View\View.php(227): CodeIgniter\View\View->{closure:CodeIgniter\View\View::render():221}()
 4 SYSTEMPATH\Common.php(1173): CodeIgniter\View\View->render('office', [], true)
 5 APPPATH\Views\main.php(204): view('office', [])
 6 SYSTEMPATH\View\View.php(224): include('C:\\xampp\\htdocs\\gscgeavotingsystem\\app\\Views\\main.php')
 7 SYSTEMPATH\View\View.php(227): CodeIgniter\View\View->{closure:CodeIgniter\View\View::render():221}()
 8 SYSTEMPATH\Common.php(1173): CodeIgniter\View\View->render('main', [], true)
 9 APPPATH\Controllers\Office.php(83): view('main', [...])
10 SYSTEMPATH\CodeIgniter.php(933): App\Controllers\Office->getIndex()
11 SYSTEMPATH\CodeIgniter.php(507): CodeIgniter\CodeIgniter->runController(Object(App\Controllers\Office))
12 SYSTEMPATH\CodeIgniter.php(354): CodeIgniter\CodeIgniter->handleRequest(null, Object(Config\Cache), false)
13 SYSTEMPATH\Boot.php(334): CodeIgniter\CodeIgniter->run()
14 SYSTEMPATH\Boot.php(67): CodeIgniter\Boot::runCodeIgniter(Object(CodeIgniter\CodeIgniter))
15 FCPATH\index.php(56): CodeIgniter\Boot::bootWeb(Object(Config\Paths))
WARNING - 2026-05-16 11:40:49 --> [DEPRECATED] htmlspecialchars(): Passing null to parameter #1 ($string) of type string is deprecated in APPPATH\Views\office.php on line 40.
 1 APPPATH\Views\office.php(40): htmlspecialchars(null, 3, 'UTF-8')
 2 SYSTEMPATH\View\View.php(224): include('C:\\xampp\\htdocs\\gscgeavotingsystem\\app\\Views\\office.php')
 3 SYSTEMPATH\View\View.php(227): CodeIgniter\View\View->{closure:CodeIgniter\View\View::render():221}()
 4 SYSTEMPATH\Common.php(1173): CodeIgniter\View\View->render('office', [], true)
 5 APPPATH\Views\main.php(204): view('office', [])
 6 SYSTEMPATH\View\View.php(224): include('C:\\xampp\\htdocs\\gscgeavotingsystem\\app\\Views\\main.php')
 7 SYSTEMPATH\View\View.php(227): CodeIgniter\View\View->{closure:CodeIgniter\View\View::render():221}()
 8 SYSTEMPATH\Common.php(1173): CodeIgniter\View\View->render('main', [], true)
 9 APPPATH\Controllers\Office.php(83): view('main', [...])
10 SYSTEMPATH\CodeIgniter.php(933): App\Controllers\Office->getIndex()
11 SYSTEMPATH\CodeIgniter.php(507): CodeIgniter\CodeIgniter->runController(Object(App\Controllers\Office))
12 SYSTEMPATH\CodeIgniter.php(354): CodeIgniter\CodeIgniter->handleRequest(null, Object(Config\Cache), false)
13 SYSTEMPATH\Boot.php(334): CodeIgniter\CodeIgniter->run()
14 SYSTEMPATH\Boot.php(67): CodeIgniter\Boot::runCodeIgniter(Object(CodeIgniter\CodeIgniter))
15 FCPATH\index.php(56): CodeIgniter\Boot::bootWeb(Object(Config\Paths))
WARNING - 2026-05-16 11:40:49 --> [DEPRECATED] htmlspecialchars(): Passing null to parameter #1 ($string) of type string is deprecated in APPPATH\Views\office.php on line 39.
 1 APPPATH\Views\office.php(39): htmlspecialchars(null, 3, 'UTF-8')
 2 SYSTEMPATH\View\View.php(224): include('C:\\xampp\\htdocs\\gscgeavotingsystem\\app\\Views\\office.php')
 3 SYSTEMPATH\View\View.php(227): CodeIgniter\View\View->{closure:CodeIgniter\View\View::render():221}()
 4 SYSTEMPATH\Common.php(1173): CodeIgniter\View\View->render('office', [], true)
 5 APPPATH\Views\main.php(204): view('office', [])
 6 SYSTEMPATH\View\View.php(224): include('C:\\xampp\\htdocs\\gscgeavotingsystem\\app\\Views\\main.php')
 7 SYSTEMPATH\View\View.php(227): CodeIgniter\View\View->{closure:CodeIgniter\View\View::render():221}()
 8 SYSTEMPATH\Common.php(1173): CodeIgniter\View\View->render('main', [], true)
 9 APPPATH\Controllers\Office.php(83): view('main', [...])
10 SYSTEMPATH\CodeIgniter.php(933): App\Controllers\Office->getIndex()
11 SYSTEMPATH\CodeIgniter.php(507): CodeIgniter\CodeIgniter->runController(Object(App\Controllers\Office))
12 SYSTEMPATH\CodeIgniter.php(354): CodeIgniter\CodeIgniter->handleRequest(null, Object(Config\Cache), false)
13 SYSTEMPATH\Boot.php(334): CodeIgniter\CodeIgniter->run()
14 SYSTEMPATH\Boot.php(67): CodeIgniter\Boot::runCodeIgniter(Object(CodeIgniter\CodeIgniter))
15 FCPATH\index.php(56): CodeIgniter\Boot::bootWeb(Object(Config\Paths))
WARNING - 2026-05-16 11:40:49 --> [DEPRECATED] htmlspecialchars(): Passing null to parameter #1 ($string) of type string is deprecated in APPPATH\Views\office.php on line 40.
 1 APPPATH\Views\office.php(40): htmlspecialchars(null, 3, 'UTF-8')
 2 SYSTEMPATH\View\View.php(224): include('C:\\xampp\\htdocs\\gscgeavotingsystem\\app\\Views\\office.php')
 3 SYSTEMPATH\View\View.php(227): CodeIgniter\View\View->{closure:CodeIgniter\View\View::render():221}()
 4 SYSTEMPATH\Common.php(1173): CodeIgniter\View\View->render('office', [], true)
 5 APPPATH\Views\main.php(204): view('office', [])
 6 SYSTEMPATH\View\View.php(224): include('C:\\xampp\\htdocs\\gscgeavotingsystem\\app\\Views\\main.php')
 7 SYSTEMPATH\View\View.php(227): CodeIgniter\View\View->{closure:CodeIgniter\View\View::render():221}()
 8 SYSTEMPATH\Common.php(1173): CodeIgniter\View\View->render('main', [], true)
 9 APPPATH\Controllers\Office.php(83): view('main', [...])
10 SYSTEMPATH\CodeIgniter.php(933): App\Controllers\Office->getIndex()
11 SYSTEMPATH\CodeIgniter.php(507): CodeIgniter\CodeIgniter->runController(Object(App\Controllers\Office))
12 SYSTEMPATH\CodeIgniter.php(354): CodeIgniter\CodeIgniter->handleRequest(null, Object(Config\Cache), false)
13 SYSTEMPATH\Boot.php(334): CodeIgniter\CodeIgniter->run()
14 SYSTEMPATH\Boot.php(67): CodeIgniter\Boot::runCodeIgniter(Object(CodeIgniter\CodeIgniter))
15 FCPATH\index.php(56): CodeIgniter\Boot::bootWeb(Object(Config\Paths))
WARNING - 2026-05-16 11:40:49 --> [DEPRECATED] htmlspecialchars(): Passing null to parameter #1 ($string) of type string is deprecated in APPPATH\Views\office.php on line 39.
 1 APPPATH\Views\office.php(39): htmlspecialchars(null, 3, 'UTF-8')
 2 SYSTEMPATH\View\View.php(224): include('C:\\xampp\\htdocs\\gscgeavotingsystem\\app\\Views\\office.php')
 3 SYSTEMPATH\View\View.php(227): CodeIgniter\View\View->{closure:CodeIgniter\View\View::render():221}()
 4 SYSTEMPATH\Common.php(1173): CodeIgniter\View\View->render('office', [], true)
 5 APPPATH\Views\main.php(204): view('office', [])
 6 SYSTEMPATH\View\View.php(224): include('C:\\xampp\\htdocs\\gscgeavotingsystem\\app\\Views\\main.php')
 7 SYSTEMPATH\View\View.php(227): CodeIgniter\View\View->{closure:CodeIgniter\View\View::render():221}()
 8 SYSTEMPATH\Common.php(1173): CodeIgniter\View\View->render('main', [], true)
 9 APPPATH\Controllers\Office.php(83): view('main', [...])
10 SYSTEMPATH\CodeIgniter.php(933): App\Controllers\Office->getIndex()
11 SYSTEMPATH\CodeIgniter.php(507): CodeIgniter\CodeIgniter->runController(Object(App\Controllers\Office))
12 SYSTEMPATH\CodeIgniter.php(354): CodeIgniter\CodeIgniter->handleRequest(null, Object(Config\Cache), false)
13 SYSTEMPATH\Boot.php(334): CodeIgniter\CodeIgniter->run()
14 SYSTEMPATH\Boot.php(67): CodeIgniter\Boot::runCodeIgniter(Object(CodeIgniter\CodeIgniter))
15 FCPATH\index.php(56): CodeIgniter\Boot::bootWeb(Object(Config\Paths))
WARNING - 2026-05-16 11:40:49 --> [DEPRECATED] htmlspecialchars(): Passing null to parameter #1 ($string) of type string is deprecated in APPPATH\Views\office.php on line 40.
 1 APPPATH\Views\office.php(40): htmlspecialchars(null, 3, 'UTF-8')
 2 SYSTEMPATH\View\View.php(224): include('C:\\xampp\\htdocs\\gscgeavotingsystem\\app\\Views\\office.php')
 3 SYSTEMPATH\View\View.php(227): CodeIgniter\View\View->{closure:CodeIgniter\View\View::render():221}()
 4 SYSTEMPATH\Common.php(1173): CodeIgniter\View\View->render('office', [], true)
 5 APPPATH\Views\main.php(204): view('office', [])
 6 SYSTEMPATH\View\View.php(224): include('C:\\xampp\\htdocs\\gscgeavotingsystem\\app\\Views\\main.php')
 7 SYSTEMPATH\View\View.php(227): CodeIgniter\View\View->{closure:CodeIgniter\View\View::render():221}()
 8 SYSTEMPATH\Common.php(1173): CodeIgniter\View\View->render('main', [], true)
 9 APPPATH\Controllers\Office.php(83): view('main', [...])
10 SYSTEMPATH\CodeIgniter.php(933): App\Controllers\Office->getIndex()
11 SYSTEMPATH\CodeIgniter.php(507): CodeIgniter\CodeIgniter->runController(Object(App\Controllers\Office))
12 SYSTEMPATH\CodeIgniter.php(354): CodeIgniter\CodeIgniter->handleRequest(null, Object(Config\Cache), false)
13 SYSTEMPATH\Boot.php(334): CodeIgniter\CodeIgniter->run()
14 SYSTEMPATH\Boot.php(67): CodeIgniter\Boot::runCodeIgniter(Object(CodeIgniter\CodeIgniter))
15 FCPATH\index.php(56): CodeIgniter\Boot::bootWeb(Object(Config\Paths))
WARNING - 2026-05-16 11:40:49 --> [DEPRECATED] htmlspecialchars(): Passing null to parameter #1 ($string) of type string is deprecated in APPPATH\Views\office.php on line 39.
 1 APPPATH\Views\office.php(39): htmlspecialchars(null, 3, 'UTF-8')
 2 SYSTEMPATH\View\View.php(224): include('C:\\xampp\\htdocs\\gscgeavotingsystem\\app\\Views\\office.php')
 3 SYSTEMPATH\View\View.php(227): CodeIgniter\View\View->{closure:CodeIgniter\View\View::render():221}()
 4 SYSTEMPATH\Common.php(1173): CodeIgniter\View\View->render('office', [], true)
 5 APPPATH\Views\main.php(204): view('office', [])
 6 SYSTEMPATH\View\View.php(224): include('C:\\xampp\\htdocs\\gscgeavotingsystem\\app\\Views\\main.php')
 7 SYSTEMPATH\View\View.php(227): CodeIgniter\View\View->{closure:CodeIgniter\View\View::render():221}()
 8 SYSTEMPATH\Common.php(1173): CodeIgniter\View\View->render('main', [], true)
 9 APPPATH\Controllers\Office.php(83): view('main', [...])
10 SYSTEMPATH\CodeIgniter.php(933): App\Controllers\Office->getIndex()
11 SYSTEMPATH\CodeIgniter.php(507): CodeIgniter\CodeIgniter->runController(Object(App\Controllers\Office))
12 SYSTEMPATH\CodeIgniter.php(354): CodeIgniter\CodeIgniter->handleRequest(null, Object(Config\Cache), false)
13 SYSTEMPATH\Boot.php(334): CodeIgniter\CodeIgniter->run()
14 SYSTEMPATH\Boot.php(67): CodeIgniter\Boot::runCodeIgniter(Object(CodeIgniter\CodeIgniter))
15 FCPATH\index.php(56): CodeIgniter\Boot::bootWeb(Object(Config\Paths))
WARNING - 2026-05-16 11:40:49 --> [DEPRECATED] htmlspecialchars(): Passing null to parameter #1 ($string) of type string is deprecated in APPPATH\Views\office.php on line 40.
 1 APPPATH\Views\office.php(40): htmlspecialchars(null, 3, 'UTF-8')
 2 SYSTEMPATH\View\View.php(224): include('C:\\xampp\\htdocs\\gscgeavotingsystem\\app\\Views\\office.php')
 3 SYSTEMPATH\View\View.php(227): CodeIgniter\View\View->{closure:CodeIgniter\View\View::render():221}()
 4 SYSTEMPATH\Common.php(1173): CodeIgniter\View\View->render('office', [], true)
 5 APPPATH\Views\main.php(204): view('office', [])
 6 SYSTEMPATH\View\View.php(224): include('C:\\xampp\\htdocs\\gscgeavotingsystem\\app\\Views\\main.php')
 7 SYSTEMPATH\View\View.php(227): CodeIgniter\View\View->{closure:CodeIgniter\View\View::render():221}()
 8 SYSTEMPATH\Common.php(1173): CodeIgniter\View\View->render('main', [], true)
 9 APPPATH\Controllers\Office.php(83): view('main', [...])
10 SYSTEMPATH\CodeIgniter.php(933): App\Controllers\Office->getIndex()
11 SYSTEMPATH\CodeIgniter.php(507): CodeIgniter\CodeIgniter->runController(Object(App\Controllers\Office))
12 SYSTEMPATH\CodeIgniter.php(354): CodeIgniter\CodeIgniter->handleRequest(null, Object(Config\Cache), false)
13 SYSTEMPATH\Boot.php(334): CodeIgniter\CodeIgniter->run()
14 SYSTEMPATH\Boot.php(67): CodeIgniter\Boot::runCodeIgniter(Object(CodeIgniter\CodeIgniter))
15 FCPATH\index.php(56): CodeIgniter\Boot::bootWeb(Object(Config\Paths))
WARNING - 2026-05-16 11:40:49 --> [DEPRECATED] htmlspecialchars(): Passing null to parameter #1 ($string) of type string is deprecated in APPPATH\Views\office.php on line 39.
 1 APPPATH\Views\office.php(39): htmlspecialchars(null, 3, 'UTF-8')
 2 SYSTEMPATH\View\View.php(224): include('C:\\xampp\\htdocs\\gscgeavotingsystem\\app\\Views\\office.php')
 3 SYSTEMPATH\View\View.php(227): CodeIgniter\View\View->{closure:CodeIgniter\View\View::render():221}()
 4 SYSTEMPATH\Common.php(1173): CodeIgniter\View\View->render('office', [], true)
 5 APPPATH\Views\main.php(204): view('office', [])
 6 SYSTEMPATH\View\View.php(224): include('C:\\xampp\\htdocs\\gscgeavotingsystem\\app\\Views\\main.php')
 7 SYSTEMPATH\View\View.php(227): CodeIgniter\View\View->{closure:CodeIgniter\View\View::render():221}()
 8 SYSTEMPATH\Common.php(1173): CodeIgniter\View\View->render('main', [], true)
 9 APPPATH\Controllers\Office.php(83): view('main', [...])
10 SYSTEMPATH\CodeIgniter.php(933): App\Controllers\Office->getIndex()
11 SYSTEMPATH\CodeIgniter.php(507): CodeIgniter\CodeIgniter->runController(Object(App\Controllers\Office))
12 SYSTEMPATH\CodeIgniter.php(354): CodeIgniter\CodeIgniter->handleRequest(null, Object(Config\Cache), false)
13 SYSTEMPATH\Boot.php(334): CodeIgniter\CodeIgniter->run()
14 SYSTEMPATH\Boot.php(67): CodeIgniter\Boot::runCodeIgniter(Object(CodeIgniter\CodeIgniter))
15 FCPATH\index.php(56): CodeIgniter\Boot::bootWeb(Object(Config\Paths))
WARNING - 2026-05-16 11:40:49 --> [DEPRECATED] htmlspecialchars(): Passing null to parameter #1 ($string) of type string is deprecated in APPPATH\Views\office.php on line 40.
 1 APPPATH\Views\office.php(40): htmlspecialchars(null, 3, 'UTF-8')
 2 SYSTEMPATH\View\View.php(224): include('C:\\xampp\\htdocs\\gscgeavotingsystem\\app\\Views\\office.php')
 3 SYSTEMPATH\View\View.php(227): CodeIgniter\View\View->{closure:CodeIgniter\View\View::render():221}()
 4 SYSTEMPATH\Common.php(1173): CodeIgniter\View\View->render('office', [], true)
 5 APPPATH\Views\main.php(204): view('office', [])
 6 SYSTEMPATH\View\View.php(224): include('C:\\xampp\\htdocs\\gscgeavotingsystem\\app\\Views\\main.php')
 7 SYSTEMPATH\View\View.php(227): CodeIgniter\View\View->{closure:CodeIgniter\View\View::render():221}()
 8 SYSTEMPATH\Common.php(1173): CodeIgniter\View\View->render('main', [], true)
 9 APPPATH\Controllers\Office.php(83): view('main', [...])
10 SYSTEMPATH\CodeIgniter.php(933): App\Controllers\Office->getIndex()
11 SYSTEMPATH\CodeIgniter.php(507): CodeIgniter\CodeIgniter->runController(Object(App\Controllers\Office))
12 SYSTEMPATH\CodeIgniter.php(354): CodeIgniter\CodeIgniter->handleRequest(null, Object(Config\Cache), false)
13 SYSTEMPATH\Boot.php(334): CodeIgniter\CodeIgniter->run()
14 SYSTEMPATH\Boot.php(67): CodeIgniter\Boot::runCodeIgniter(Object(CodeIgniter\CodeIgniter))
15 FCPATH\index.php(56): CodeIgniter\Boot::bootWeb(Object(Config\Paths))
WARNING - 2026-05-16 11:40:49 --> [DEPRECATED] htmlspecialchars(): Passing null to parameter #1 ($string) of type string is deprecated in APPPATH\Views\office.php on line 39.
 1 APPPATH\Views\office.php(39): htmlspecialchars(null, 3, 'UTF-8')
 2 SYSTEMPATH\View\View.php(224): include('C:\\xampp\\htdocs\\gscgeavotingsystem\\app\\Views\\office.php')
 3 SYSTEMPATH\View\View.php(227): CodeIgniter\View\View->{closure:CodeIgniter\View\View::render():221}()
 4 SYSTEMPATH\Common.php(1173): CodeIgniter\View\View->render('office', [], true)
 5 APPPATH\Views\main.php(204): view('office', [])
 6 SYSTEMPATH\View\View.php(224): include('C:\\xampp\\htdocs\\gscgeavotingsystem\\app\\Views\\main.php')
 7 SYSTEMPATH\View\View.php(227): CodeIgniter\View\View->{closure:CodeIgniter\View\View::render():221}()
 8 SYSTEMPATH\Common.php(1173): CodeIgniter\View\View->render('main', [], true)
 9 APPPATH\Controllers\Office.php(83): view('main', [...])
10 SYSTEMPATH\CodeIgniter.php(933): App\Controllers\Office->getIndex()
11 SYSTEMPATH\CodeIgniter.php(507): CodeIgniter\CodeIgniter->runController(Object(App\Controllers\Office))
12 SYSTEMPATH\CodeIgniter.php(354): CodeIgniter\CodeIgniter->handleRequest(null, Object(Config\Cache), false)
13 SYSTEMPATH\Boot.php(334): CodeIgniter\CodeIgniter->run()
14 SYSTEMPATH\Boot.php(67): CodeIgniter\Boot::runCodeIgniter(Object(CodeIgniter\CodeIgniter))
15 FCPATH\index.php(56): CodeIgniter\Boot::bootWeb(Object(Config\Paths))
WARNING - 2026-05-16 11:40:49 --> [DEPRECATED] htmlspecialchars(): Passing null to parameter #1 ($string) of type string is deprecated in APPPATH\Views\office.php on line 40.
 1 APPPATH\Views\office.php(40): htmlspecialchars(null, 3, 'UTF-8')
 2 SYSTEMPATH\View\View.php(224): include('C:\\xampp\\htdocs\\gscgeavotingsystem\\app\\Views\\office.php')
 3 SYSTEMPATH\View\View.php(227): CodeIgniter\View\View->{closure:CodeIgniter\View\View::render():221}()
 4 SYSTEMPATH\Common.php(1173): CodeIgniter\View\View->render('office', [], true)
 5 APPPATH\Views\main.php(204): view('office', [])
 6 SYSTEMPATH\View\View.php(224): include('C:\\xampp\\htdocs\\gscgeavotingsystem\\app\\Views\\main.php')
 7 SYSTEMPATH\View\View.php(227): CodeIgniter\View\View->{closure:CodeIgniter\View\View::render():221}()
 8 SYSTEMPATH\Common.php(1173): CodeIgniter\View\View->render('main', [], true)
 9 APPPATH\Controllers\Office.php(83): view('main', [...])
10 SYSTEMPATH\CodeIgniter.php(933): App\Controllers\Office->getIndex()
11 SYSTEMPATH\CodeIgniter.php(507): CodeIgniter\CodeIgniter->runController(Object(App\Controllers\Office))
12 SYSTEMPATH\CodeIgniter.php(354): CodeIgniter\CodeIgniter->handleRequest(null, Object(Config\Cache), false)
13 SYSTEMPATH\Boot.php(334): CodeIgniter\CodeIgniter->run()
14 SYSTEMPATH\Boot.php(67): CodeIgniter\Boot::runCodeIgniter(Object(CodeIgniter\CodeIgniter))
15 FCPATH\index.php(56): CodeIgniter\Boot::bootWeb(Object(Config\Paths))
WARNING - 2026-05-16 11:40:49 --> [DEPRECATED] htmlspecialchars(): Passing null to parameter #1 ($string) of type string is deprecated in APPPATH\Views\office.php on line 39.
 1 APPPATH\Views\office.php(39): htmlspecialchars(null, 3, 'UTF-8')
 2 SYSTEMPATH\View\View.php(224): include('C:\\xampp\\htdocs\\gscgeavotingsystem\\app\\Views\\office.php')
 3 SYSTEMPATH\View\View.php(227): CodeIgniter\View\View->{closure:CodeIgniter\View\View::render():221}()
 4 SYSTEMPATH\Common.php(1173): CodeIgniter\View\View->render('office', [], true)
 5 APPPATH\Views\main.php(204): view('office', [])
 6 SYSTEMPATH\View\View.php(224): include('C:\\xampp\\htdocs\\gscgeavotingsystem\\app\\Views\\main.php')
 7 SYSTEMPATH\View\View.php(227): CodeIgniter\View\View->{closure:CodeIgniter\View\View::render():221}()
 8 SYSTEMPATH\Common.php(1173): CodeIgniter\View\View->render('main', [], true)
 9 APPPATH\Controllers\Office.php(83): view('main', [...])
10 SYSTEMPATH\CodeIgniter.php(933): App\Controllers\Office->getIndex()
11 SYSTEMPATH\CodeIgniter.php(507): CodeIgniter\CodeIgniter->runController(Object(App\Controllers\Office))
12 SYSTEMPATH\CodeIgniter.php(354): CodeIgniter\CodeIgniter->handleRequest(null, Object(Config\Cache), false)
13 SYSTEMPATH\Boot.php(334): CodeIgniter\CodeIgniter->run()
14 SYSTEMPATH\Boot.php(67): CodeIgniter\Boot::runCodeIgniter(Object(CodeIgniter\CodeIgniter))
15 FCPATH\index.php(56): CodeIgniter\Boot::bootWeb(Object(Config\Paths))
WARNING - 2026-05-16 11:40:49 --> [DEPRECATED] htmlspecialchars(): Passing null to parameter #1 ($string) of type string is deprecated in APPPATH\Views\office.php on line 40.
 1 APPPATH\Views\office.php(40): htmlspecialchars(null, 3, 'UTF-8')
 2 SYSTEMPATH\View\View.php(224): include('C:\\xampp\\htdocs\\gscgeavotingsystem\\app\\Views\\office.php')
 3 SYSTEMPATH\View\View.php(227): CodeIgniter\View\View->{closure:CodeIgniter\View\View::render():221}()
 4 SYSTEMPATH\Common.php(1173): CodeIgniter\View\View->render('office', [], true)
 5 APPPATH\Views\main.php(204): view('office', [])
 6 SYSTEMPATH\View\View.php(224): include('C:\\xampp\\htdocs\\gscgeavotingsystem\\app\\Views\\main.php')
 7 SYSTEMPATH\View\View.php(227): CodeIgniter\View\View->{closure:CodeIgniter\View\View::render():221}()
 8 SYSTEMPATH\Common.php(1173): CodeIgniter\View\View->render('main', [], true)
 9 APPPATH\Controllers\Office.php(83): view('main', [...])
10 SYSTEMPATH\CodeIgniter.php(933): App\Controllers\Office->getIndex()
11 SYSTEMPATH\CodeIgniter.php(507): CodeIgniter\CodeIgniter->runController(Object(App\Controllers\Office))
12 SYSTEMPATH\CodeIgniter.php(354): CodeIgniter\CodeIgniter->handleRequest(null, Object(Config\Cache), false)
13 SYSTEMPATH\Boot.php(334): CodeIgniter\CodeIgniter->run()
14 SYSTEMPATH\Boot.php(67): CodeIgniter\Boot::runCodeIgniter(Object(CodeIgniter\CodeIgniter))
15 FCPATH\index.php(56): CodeIgniter\Boot::bootWeb(Object(Config\Paths))
WARNING - 2026-05-16 11:40:49 --> [DEPRECATED] htmlspecialchars(): Passing null to parameter #1 ($string) of type string is deprecated in APPPATH\Views\office.php on line 39.
 1 APPPATH\Views\office.php(39): htmlspecialchars(null, 3, 'UTF-8')
 2 SYSTEMPATH\View\View.php(224): include('C:\\xampp\\htdocs\\gscgeavotingsystem\\app\\Views\\office.php')
 3 SYSTEMPATH\View\View.php(227): CodeIgniter\View\View->{closure:CodeIgniter\View\View::render():221}()
 4 SYSTEMPATH\Common.php(1173): CodeIgniter\View\View->render('office', [], true)
 5 APPPATH\Views\main.php(204): view('office', [])
 6 SYSTEMPATH\View\View.php(224): include('C:\\xampp\\htdocs\\gscgeavotingsystem\\app\\Views\\main.php')
 7 SYSTEMPATH\View\View.php(227): CodeIgniter\View\View->{closure:CodeIgniter\View\View::render():221}()
 8 SYSTEMPATH\Common.php(1173): CodeIgniter\View\View->render('main', [], true)
 9 APPPATH\Controllers\Office.php(83): view('main', [...])
10 SYSTEMPATH\CodeIgniter.php(933): App\Controllers\Office->getIndex()
11 SYSTEMPATH\CodeIgniter.php(507): CodeIgniter\CodeIgniter->runController(Object(App\Controllers\Office))
12 SYSTEMPATH\CodeIgniter.php(354): CodeIgniter\CodeIgniter->handleRequest(null, Object(Config\Cache), false)
13 SYSTEMPATH\Boot.php(334): CodeIgniter\CodeIgniter->run()
14 SYSTEMPATH\Boot.php(67): CodeIgniter\Boot::runCodeIgniter(Object(CodeIgniter\CodeIgniter))
15 FCPATH\index.php(56): CodeIgniter\Boot::bootWeb(Object(Config\Paths))
WARNING - 2026-05-16 11:40:49 --> [DEPRECATED] htmlspecialchars(): Passing null to parameter #1 ($string) of type string is deprecated in APPPATH\Views\office.php on line 40.
 1 APPPATH\Views\office.php(40): htmlspecialchars(null, 3, 'UTF-8')
 2 SYSTEMPATH\View\View.php(224): include('C:\\xampp\\htdocs\\gscgeavotingsystem\\app\\Views\\office.php')
 3 SYSTEMPATH\View\View.php(227): CodeIgniter\View\View->{closure:CodeIgniter\View\View::render():221}()
 4 SYSTEMPATH\Common.php(1173): CodeIgniter\View\View->render('office', [], true)
 5 APPPATH\Views\main.php(204): view('office', [])
 6 SYSTEMPATH\View\View.php(224): include('C:\\xampp\\htdocs\\gscgeavotingsystem\\app\\Views\\main.php')
 7 SYSTEMPATH\View\View.php(227): CodeIgniter\View\View->{closure:CodeIgniter\View\View::render():221}()
 8 SYSTEMPATH\Common.php(1173): CodeIgniter\View\View->render('main', [], true)
 9 APPPATH\Controllers\Office.php(83): view('main', [...])
10 SYSTEMPATH\CodeIgniter.php(933): App\Controllers\Office->getIndex()
11 SYSTEMPATH\CodeIgniter.php(507): CodeIgniter\CodeIgniter->runController(Object(App\Controllers\Office))
12 SYSTEMPATH\CodeIgniter.php(354): CodeIgniter\CodeIgniter->handleRequest(null, Object(Config\Cache), false)
13 SYSTEMPATH\Boot.php(334): CodeIgniter\CodeIgniter->run()
14 SYSTEMPATH\Boot.php(67): CodeIgniter\Boot::runCodeIgniter(Object(CodeIgniter\CodeIgniter))
15 FCPATH\index.php(56): CodeIgniter\Boot::bootWeb(Object(Config\Paths))
WARNING - 2026-05-16 11:40:49 --> [DEPRECATED] htmlspecialchars(): Passing null to parameter #1 ($string) of type string is deprecated in APPPATH\Views\office.php on line 39.
 1 APPPATH\Views\office.php(39): htmlspecialchars(null, 3, 'UTF-8')
 2 SYSTEMPATH\View\View.php(224): include('C:\\xampp\\htdocs\\gscgeavotingsystem\\app\\Views\\office.php')
 3 SYSTEMPATH\View\View.php(227): CodeIgniter\View\View->{closure:CodeIgniter\View\View::render():221}()
 4 SYSTEMPATH\Common.php(1173): CodeIgniter\View\View->render('office', [], true)
 5 APPPATH\Views\main.php(204): view('office', [])
 6 SYSTEMPATH\View\View.php(224): include('C:\\xampp\\htdocs\\gscgeavotingsystem\\app\\Views\\main.php')
 7 SYSTEMPATH\View\View.php(227): CodeIgniter\View\View->{closure:CodeIgniter\View\View::render():221}()
 8 SYSTEMPATH\Common.php(1173): CodeIgniter\View\View->render('main', [], true)
 9 APPPATH\Controllers\Office.php(83): view('main', [...])
10 SYSTEMPATH\CodeIgniter.php(933): App\Controllers\Office->getIndex()
11 SYSTEMPATH\CodeIgniter.php(507): CodeIgniter\CodeIgniter->runController(Object(App\Controllers\Office))
12 SYSTEMPATH\CodeIgniter.php(354): CodeIgniter\CodeIgniter->handleRequest(null, Object(Config\Cache), false)
13 SYSTEMPATH\Boot.php(334): CodeIgniter\CodeIgniter->run()
14 SYSTEMPATH\Boot.php(67): CodeIgniter\Boot::runCodeIgniter(Object(CodeIgniter\CodeIgniter))
15 FCPATH\index.php(56): CodeIgniter\Boot::bootWeb(Object(Config\Paths))
WARNING - 2026-05-16 11:40:49 --> [DEPRECATED] htmlspecialchars(): Passing null to parameter #1 ($string) of type string is deprecated in APPPATH\Views\office.php on line 40.
 1 APPPATH\Views\office.php(40): htmlspecialchars(null, 3, 'UTF-8')
 2 SYSTEMPATH\View\View.php(224): include('C:\\xampp\\htdocs\\gscgeavotingsystem\\app\\Views\\office.php')
 3 SYSTEMPATH\View\View.php(227): CodeIgniter\View\View->{closure:CodeIgniter\View\View::render():221}()
 4 SYSTEMPATH\Common.php(1173): CodeIgniter\View\View->render('office', [], true)
 5 APPPATH\Views\main.php(204): view('office', [])
 6 SYSTEMPATH\View\View.php(224): include('C:\\xampp\\htdocs\\gscgeavotingsystem\\app\\Views\\main.php')
 7 SYSTEMPATH\View\View.php(227): CodeIgniter\View\View->{closure:CodeIgniter\View\View::render():221}()
 8 SYSTEMPATH\Common.php(1173): CodeIgniter\View\View->render('main', [], true)
 9 APPPATH\Controllers\Office.php(83): view('main', [...])
10 SYSTEMPATH\CodeIgniter.php(933): App\Controllers\Office->getIndex()
11 SYSTEMPATH\CodeIgniter.php(507): CodeIgniter\CodeIgniter->runController(Object(App\Controllers\Office))
12 SYSTEMPATH\CodeIgniter.php(354): CodeIgniter\CodeIgniter->handleRequest(null, Object(Config\Cache), false)
13 SYSTEMPATH\Boot.php(334): CodeIgniter\CodeIgniter->run()
14 SYSTEMPATH\Boot.php(67): CodeIgniter\Boot::runCodeIgniter(Object(CodeIgniter\CodeIgniter))
15 FCPATH\index.php(56): CodeIgniter\Boot::bootWeb(Object(Config\Paths))
WARNING - 2026-05-16 11:40:49 --> [DEPRECATED] htmlspecialchars(): Passing null to parameter #1 ($string) of type string is deprecated in APPPATH\Views\office.php on line 39.
 1 APPPATH\Views\office.php(39): htmlspecialchars(null, 3, 'UTF-8')
 2 SYSTEMPATH\View\View.php(224): include('C:\\xampp\\htdocs\\gscgeavotingsystem\\app\\Views\\office.php')
 3 SYSTEMPATH\View\View.php(227): CodeIgniter\View\View->{closure:CodeIgniter\View\View::render():221}()
 4 SYSTEMPATH\Common.php(1173): CodeIgniter\View\View->render('office', [], true)
 5 APPPATH\Views\main.php(204): view('office', [])
 6 SYSTEMPATH\View\View.php(224): include('C:\\xampp\\htdocs\\gscgeavotingsystem\\app\\Views\\main.php')
 7 SYSTEMPATH\View\View.php(227): CodeIgniter\View\View->{closure:CodeIgniter\View\View::render():221}()
 8 SYSTEMPATH\Common.php(1173): CodeIgniter\View\View->render('main', [], true)
 9 APPPATH\Controllers\Office.php(83): view('main', [...])
10 SYSTEMPATH\CodeIgniter.php(933): App\Controllers\Office->getIndex()
11 SYSTEMPATH\CodeIgniter.php(507): CodeIgniter\CodeIgniter->runController(Object(App\Controllers\Office))
12 SYSTEMPATH\CodeIgniter.php(354): CodeIgniter\CodeIgniter->handleRequest(null, Object(Config\Cache), false)
13 SYSTEMPATH\Boot.php(334): CodeIgniter\CodeIgniter->run()
14 SYSTEMPATH\Boot.php(67): CodeIgniter\Boot::runCodeIgniter(Object(CodeIgniter\CodeIgniter))
15 FCPATH\index.php(56): CodeIgniter\Boot::bootWeb(Object(Config\Paths))
WARNING - 2026-05-16 11:40:49 --> [DEPRECATED] htmlspecialchars(): Passing null to parameter #1 ($string) of type string is deprecated in APPPATH\Views\office.php on line 40.
 1 APPPATH\Views\office.php(40): htmlspecialchars(null, 3, 'UTF-8')
 2 SYSTEMPATH\View\View.php(224): include('C:\\xampp\\htdocs\\gscgeavotingsystem\\app\\Views\\office.php')
 3 SYSTEMPATH\View\View.php(227): CodeIgniter\View\View->{closure:CodeIgniter\View\View::render():221}()
 4 SYSTEMPATH\Common.php(1173): CodeIgniter\View\View->render('office', [], true)
 5 APPPATH\Views\main.php(204): view('office', [])
 6 SYSTEMPATH\View\View.php(224): include('C:\\xampp\\htdocs\\gscgeavotingsystem\\app\\Views\\main.php')
 7 SYSTEMPATH\View\View.php(227): CodeIgniter\View\View->{closure:CodeIgniter\View\View::render():221}()
 8 SYSTEMPATH\Common.php(1173): CodeIgniter\View\View->render('main', [], true)
 9 APPPATH\Controllers\Office.php(83): view('main', [...])
10 SYSTEMPATH\CodeIgniter.php(933): App\Controllers\Office->getIndex()
11 SYSTEMPATH\CodeIgniter.php(507): CodeIgniter\CodeIgniter->runController(Object(App\Controllers\Office))
12 SYSTEMPATH\CodeIgniter.php(354): CodeIgniter\CodeIgniter->handleRequest(null, Object(Config\Cache), false)
13 SYSTEMPATH\Boot.php(334): CodeIgniter\CodeIgniter->run()
14 SYSTEMPATH\Boot.php(67): CodeIgniter\Boot::runCodeIgniter(Object(CodeIgniter\CodeIgniter))
15 FCPATH\index.php(56): CodeIgniter\Boot::bootWeb(Object(Config\Paths))
WARNING - 2026-05-16 11:40:49 --> [DEPRECATED] htmlspecialchars(): Passing null to parameter #1 ($string) of type string is deprecated in APPPATH\Views\office.php on line 39.
 1 APPPATH\Views\office.php(39): htmlspecialchars(null, 3, 'UTF-8')
 2 SYSTEMPATH\View\View.php(224): include('C:\\xampp\\htdocs\\gscgeavotingsystem\\app\\Views\\office.php')
 3 SYSTEMPATH\View\View.php(227): CodeIgniter\View\View->{closure:CodeIgniter\View\View::render():221}()
 4 SYSTEMPATH\Common.php(1173): CodeIgniter\View\View->render('office', [], true)
 5 APPPATH\Views\main.php(204): view('office', [])
 6 SYSTEMPATH\View\View.php(224): include('C:\\xampp\\htdocs\\gscgeavotingsystem\\app\\Views\\main.php')
 7 SYSTEMPATH\View\View.php(227): CodeIgniter\View\View->{closure:CodeIgniter\View\View::render():221}()
 8 SYSTEMPATH\Common.php(1173): CodeIgniter\View\View->render('main', [], true)
 9 APPPATH\Controllers\Office.php(83): view('main', [...])
10 SYSTEMPATH\CodeIgniter.php(933): App\Controllers\Office->getIndex()
11 SYSTEMPATH\CodeIgniter.php(507): CodeIgniter\CodeIgniter->runController(Object(App\Controllers\Office))
12 SYSTEMPATH\CodeIgniter.php(354): CodeIgniter\CodeIgniter->handleRequest(null, Object(Config\Cache), false)
13 SYSTEMPATH\Boot.php(334): CodeIgniter\CodeIgniter->run()
14 SYSTEMPATH\Boot.php(67): CodeIgniter\Boot::runCodeIgniter(Object(CodeIgniter\CodeIgniter))
15 FCPATH\index.php(56): CodeIgniter\Boot::bootWeb(Object(Config\Paths))
WARNING - 2026-05-16 11:40:49 --> [DEPRECATED] htmlspecialchars(): Passing null to parameter #1 ($string) of type string is deprecated in APPPATH\Views\office.php on line 40.
 1 APPPATH\Views\office.php(40): htmlspecialchars(null, 3, 'UTF-8')
 2 SYSTEMPATH\View\View.php(224): include('C:\\xampp\\htdocs\\gscgeavotingsystem\\app\\Views\\office.php')
 3 SYSTEMPATH\View\View.php(227): CodeIgniter\View\View->{closure:CodeIgniter\View\View::render():221}()
 4 SYSTEMPATH\Common.php(1173): CodeIgniter\View\View->render('office', [], true)
 5 APPPATH\Views\main.php(204): view('office', [])
 6 SYSTEMPATH\View\View.php(224): include('C:\\xampp\\htdocs\\gscgeavotingsystem\\app\\Views\\main.php')
 7 SYSTEMPATH\View\View.php(227): CodeIgniter\View\View->{closure:CodeIgniter\View\View::render():221}()
 8 SYSTEMPATH\Common.php(1173): CodeIgniter\View\View->render('main', [], true)
 9 APPPATH\Controllers\Office.php(83): view('main', [...])
10 SYSTEMPATH\CodeIgniter.php(933): App\Controllers\Office->getIndex()
11 SYSTEMPATH\CodeIgniter.php(507): CodeIgniter\CodeIgniter->runController(Object(App\Controllers\Office))
12 SYSTEMPATH\CodeIgniter.php(354): CodeIgniter\CodeIgniter->handleRequest(null, Object(Config\Cache), false)
13 SYSTEMPATH\Boot.php(334): CodeIgniter\CodeIgniter->run()
14 SYSTEMPATH\Boot.php(67): CodeIgniter\Boot::runCodeIgniter(Object(CodeIgniter\CodeIgniter))
15 FCPATH\index.php(56): CodeIgniter\Boot::bootWeb(Object(Config\Paths))
WARNING - 2026-05-16 11:40:49 --> [DEPRECATED] htmlspecialchars(): Passing null to parameter #1 ($string) of type string is deprecated in APPPATH\Views\office.php on line 39.
 1 APPPATH\Views\office.php(39): htmlspecialchars(null, 3, 'UTF-8')
 2 SYSTEMPATH\View\View.php(224): include('C:\\xampp\\htdocs\\gscgeavotingsystem\\app\\Views\\office.php')
 3 SYSTEMPATH\View\View.php(227): CodeIgniter\View\View->{closure:CodeIgniter\View\View::render():221}()
 4 SYSTEMPATH\Common.php(1173): CodeIgniter\View\View->render('office', [], true)
 5 APPPATH\Views\main.php(204): view('office', [])
 6 SYSTEMPATH\View\View.php(224): include('C:\\xampp\\htdocs\\gscgeavotingsystem\\app\\Views\\main.php')
 7 SYSTEMPATH\View\View.php(227): CodeIgniter\View\View->{closure:CodeIgniter\View\View::render():221}()
 8 SYSTEMPATH\Common.php(1173): CodeIgniter\View\View->render('main', [], true)
 9 APPPATH\Controllers\Office.php(83): view('main', [...])
10 SYSTEMPATH\CodeIgniter.php(933): App\Controllers\Office->getIndex()
11 SYSTEMPATH\CodeIgniter.php(507): CodeIgniter\CodeIgniter->runController(Object(App\Controllers\Office))
12 SYSTEMPATH\CodeIgniter.php(354): CodeIgniter\CodeIgniter->handleRequest(null, Object(Config\Cache), false)
13 SYSTEMPATH\Boot.php(334): CodeIgniter\CodeIgniter->run()
14 SYSTEMPATH\Boot.php(67): CodeIgniter\Boot::runCodeIgniter(Object(CodeIgniter\CodeIgniter))
15 FCPATH\index.php(56): CodeIgniter\Boot::bootWeb(Object(Config\Paths))
WARNING - 2026-05-16 11:40:49 --> [DEPRECATED] htmlspecialchars(): Passing null to parameter #1 ($string) of type string is deprecated in APPPATH\Views\office.php on line 40.
 1 APPPATH\Views\office.php(40): htmlspecialchars(null, 3, 'UTF-8')
 2 SYSTEMPATH\View\View.php(224): include('C:\\xampp\\htdocs\\gscgeavotingsystem\\app\\Views\\office.php')
 3 SYSTEMPATH\View\View.php(227): CodeIgniter\View\View->{closure:CodeIgniter\View\View::render():221}()
 4 SYSTEMPATH\Common.php(1173): CodeIgniter\View\View->render('office', [], true)
 5 APPPATH\Views\main.php(204): view('office', [])
 6 SYSTEMPATH\View\View.php(224): include('C:\\xampp\\htdocs\\gscgeavotingsystem\\app\\Views\\main.php')
 7 SYSTEMPATH\View\View.php(227): CodeIgniter\View\View->{closure:CodeIgniter\View\View::render():221}()
 8 SYSTEMPATH\Common.php(1173): CodeIgniter\View\View->render('main', [], true)
 9 APPPATH\Controllers\Office.php(83): view('main', [...])
10 SYSTEMPATH\CodeIgniter.php(933): App\Controllers\Office->getIndex()
11 SYSTEMPATH\CodeIgniter.php(507): CodeIgniter\CodeIgniter->runController(Object(App\Controllers\Office))
12 SYSTEMPATH\CodeIgniter.php(354): CodeIgniter\CodeIgniter->handleRequest(null, Object(Config\Cache), false)
13 SYSTEMPATH\Boot.php(334): CodeIgniter\CodeIgniter->run()
14 SYSTEMPATH\Boot.php(67): CodeIgniter\Boot::runCodeIgniter(Object(CodeIgniter\CodeIgniter))
15 FCPATH\index.php(56): CodeIgniter\Boot::bootWeb(Object(Config\Paths))
WARNING - 2026-05-16 11:40:49 --> [DEPRECATED] htmlspecialchars(): Passing null to parameter #1 ($string) of type string is deprecated in APPPATH\Views\office.php on line 39.
 1 APPPATH\Views\office.php(39): htmlspecialchars(null, 3, 'UTF-8')
 2 SYSTEMPATH\View\View.php(224): include('C:\\xampp\\htdocs\\gscgeavotingsystem\\app\\Views\\office.php')
 3 SYSTEMPATH\View\View.php(227): CodeIgniter\View\View->{closure:CodeIgniter\View\View::render():221}()
 4 SYSTEMPATH\Common.php(1173): CodeIgniter\View\View->render('office', [], true)
 5 APPPATH\Views\main.php(204): view('office', [])
 6 SYSTEMPATH\View\View.php(224): include('C:\\xampp\\htdocs\\gscgeavotingsystem\\app\\Views\\main.php')
 7 SYSTEMPATH\View\View.php(227): CodeIgniter\View\View->{closure:CodeIgniter\View\View::render():221}()
 8 SYSTEMPATH\Common.php(1173): CodeIgniter\View\View->render('main', [], true)
 9 APPPATH\Controllers\Office.php(83): view('main', [...])
10 SYSTEMPATH\CodeIgniter.php(933): App\Controllers\Office->getIndex()
11 SYSTEMPATH\CodeIgniter.php(507): CodeIgniter\CodeIgniter->runController(Object(App\Controllers\Office))
12 SYSTEMPATH\CodeIgniter.php(354): CodeIgniter\CodeIgniter->handleRequest(null, Object(Config\Cache), false)
13 SYSTEMPATH\Boot.php(334): CodeIgniter\CodeIgniter->run()
14 SYSTEMPATH\Boot.php(67): CodeIgniter\Boot::runCodeIgniter(Object(CodeIgniter\CodeIgniter))
15 FCPATH\index.php(56): CodeIgniter\Boot::bootWeb(Object(Config\Paths))
WARNING - 2026-05-16 11:40:49 --> [DEPRECATED] htmlspecialchars(): Passing null to parameter #1 ($string) of type string is deprecated in APPPATH\Views\office.php on line 40.
 1 APPPATH\Views\office.php(40): htmlspecialchars(null, 3, 'UTF-8')
 2 SYSTEMPATH\View\View.php(224): include('C:\\xampp\\htdocs\\gscgeavotingsystem\\app\\Views\\office.php')
 3 SYSTEMPATH\View\View.php(227): CodeIgniter\View\View->{closure:CodeIgniter\View\View::render():221}()
 4 SYSTEMPATH\Common.php(1173): CodeIgniter\View\View->render('office', [], true)
 5 APPPATH\Views\main.php(204): view('office', [])
 6 SYSTEMPATH\View\View.php(224): include('C:\\xampp\\htdocs\\gscgeavotingsystem\\app\\Views\\main.php')
 7 SYSTEMPATH\View\View.php(227): CodeIgniter\View\View->{closure:CodeIgniter\View\View::render():221}()
 8 SYSTEMPATH\Common.php(1173): CodeIgniter\View\View->render('main', [], true)
 9 APPPATH\Controllers\Office.php(83): view('main', [...])
10 SYSTEMPATH\CodeIgniter.php(933): App\Controllers\Office->getIndex()
11 SYSTEMPATH\CodeIgniter.php(507): CodeIgniter\CodeIgniter->runController(Object(App\Controllers\Office))
12 SYSTEMPATH\CodeIgniter.php(354): CodeIgniter\CodeIgniter->handleRequest(null, Object(Config\Cache), false)
13 SYSTEMPATH\Boot.php(334): CodeIgniter\CodeIgniter->run()
14 SYSTEMPATH\Boot.php(67): CodeIgniter\Boot::runCodeIgniter(Object(CodeIgniter\CodeIgniter))
15 FCPATH\index.php(56): CodeIgniter\Boot::bootWeb(Object(Config\Paths))
WARNING - 2026-05-16 11:40:49 --> [DEPRECATED] htmlspecialchars(): Passing null to parameter #1 ($string) of type string is deprecated in APPPATH\Views\office.php on line 39.
 1 APPPATH\Views\office.php(39): htmlspecialchars(null, 3, 'UTF-8')
 2 SYSTEMPATH\View\View.php(224): include('C:\\xampp\\htdocs\\gscgeavotingsystem\\app\\Views\\office.php')
 3 SYSTEMPATH\View\View.php(227): CodeIgniter\View\View->{closure:CodeIgniter\View\View::render():221}()
 4 SYSTEMPATH\Common.php(1173): CodeIgniter\View\View->render('office', [], true)
 5 APPPATH\Views\main.php(204): view('office', [])
 6 SYSTEMPATH\View\View.php(224): include('C:\\xampp\\htdocs\\gscgeavotingsystem\\app\\Views\\main.php')
 7 SYSTEMPATH\View\View.php(227): CodeIgniter\View\View->{closure:CodeIgniter\View\View::render():221}()
 8 SYSTEMPATH\Common.php(1173): CodeIgniter\View\View->render('main', [], true)
 9 APPPATH\Controllers\Office.php(83): view('main', [...])
10 SYSTEMPATH\CodeIgniter.php(933): App\Controllers\Office->getIndex()
11 SYSTEMPATH\CodeIgniter.php(507): CodeIgniter\CodeIgniter->runController(Object(App\Controllers\Office))
12 SYSTEMPATH\CodeIgniter.php(354): CodeIgniter\CodeIgniter->handleRequest(null, Object(Config\Cache), false)
13 SYSTEMPATH\Boot.php(334): CodeIgniter\CodeIgniter->run()
14 SYSTEMPATH\Boot.php(67): CodeIgniter\Boot::runCodeIgniter(Object(CodeIgniter\CodeIgniter))
15 FCPATH\index.php(56): CodeIgniter\Boot::bootWeb(Object(Config\Paths))
WARNING - 2026-05-16 11:40:49 --> [DEPRECATED] htmlspecialchars(): Passing null to parameter #1 ($string) of type string is deprecated in APPPATH\Views\office.php on line 40.
 1 APPPATH\Views\office.php(40): htmlspecialchars(null, 3, 'UTF-8')
 2 SYSTEMPATH\View\View.php(224): include('C:\\xampp\\htdocs\\gscgeavotingsystem\\app\\Views\\office.php')
 3 SYSTEMPATH\View\View.php(227): CodeIgniter\View\View->{closure:CodeIgniter\View\View::render():221}()
 4 SYSTEMPATH\Common.php(1173): CodeIgniter\View\View->render('office', [], true)
 5 APPPATH\Views\main.php(204): view('office', [])
 6 SYSTEMPATH\View\View.php(224): include('C:\\xampp\\htdocs\\gscgeavotingsystem\\app\\Views\\main.php')
 7 SYSTEMPATH\View\View.php(227): CodeIgniter\View\View->{closure:CodeIgniter\View\View::render():221}()
 8 SYSTEMPATH\Common.php(1173): CodeIgniter\View\View->render('main', [], true)
 9 APPPATH\Controllers\Office.php(83): view('main', [...])
10 SYSTEMPATH\CodeIgniter.php(933): App\Controllers\Office->getIndex()
11 SYSTEMPATH\CodeIgniter.php(507): CodeIgniter\CodeIgniter->runController(Object(App\Controllers\Office))
12 SYSTEMPATH\CodeIgniter.php(354): CodeIgniter\CodeIgniter->handleRequest(null, Object(Config\Cache), false)
13 SYSTEMPATH\Boot.php(334): CodeIgniter\CodeIgniter->run()
14 SYSTEMPATH\Boot.php(67): CodeIgniter\Boot::runCodeIgniter(Object(CodeIgniter\CodeIgniter))
15 FCPATH\index.php(56): CodeIgniter\Boot::bootWeb(Object(Config\Paths))
WARNING - 2026-05-16 11:40:49 --> [DEPRECATED] htmlspecialchars(): Passing null to parameter #1 ($string) of type string is deprecated in APPPATH\Views\office.php on line 39.
 1 APPPATH\Views\office.php(39): htmlspecialchars(null, 3, 'UTF-8')
 2 SYSTEMPATH\View\View.php(224): include('C:\\xampp\\htdocs\\gscgeavotingsystem\\app\\Views\\office.php')
 3 SYSTEMPATH\View\View.php(227): CodeIgniter\View\View->{closure:CodeIgniter\View\View::render():221}()
 4 SYSTEMPATH\Common.php(1173): CodeIgniter\View\View->render('office', [], true)
 5 APPPATH\Views\main.php(204): view('office', [])
 6 SYSTEMPATH\View\View.php(224): include('C:\\xampp\\htdocs\\gscgeavotingsystem\\app\\Views\\main.php')
 7 SYSTEMPATH\View\View.php(227): CodeIgniter\View\View->{closure:CodeIgniter\View\View::render():221}()
 8 SYSTEMPATH\Common.php(1173): CodeIgniter\View\View->render('main', [], true)
 9 APPPATH\Controllers\Office.php(83): view('main', [...])
10 SYSTEMPATH\CodeIgniter.php(933): App\Controllers\Office->getIndex()
11 SYSTEMPATH\CodeIgniter.php(507): CodeIgniter\CodeIgniter->runController(Object(App\Controllers\Office))
12 SYSTEMPATH\CodeIgniter.php(354): CodeIgniter\CodeIgniter->handleRequest(null, Object(Config\Cache), false)
13 SYSTEMPATH\Boot.php(334): CodeIgniter\CodeIgniter->run()
14 SYSTEMPATH\Boot.php(67): CodeIgniter\Boot::runCodeIgniter(Object(CodeIgniter\CodeIgniter))
15 FCPATH\index.php(56): CodeIgniter\Boot::bootWeb(Object(Config\Paths))
WARNING - 2026-05-16 11:40:49 --> [DEPRECATED] htmlspecialchars(): Passing null to parameter #1 ($string) of type string is deprecated in APPPATH\Views\office.php on line 40.
 1 APPPATH\Views\office.php(40): htmlspecialchars(null, 3, 'UTF-8')
 2 SYSTEMPATH\View\View.php(224): include('C:\\xampp\\htdocs\\gscgeavotingsystem\\app\\Views\\office.php')
 3 SYSTEMPATH\View\View.php(227): CodeIgniter\View\View->{closure:CodeIgniter\View\View::render():221}()
 4 SYSTEMPATH\Common.php(1173): CodeIgniter\View\View->render('office', [], true)
 5 APPPATH\Views\main.php(204): view('office', [])
 6 SYSTEMPATH\View\View.php(224): include('C:\\xampp\\htdocs\\gscgeavotingsystem\\app\\Views\\main.php')
 7 SYSTEMPATH\View\View.php(227): CodeIgniter\View\View->{closure:CodeIgniter\View\View::render():221}()
 8 SYSTEMPATH\Common.php(1173): CodeIgniter\View\View->render('main', [], true)
 9 APPPATH\Controllers\Office.php(83): view('main', [...])
10 SYSTEMPATH\CodeIgniter.php(933): App\Controllers\Office->getIndex()
11 SYSTEMPATH\CodeIgniter.php(507): CodeIgniter\CodeIgniter->runController(Object(App\Controllers\Office))
12 SYSTEMPATH\CodeIgniter.php(354): CodeIgniter\CodeIgniter->handleRequest(null, Object(Config\Cache), false)
13 SYSTEMPATH\Boot.php(334): CodeIgniter\CodeIgniter->run()
14 SYSTEMPATH\Boot.php(67): CodeIgniter\Boot::runCodeIgniter(Object(CodeIgniter\CodeIgniter))
15 FCPATH\index.php(56): CodeIgniter\Boot::bootWeb(Object(Config\Paths))
WARNING - 2026-05-16 11:40:49 --> [DEPRECATED] htmlspecialchars(): Passing null to parameter #1 ($string) of type string is deprecated in APPPATH\Views\office.php on line 39.
 1 APPPATH\Views\office.php(39): htmlspecialchars(null, 3, 'UTF-8')
 2 SYSTEMPATH\View\View.php(224): include('C:\\xampp\\htdocs\\gscgeavotingsystem\\app\\Views\\office.php')
 3 SYSTEMPATH\View\View.php(227): CodeIgniter\View\View->{closure:CodeIgniter\View\View::render():221}()
 4 SYSTEMPATH\Common.php(1173): CodeIgniter\View\View->render('office', [], true)
 5 APPPATH\Views\main.php(204): view('office', [])
 6 SYSTEMPATH\View\View.php(224): include('C:\\xampp\\htdocs\\gscgeavotingsystem\\app\\Views\\main.php')
 7 SYSTEMPATH\View\View.php(227): CodeIgniter\View\View->{closure:CodeIgniter\View\View::render():221}()
 8 SYSTEMPATH\Common.php(1173): CodeIgniter\View\View->render('main', [], true)
 9 APPPATH\Controllers\Office.php(83): view('main', [...])
10 SYSTEMPATH\CodeIgniter.php(933): App\Controllers\Office->getIndex()
11 SYSTEMPATH\CodeIgniter.php(507): CodeIgniter\CodeIgniter->runController(Object(App\Controllers\Office))
12 SYSTEMPATH\CodeIgniter.php(354): CodeIgniter\CodeIgniter->handleRequest(null, Object(Config\Cache), false)
13 SYSTEMPATH\Boot.php(334): CodeIgniter\CodeIgniter->run()
14 SYSTEMPATH\Boot.php(67): CodeIgniter\Boot::runCodeIgniter(Object(CodeIgniter\CodeIgniter))
15 FCPATH\index.php(56): CodeIgniter\Boot::bootWeb(Object(Config\Paths))
WARNING - 2026-05-16 11:40:49 --> [DEPRECATED] htmlspecialchars(): Passing null to parameter #1 ($string) of type string is deprecated in APPPATH\Views\office.php on line 40.
 1 APPPATH\Views\office.php(40): htmlspecialchars(null, 3, 'UTF-8')
 2 SYSTEMPATH\View\View.php(224): include('C:\\xampp\\htdocs\\gscgeavotingsystem\\app\\Views\\office.php')
 3 SYSTEMPATH\View\View.php(227): CodeIgniter\View\View->{closure:CodeIgniter\View\View::render():221}()
 4 SYSTEMPATH\Common.php(1173): CodeIgniter\View\View->render('office', [], true)
 5 APPPATH\Views\main.php(204): view('office', [])
 6 SYSTEMPATH\View\View.php(224): include('C:\\xampp\\htdocs\\gscgeavotingsystem\\app\\Views\\main.php')
 7 SYSTEMPATH\View\View.php(227): CodeIgniter\View\View->{closure:CodeIgniter\View\View::render():221}()
 8 SYSTEMPATH\Common.php(1173): CodeIgniter\View\View->render('main', [], true)
 9 APPPATH\Controllers\Office.php(83): view('main', [...])
10 SYSTEMPATH\CodeIgniter.php(933): App\Controllers\Office->getIndex()
11 SYSTEMPATH\CodeIgniter.php(507): CodeIgniter\CodeIgniter->runController(Object(App\Controllers\Office))
12 SYSTEMPATH\CodeIgniter.php(354): CodeIgniter\CodeIgniter->handleRequest(null, Object(Config\Cache), false)
13 SYSTEMPATH\Boot.php(334): CodeIgniter\CodeIgniter->run()
14 SYSTEMPATH\Boot.php(67): CodeIgniter\Boot::runCodeIgniter(Object(CodeIgniter\CodeIgniter))
15 FCPATH\index.php(56): CodeIgniter\Boot::bootWeb(Object(Config\Paths))
WARNING - 2026-05-16 11:40:49 --> [DEPRECATED] htmlspecialchars(): Passing null to parameter #1 ($string) of type string is deprecated in APPPATH\Views\office.php on line 39.
 1 APPPATH\Views\office.php(39): htmlspecialchars(null, 3, 'UTF-8')
 2 SYSTEMPATH\View\View.php(224): include('C:\\xampp\\htdocs\\gscgeavotingsystem\\app\\Views\\office.php')
 3 SYSTEMPATH\View\View.php(227): CodeIgniter\View\View->{closure:CodeIgniter\View\View::render():221}()
 4 SYSTEMPATH\Common.php(1173): CodeIgniter\View\View->render('office', [], true)
 5 APPPATH\Views\main.php(204): view('office', [])
 6 SYSTEMPATH\View\View.php(224): include('C:\\xampp\\htdocs\\gscgeavotingsystem\\app\\Views\\main.php')
 7 SYSTEMPATH\View\View.php(227): CodeIgniter\View\View->{closure:CodeIgniter\View\View::render():221}()
 8 SYSTEMPATH\Common.php(1173): CodeIgniter\View\View->render('main', [], true)
 9 APPPATH\Controllers\Office.php(83): view('main', [...])
10 SYSTEMPATH\CodeIgniter.php(933): App\Controllers\Office->getIndex()
11 SYSTEMPATH\CodeIgniter.php(507): CodeIgniter\CodeIgniter->runController(Object(App\Controllers\Office))
12 SYSTEMPATH\CodeIgniter.php(354): CodeIgniter\CodeIgniter->handleRequest(null, Object(Config\Cache), false)
13 SYSTEMPATH\Boot.php(334): CodeIgniter\CodeIgniter->run()
14 SYSTEMPATH\Boot.php(67): CodeIgniter\Boot::runCodeIgniter(Object(CodeIgniter\CodeIgniter))
15 FCPATH\index.php(56): CodeIgniter\Boot::bootWeb(Object(Config\Paths))
WARNING - 2026-05-16 11:40:49 --> [DEPRECATED] htmlspecialchars(): Passing null to parameter #1 ($string) of type string is deprecated in APPPATH\Views\office.php on line 40.
 1 APPPATH\Views\office.php(40): htmlspecialchars(null, 3, 'UTF-8')
 2 SYSTEMPATH\View\View.php(224): include('C:\\xampp\\htdocs\\gscgeavotingsystem\\app\\Views\\office.php')
 3 SYSTEMPATH\View\View.php(227): CodeIgniter\View\View->{closure:CodeIgniter\View\View::render():221}()
 4 SYSTEMPATH\Common.php(1173): CodeIgniter\View\View->render('office', [], true)
 5 APPPATH\Views\main.php(204): view('office', [])
 6 SYSTEMPATH\View\View.php(224): include('C:\\xampp\\htdocs\\gscgeavotingsystem\\app\\Views\\main.php')
 7 SYSTEMPATH\View\View.php(227): CodeIgniter\View\View->{closure:CodeIgniter\View\View::render():221}()
 8 SYSTEMPATH\Common.php(1173): CodeIgniter\View\View->render('main', [], true)
 9 APPPATH\Controllers\Office.php(83): view('main', [...])
10 SYSTEMPATH\CodeIgniter.php(933): App\Controllers\Office->getIndex()
11 SYSTEMPATH\CodeIgniter.php(507): CodeIgniter\CodeIgniter->runController(Object(App\Controllers\Office))
12 SYSTEMPATH\CodeIgniter.php(354): CodeIgniter\CodeIgniter->handleRequest(null, Object(Config\Cache), false)
13 SYSTEMPATH\Boot.php(334): CodeIgniter\CodeIgniter->run()
14 SYSTEMPATH\Boot.php(67): CodeIgniter\Boot::runCodeIgniter(Object(CodeIgniter\CodeIgniter))
15 FCPATH\index.php(56): CodeIgniter\Boot::bootWeb(Object(Config\Paths))
WARNING - 2026-05-16 11:40:49 --> [DEPRECATED] htmlspecialchars(): Passing null to parameter #1 ($string) of type string is deprecated in APPPATH\Views\office.php on line 39.
 1 APPPATH\Views\office.php(39): htmlspecialchars(null, 3, 'UTF-8')
 2 SYSTEMPATH\View\View.php(224): include('C:\\xampp\\htdocs\\gscgeavotingsystem\\app\\Views\\office.php')
 3 SYSTEMPATH\View\View.php(227): CodeIgniter\View\View->{closure:CodeIgniter\View\View::render():221}()
 4 SYSTEMPATH\Common.php(1173): CodeIgniter\View\View->render('office', [], true)
 5 APPPATH\Views\main.php(204): view('office', [])
 6 SYSTEMPATH\View\View.php(224): include('C:\\xampp\\htdocs\\gscgeavotingsystem\\app\\Views\\main.php')
 7 SYSTEMPATH\View\View.php(227): CodeIgniter\View\View->{closure:CodeIgniter\View\View::render():221}()
 8 SYSTEMPATH\Common.php(1173): CodeIgniter\View\View->render('main', [], true)
 9 APPPATH\Controllers\Office.php(83): view('main', [...])
10 SYSTEMPATH\CodeIgniter.php(933): App\Controllers\Office->getIndex()
11 SYSTEMPATH\CodeIgniter.php(507): CodeIgniter\CodeIgniter->runController(Object(App\Controllers\Office))
12 SYSTEMPATH\CodeIgniter.php(354): CodeIgniter\CodeIgniter->handleRequest(null, Object(Config\Cache), false)
13 SYSTEMPATH\Boot.php(334): CodeIgniter\CodeIgniter->run()
14 SYSTEMPATH\Boot.php(67): CodeIgniter\Boot::runCodeIgniter(Object(CodeIgniter\CodeIgniter))
15 FCPATH\index.php(56): CodeIgniter\Boot::bootWeb(Object(Config\Paths))
WARNING - 2026-05-16 11:40:50 --> [DEPRECATED] htmlspecialchars(): Passing null to parameter #1 ($string) of type string is deprecated in APPPATH\Views\office.php on line 40.
 1 APPPATH\Views\office.php(40): htmlspecialchars(null, 3, 'UTF-8')
 2 SYSTEMPATH\View\View.php(224): include('C:\\xampp\\htdocs\\gscgeavotingsystem\\app\\Views\\office.php')
 3 SYSTEMPATH\View\View.php(227): CodeIgniter\View\View->{closure:CodeIgniter\View\View::render():221}()
 4 SYSTEMPATH\Common.php(1173): CodeIgniter\View\View->render('office', [], true)
 5 APPPATH\Views\main.php(204): view('office', [])
 6 SYSTEMPATH\View\View.php(224): include('C:\\xampp\\htdocs\\gscgeavotingsystem\\app\\Views\\main.php')
 7 SYSTEMPATH\View\View.php(227): CodeIgniter\View\View->{closure:CodeIgniter\View\View::render():221}()
 8 SYSTEMPATH\Common.php(1173): CodeIgniter\View\View->render('main', [], true)
 9 APPPATH\Controllers\Office.php(83): view('main', [...])
10 SYSTEMPATH\CodeIgniter.php(933): App\Controllers\Office->getIndex()
11 SYSTEMPATH\CodeIgniter.php(507): CodeIgniter\CodeIgniter->runController(Object(App\Controllers\Office))
12 SYSTEMPATH\CodeIgniter.php(354): CodeIgniter\CodeIgniter->handleRequest(null, Object(Config\Cache), false)
13 SYSTEMPATH\Boot.php(334): CodeIgniter\CodeIgniter->run()
14 SYSTEMPATH\Boot.php(67): CodeIgniter\Boot::runCodeIgniter(Object(CodeIgniter\CodeIgniter))
15 FCPATH\index.php(56): CodeIgniter\Boot::bootWeb(Object(Config\Paths))
WARNING - 2026-05-16 11:40:50 --> [DEPRECATED] htmlspecialchars(): Passing null to parameter #1 ($string) of type string is deprecated in APPPATH\Views\office.php on line 39.
 1 APPPATH\Views\office.php(39): htmlspecialchars(null, 3, 'UTF-8')
 2 SYSTEMPATH\View\View.php(224): include('C:\\xampp\\htdocs\\gscgeavotingsystem\\app\\Views\\office.php')
 3 SYSTEMPATH\View\View.php(227): CodeIgniter\View\View->{closure:CodeIgniter\View\View::render():221}()
 4 SYSTEMPATH\Common.php(1173): CodeIgniter\View\View->render('office', [], true)
 5 APPPATH\Views\main.php(204): view('office', [])
 6 SYSTEMPATH\View\View.php(224): include('C:\\xampp\\htdocs\\gscgeavotingsystem\\app\\Views\\main.php')
 7 SYSTEMPATH\View\View.php(227): CodeIgniter\View\View->{closure:CodeIgniter\View\View::render():221}()
 8 SYSTEMPATH\Common.php(1173): CodeIgniter\View\View->render('main', [], true)
 9 APPPATH\Controllers\Office.php(83): view('main', [...])
10 SYSTEMPATH\CodeIgniter.php(933): App\Controllers\Office->getIndex()
11 SYSTEMPATH\CodeIgniter.php(507): CodeIgniter\CodeIgniter->runController(Object(App\Controllers\Office))
12 SYSTEMPATH\CodeIgniter.php(354): CodeIgniter\CodeIgniter->handleRequest(null, Object(Config\Cache), false)
13 SYSTEMPATH\Boot.php(334): CodeIgniter\CodeIgniter->run()
14 SYSTEMPATH\Boot.php(67): CodeIgniter\Boot::runCodeIgniter(Object(CodeIgniter\CodeIgniter))
15 FCPATH\index.php(56): CodeIgniter\Boot::bootWeb(Object(Config\Paths))
WARNING - 2026-05-16 11:40:50 --> [DEPRECATED] htmlspecialchars(): Passing null to parameter #1 ($string) of type string is deprecated in APPPATH\Views\office.php on line 40.
 1 APPPATH\Views\office.php(40): htmlspecialchars(null, 3, 'UTF-8')
 2 SYSTEMPATH\View\View.php(224): include('C:\\xampp\\htdocs\\gscgeavotingsystem\\app\\Views\\office.php')
 3 SYSTEMPATH\View\View.php(227): CodeIgniter\View\View->{closure:CodeIgniter\View\View::render():221}()
 4 SYSTEMPATH\Common.php(1173): CodeIgniter\View\View->render('office', [], true)
 5 APPPATH\Views\main.php(204): view('office', [])
 6 SYSTEMPATH\View\View.php(224): include('C:\\xampp\\htdocs\\gscgeavotingsystem\\app\\Views\\main.php')
 7 SYSTEMPATH\View\View.php(227): CodeIgniter\View\View->{closure:CodeIgniter\View\View::render():221}()
 8 SYSTEMPATH\Common.php(1173): CodeIgniter\View\View->render('main', [], true)
 9 APPPATH\Controllers\Office.php(83): view('main', [...])
10 SYSTEMPATH\CodeIgniter.php(933): App\Controllers\Office->getIndex()
11 SYSTEMPATH\CodeIgniter.php(507): CodeIgniter\CodeIgniter->runController(Object(App\Controllers\Office))
12 SYSTEMPATH\CodeIgniter.php(354): CodeIgniter\CodeIgniter->handleRequest(null, Object(Config\Cache), false)
13 SYSTEMPATH\Boot.php(334): CodeIgniter\CodeIgniter->run()
14 SYSTEMPATH\Boot.php(67): CodeIgniter\Boot::runCodeIgniter(Object(CodeIgniter\CodeIgniter))
15 FCPATH\index.php(56): CodeIgniter\Boot::bootWeb(Object(Config\Paths))
WARNING - 2026-05-16 11:40:50 --> [DEPRECATED] htmlspecialchars(): Passing null to parameter #1 ($string) of type string is deprecated in APPPATH\Views\office.php on line 39.
 1 APPPATH\Views\office.php(39): htmlspecialchars(null, 3, 'UTF-8')
 2 SYSTEMPATH\View\View.php(224): include('C:\\xampp\\htdocs\\gscgeavotingsystem\\app\\Views\\office.php')
 3 SYSTEMPATH\View\View.php(227): CodeIgniter\View\View->{closure:CodeIgniter\View\View::render():221}()
 4 SYSTEMPATH\Common.php(1173): CodeIgniter\View\View->render('office', [], true)
 5 APPPATH\Views\main.php(204): view('office', [])
 6 SYSTEMPATH\View\View.php(224): include('C:\\xampp\\htdocs\\gscgeavotingsystem\\app\\Views\\main.php')
 7 SYSTEMPATH\View\View.php(227): CodeIgniter\View\View->{closure:CodeIgniter\View\View::render():221}()
 8 SYSTEMPATH\Common.php(1173): CodeIgniter\View\View->render('main', [], true)
 9 APPPATH\Controllers\Office.php(83): view('main', [...])
10 SYSTEMPATH\CodeIgniter.php(933): App\Controllers\Office->getIndex()
11 SYSTEMPATH\CodeIgniter.php(507): CodeIgniter\CodeIgniter->runController(Object(App\Controllers\Office))
12 SYSTEMPATH\CodeIgniter.php(354): CodeIgniter\CodeIgniter->handleRequest(null, Object(Config\Cache), false)
13 SYSTEMPATH\Boot.php(334): CodeIgniter\CodeIgniter->run()
14 SYSTEMPATH\Boot.php(67): CodeIgniter\Boot::runCodeIgniter(Object(CodeIgniter\CodeIgniter))
15 FCPATH\index.php(56): CodeIgniter\Boot::bootWeb(Object(Config\Paths))
WARNING - 2026-05-16 11:40:50 --> [DEPRECATED] htmlspecialchars(): Passing null to parameter #1 ($string) of type string is deprecated in APPPATH\Views\office.php on line 40.
 1 APPPATH\Views\office.php(40): htmlspecialchars(null, 3, 'UTF-8')
 2 SYSTEMPATH\View\View.php(224): include('C:\\xampp\\htdocs\\gscgeavotingsystem\\app\\Views\\office.php')
 3 SYSTEMPATH\View\View.php(227): CodeIgniter\View\View->{closure:CodeIgniter\View\View::render():221}()
 4 SYSTEMPATH\Common.php(1173): CodeIgniter\View\View->render('office', [], true)
 5 APPPATH\Views\main.php(204): view('office', [])
 6 SYSTEMPATH\View\View.php(224): include('C:\\xampp\\htdocs\\gscgeavotingsystem\\app\\Views\\main.php')
 7 SYSTEMPATH\View\View.php(227): CodeIgniter\View\View->{closure:CodeIgniter\View\View::render():221}()
 8 SYSTEMPATH\Common.php(1173): CodeIgniter\View\View->render('main', [], true)
 9 APPPATH\Controllers\Office.php(83): view('main', [...])
10 SYSTEMPATH\CodeIgniter.php(933): App\Controllers\Office->getIndex()
11 SYSTEMPATH\CodeIgniter.php(507): CodeIgniter\CodeIgniter->runController(Object(App\Controllers\Office))
12 SYSTEMPATH\CodeIgniter.php(354): CodeIgniter\CodeIgniter->handleRequest(null, Object(Config\Cache), false)
13 SYSTEMPATH\Boot.php(334): CodeIgniter\CodeIgniter->run()
14 SYSTEMPATH\Boot.php(67): CodeIgniter\Boot::runCodeIgniter(Object(CodeIgniter\CodeIgniter))
15 FCPATH\index.php(56): CodeIgniter\Boot::bootWeb(Object(Config\Paths))
WARNING - 2026-05-16 11:40:50 --> [DEPRECATED] htmlspecialchars(): Passing null to parameter #1 ($string) of type string is deprecated in APPPATH\Views\office.php on line 39.
 1 APPPATH\Views\office.php(39): htmlspecialchars(null, 3, 'UTF-8')
 2 SYSTEMPATH\View\View.php(224): include('C:\\xampp\\htdocs\\gscgeavotingsystem\\app\\Views\\office.php')
 3 SYSTEMPATH\View\View.php(227): CodeIgniter\View\View->{closure:CodeIgniter\View\View::render():221}()
 4 SYSTEMPATH\Common.php(1173): CodeIgniter\View\View->render('office', [], true)
 5 APPPATH\Views\main.php(204): view('office', [])
 6 SYSTEMPATH\View\View.php(224): include('C:\\xampp\\htdocs\\gscgeavotingsystem\\app\\Views\\main.php')
 7 SYSTEMPATH\View\View.php(227): CodeIgniter\View\View->{closure:CodeIgniter\View\View::render():221}()
 8 SYSTEMPATH\Common.php(1173): CodeIgniter\View\View->render('main', [], true)
 9 APPPATH\Controllers\Office.php(83): view('main', [...])
10 SYSTEMPATH\CodeIgniter.php(933): App\Controllers\Office->getIndex()
11 SYSTEMPATH\CodeIgniter.php(507): CodeIgniter\CodeIgniter->runController(Object(App\Controllers\Office))
12 SYSTEMPATH\CodeIgniter.php(354): CodeIgniter\CodeIgniter->handleRequest(null, Object(Config\Cache), false)
13 SYSTEMPATH\Boot.php(334): CodeIgniter\CodeIgniter->run()
14 SYSTEMPATH\Boot.php(67): CodeIgniter\Boot::runCodeIgniter(Object(CodeIgniter\CodeIgniter))
15 FCPATH\index.php(56): CodeIgniter\Boot::bootWeb(Object(Config\Paths))
WARNING - 2026-05-16 11:40:50 --> [DEPRECATED] htmlspecialchars(): Passing null to parameter #1 ($string) of type string is deprecated in APPPATH\Views\office.php on line 40.
 1 APPPATH\Views\office.php(40): htmlspecialchars(null, 3, 'UTF-8')
 2 SYSTEMPATH\View\View.php(224): include('C:\\xampp\\htdocs\\gscgeavotingsystem\\app\\Views\\office.php')
 3 SYSTEMPATH\View\View.php(227): CodeIgniter\View\View->{closure:CodeIgniter\View\View::render():221}()
 4 SYSTEMPATH\Common.php(1173): CodeIgniter\View\View->render('office', [], true)
 5 APPPATH\Views\main.php(204): view('office', [])
 6 SYSTEMPATH\View\View.php(224): include('C:\\xampp\\htdocs\\gscgeavotingsystem\\app\\Views\\main.php')
 7 SYSTEMPATH\View\View.php(227): CodeIgniter\View\View->{closure:CodeIgniter\View\View::render():221}()
 8 SYSTEMPATH\Common.php(1173): CodeIgniter\View\View->render('main', [], true)
 9 APPPATH\Controllers\Office.php(83): view('main', [...])
10 SYSTEMPATH\CodeIgniter.php(933): App\Controllers\Office->getIndex()
11 SYSTEMPATH\CodeIgniter.php(507): CodeIgniter\CodeIgniter->runController(Object(App\Controllers\Office))
12 SYSTEMPATH\CodeIgniter.php(354): CodeIgniter\CodeIgniter->handleRequest(null, Object(Config\Cache), false)
13 SYSTEMPATH\Boot.php(334): CodeIgniter\CodeIgniter->run()
14 SYSTEMPATH\Boot.php(67): CodeIgniter\Boot::runCodeIgniter(Object(CodeIgniter\CodeIgniter))
15 FCPATH\index.php(56): CodeIgniter\Boot::bootWeb(Object(Config\Paths))
WARNING - 2026-05-16 11:40:50 --> [DEPRECATED] htmlspecialchars(): Passing null to parameter #1 ($string) of type string is deprecated in APPPATH\Views\office.php on line 39.
 1 APPPATH\Views\office.php(39): htmlspecialchars(null, 3, 'UTF-8')
 2 SYSTEMPATH\View\View.php(224): include('C:\\xampp\\htdocs\\gscgeavotingsystem\\app\\Views\\office.php')
 3 SYSTEMPATH\View\View.php(227): CodeIgniter\View\View->{closure:CodeIgniter\View\View::render():221}()
 4 SYSTEMPATH\Common.php(1173): CodeIgniter\View\View->render('office', [], true)
 5 APPPATH\Views\main.php(204): view('office', [])
 6 SYSTEMPATH\View\View.php(224): include('C:\\xampp\\htdocs\\gscgeavotingsystem\\app\\Views\\main.php')
 7 SYSTEMPATH\View\View.php(227): CodeIgniter\View\View->{closure:CodeIgniter\View\View::render():221}()
 8 SYSTEMPATH\Common.php(1173): CodeIgniter\View\View->render('main', [], true)
 9 APPPATH\Controllers\Office.php(83): view('main', [...])
10 SYSTEMPATH\CodeIgniter.php(933): App\Controllers\Office->getIndex()
11 SYSTEMPATH\CodeIgniter.php(507): CodeIgniter\CodeIgniter->runController(Object(App\Controllers\Office))
12 SYSTEMPATH\CodeIgniter.php(354): CodeIgniter\CodeIgniter->handleRequest(null, Object(Config\Cache), false)
13 SYSTEMPATH\Boot.php(334): CodeIgniter\CodeIgniter->run()
14 SYSTEMPATH\Boot.php(67): CodeIgniter\Boot::runCodeIgniter(Object(CodeIgniter\CodeIgniter))
15 FCPATH\index.php(56): CodeIgniter\Boot::bootWeb(Object(Config\Paths))
WARNING - 2026-05-16 11:40:50 --> [DEPRECATED] htmlspecialchars(): Passing null to parameter #1 ($string) of type string is deprecated in APPPATH\Views\office.php on line 40.
 1 APPPATH\Views\office.php(40): htmlspecialchars(null, 3, 'UTF-8')
 2 SYSTEMPATH\View\View.php(224): include('C:\\xampp\\htdocs\\gscgeavotingsystem\\app\\Views\\office.php')
 3 SYSTEMPATH\View\View.php(227): CodeIgniter\View\View->{closure:CodeIgniter\View\View::render():221}()
 4 SYSTEMPATH\Common.php(1173): CodeIgniter\View\View->render('office', [], true)
 5 APPPATH\Views\main.php(204): view('office', [])
 6 SYSTEMPATH\View\View.php(224): include('C:\\xampp\\htdocs\\gscgeavotingsystem\\app\\Views\\main.php')
 7 SYSTEMPATH\View\View.php(227): CodeIgniter\View\View->{closure:CodeIgniter\View\View::render():221}()
 8 SYSTEMPATH\Common.php(1173): CodeIgniter\View\View->render('main', [], true)
 9 APPPATH\Controllers\Office.php(83): view('main', [...])
10 SYSTEMPATH\CodeIgniter.php(933): App\Controllers\Office->getIndex()
11 SYSTEMPATH\CodeIgniter.php(507): CodeIgniter\CodeIgniter->runController(Object(App\Controllers\Office))
12 SYSTEMPATH\CodeIgniter.php(354): CodeIgniter\CodeIgniter->handleRequest(null, Object(Config\Cache), false)
13 SYSTEMPATH\Boot.php(334): CodeIgniter\CodeIgniter->run()
14 SYSTEMPATH\Boot.php(67): CodeIgniter\Boot::runCodeIgniter(Object(CodeIgniter\CodeIgniter))
15 FCPATH\index.php(56): CodeIgniter\Boot::bootWeb(Object(Config\Paths))
WARNING - 2026-05-16 11:40:50 --> [DEPRECATED] htmlspecialchars(): Passing null to parameter #1 ($string) of type string is deprecated in APPPATH\Views\office.php on line 39.
 1 APPPATH\Views\office.php(39): htmlspecialchars(null, 3, 'UTF-8')
 2 SYSTEMPATH\View\View.php(224): include('C:\\xampp\\htdocs\\gscgeavotingsystem\\app\\Views\\office.php')
 3 SYSTEMPATH\View\View.php(227): CodeIgniter\View\View->{closure:CodeIgniter\View\View::render():221}()
 4 SYSTEMPATH\Common.php(1173): CodeIgniter\View\View->render('office', [], true)
 5 APPPATH\Views\main.php(204): view('office', [])
 6 SYSTEMPATH\View\View.php(224): include('C:\\xampp\\htdocs\\gscgeavotingsystem\\app\\Views\\main.php')
 7 SYSTEMPATH\View\View.php(227): CodeIgniter\View\View->{closure:CodeIgniter\View\View::render():221}()
 8 SYSTEMPATH\Common.php(1173): CodeIgniter\View\View->render('main', [], true)
 9 APPPATH\Controllers\Office.php(83): view('main', [...])
10 SYSTEMPATH\CodeIgniter.php(933): App\Controllers\Office->getIndex()
11 SYSTEMPATH\CodeIgniter.php(507): CodeIgniter\CodeIgniter->runController(Object(App\Controllers\Office))
12 SYSTEMPATH\CodeIgniter.php(354): CodeIgniter\CodeIgniter->handleRequest(null, Object(Config\Cache), false)
13 SYSTEMPATH\Boot.php(334): CodeIgniter\CodeIgniter->run()
14 SYSTEMPATH\Boot.php(67): CodeIgniter\Boot::runCodeIgniter(Object(CodeIgniter\CodeIgniter))
15 FCPATH\index.php(56): CodeIgniter\Boot::bootWeb(Object(Config\Paths))
WARNING - 2026-05-16 11:40:50 --> [DEPRECATED] htmlspecialchars(): Passing null to parameter #1 ($string) of type string is deprecated in APPPATH\Views\office.php on line 40.
 1 APPPATH\Views\office.php(40): htmlspecialchars(null, 3, 'UTF-8')
 2 SYSTEMPATH\View\View.php(224): include('C:\\xampp\\htdocs\\gscgeavotingsystem\\app\\Views\\office.php')
 3 SYSTEMPATH\View\View.php(227): CodeIgniter\View\View->{closure:CodeIgniter\View\View::render():221}()
 4 SYSTEMPATH\Common.php(1173): CodeIgniter\View\View->render('office', [], true)
 5 APPPATH\Views\main.php(204): view('office', [])
 6 SYSTEMPATH\View\View.php(224): include('C:\\xampp\\htdocs\\gscgeavotingsystem\\app\\Views\\main.php')
 7 SYSTEMPATH\View\View.php(227): CodeIgniter\View\View->{closure:CodeIgniter\View\View::render():221}()
 8 SYSTEMPATH\Common.php(1173): CodeIgniter\View\View->render('main', [], true)
 9 APPPATH\Controllers\Office.php(83): view('main', [...])
10 SYSTEMPATH\CodeIgniter.php(933): App\Controllers\Office->getIndex()
11 SYSTEMPATH\CodeIgniter.php(507): CodeIgniter\CodeIgniter->runController(Object(App\Controllers\Office))
12 SYSTEMPATH\CodeIgniter.php(354): CodeIgniter\CodeIgniter->handleRequest(null, Object(Config\Cache), false)
13 SYSTEMPATH\Boot.php(334): CodeIgniter\CodeIgniter->run()
14 SYSTEMPATH\Boot.php(67): CodeIgniter\Boot::runCodeIgniter(Object(CodeIgniter\CodeIgniter))
15 FCPATH\index.php(56): CodeIgniter\Boot::bootWeb(Object(Config\Paths))
WARNING - 2026-05-16 11:40:50 --> [DEPRECATED] htmlspecialchars(): Passing null to parameter #1 ($string) of type string is deprecated in APPPATH\Views\office.php on line 39.
 1 APPPATH\Views\office.php(39): htmlspecialchars(null, 3, 'UTF-8')
 2 SYSTEMPATH\View\View.php(224): include('C:\\xampp\\htdocs\\gscgeavotingsystem\\app\\Views\\office.php')
 3 SYSTEMPATH\View\View.php(227): CodeIgniter\View\View->{closure:CodeIgniter\View\View::render():221}()
 4 SYSTEMPATH\Common.php(1173): CodeIgniter\View\View->render('office', [], true)
 5 APPPATH\Views\main.php(204): view('office', [])
 6 SYSTEMPATH\View\View.php(224): include('C:\\xampp\\htdocs\\gscgeavotingsystem\\app\\Views\\main.php')
 7 SYSTEMPATH\View\View.php(227): CodeIgniter\View\View->{closure:CodeIgniter\View\View::render():221}()
 8 SYSTEMPATH\Common.php(1173): CodeIgniter\View\View->render('main', [], true)
 9 APPPATH\Controllers\Office.php(83): view('main', [...])
10 SYSTEMPATH\CodeIgniter.php(933): App\Controllers\Office->getIndex()
11 SYSTEMPATH\CodeIgniter.php(507): CodeIgniter\CodeIgniter->runController(Object(App\Controllers\Office))
12 SYSTEMPATH\CodeIgniter.php(354): CodeIgniter\CodeIgniter->handleRequest(null, Object(Config\Cache), false)
13 SYSTEMPATH\Boot.php(334): CodeIgniter\CodeIgniter->run()
14 SYSTEMPATH\Boot.php(67): CodeIgniter\Boot::runCodeIgniter(Object(CodeIgniter\CodeIgniter))
15 FCPATH\index.php(56): CodeIgniter\Boot::bootWeb(Object(Config\Paths))
WARNING - 2026-05-16 11:40:50 --> [DEPRECATED] htmlspecialchars(): Passing null to parameter #1 ($string) of type string is deprecated in APPPATH\Views\office.php on line 40.
 1 APPPATH\Views\office.php(40): htmlspecialchars(null, 3, 'UTF-8')
 2 SYSTEMPATH\View\View.php(224): include('C:\\xampp\\htdocs\\gscgeavotingsystem\\app\\Views\\office.php')
 3 SYSTEMPATH\View\View.php(227): CodeIgniter\View\View->{closure:CodeIgniter\View\View::render():221}()
 4 SYSTEMPATH\Common.php(1173): CodeIgniter\View\View->render('office', [], true)
 5 APPPATH\Views\main.php(204): view('office', [])
 6 SYSTEMPATH\View\View.php(224): include('C:\\xampp\\htdocs\\gscgeavotingsystem\\app\\Views\\main.php')
 7 SYSTEMPATH\View\View.php(227): CodeIgniter\View\View->{closure:CodeIgniter\View\View::render():221}()
 8 SYSTEMPATH\Common.php(1173): CodeIgniter\View\View->render('main', [], true)
 9 APPPATH\Controllers\Office.php(83): view('main', [...])
10 SYSTEMPATH\CodeIgniter.php(933): App\Controllers\Office->getIndex()
11 SYSTEMPATH\CodeIgniter.php(507): CodeIgniter\CodeIgniter->runController(Object(App\Controllers\Office))
12 SYSTEMPATH\CodeIgniter.php(354): CodeIgniter\CodeIgniter->handleRequest(null, Object(Config\Cache), false)
13 SYSTEMPATH\Boot.php(334): CodeIgniter\CodeIgniter->run()
14 SYSTEMPATH\Boot.php(67): CodeIgniter\Boot::runCodeIgniter(Object(CodeIgniter\CodeIgniter))
15 FCPATH\index.php(56): CodeIgniter\Boot::bootWeb(Object(Config\Paths))
WARNING - 2026-05-16 11:40:50 --> [DEPRECATED] htmlspecialchars(): Passing null to parameter #1 ($string) of type string is deprecated in APPPATH\Views\office.php on line 39.
 1 APPPATH\Views\office.php(39): htmlspecialchars(null, 3, 'UTF-8')
 2 SYSTEMPATH\View\View.php(224): include('C:\\xampp\\htdocs\\gscgeavotingsystem\\app\\Views\\office.php')
 3 SYSTEMPATH\View\View.php(227): CodeIgniter\View\View->{closure:CodeIgniter\View\View::render():221}()
 4 SYSTEMPATH\Common.php(1173): CodeIgniter\View\View->render('office', [], true)
 5 APPPATH\Views\main.php(204): view('office', [])
 6 SYSTEMPATH\View\View.php(224): include('C:\\xampp\\htdocs\\gscgeavotingsystem\\app\\Views\\main.php')
 7 SYSTEMPATH\View\View.php(227): CodeIgniter\View\View->{closure:CodeIgniter\View\View::render():221}()
 8 SYSTEMPATH\Common.php(1173): CodeIgniter\View\View->render('main', [], true)
 9 APPPATH\Controllers\Office.php(83): view('main', [...])
10 SYSTEMPATH\CodeIgniter.php(933): App\Controllers\Office->getIndex()
11 SYSTEMPATH\CodeIgniter.php(507): CodeIgniter\CodeIgniter->runController(Object(App\Controllers\Office))
12 SYSTEMPATH\CodeIgniter.php(354): CodeIgniter\CodeIgniter->handleRequest(null, Object(Config\Cache), false)
13 SYSTEMPATH\Boot.php(334): CodeIgniter\CodeIgniter->run()
14 SYSTEMPATH\Boot.php(67): CodeIgniter\Boot::runCodeIgniter(Object(CodeIgniter\CodeIgniter))
15 FCPATH\index.php(56): CodeIgniter\Boot::bootWeb(Object(Config\Paths))
WARNING - 2026-05-16 11:40:50 --> [DEPRECATED] htmlspecialchars(): Passing null to parameter #1 ($string) of type string is deprecated in APPPATH\Views\office.php on line 40.
 1 APPPATH\Views\office.php(40): htmlspecialchars(null, 3, 'UTF-8')
 2 SYSTEMPATH\View\View.php(224): include('C:\\xampp\\htdocs\\gscgeavotingsystem\\app\\Views\\office.php')
 3 SYSTEMPATH\View\View.php(227): CodeIgniter\View\View->{closure:CodeIgniter\View\View::render():221}()
 4 SYSTEMPATH\Common.php(1173): CodeIgniter\View\View->render('office', [], true)
 5 APPPATH\Views\main.php(204): view('office', [])
 6 SYSTEMPATH\View\View.php(224): include('C:\\xampp\\htdocs\\gscgeavotingsystem\\app\\Views\\main.php')
 7 SYSTEMPATH\View\View.php(227): CodeIgniter\View\View->{closure:CodeIgniter\View\View::render():221}()
 8 SYSTEMPATH\Common.php(1173): CodeIgniter\View\View->render('main', [], true)
 9 APPPATH\Controllers\Office.php(83): view('main', [...])
10 SYSTEMPATH\CodeIgniter.php(933): App\Controllers\Office->getIndex()
11 SYSTEMPATH\CodeIgniter.php(507): CodeIgniter\CodeIgniter->runController(Object(App\Controllers\Office))
12 SYSTEMPATH\CodeIgniter.php(354): CodeIgniter\CodeIgniter->handleRequest(null, Object(Config\Cache), false)
13 SYSTEMPATH\Boot.php(334): CodeIgniter\CodeIgniter->run()
14 SYSTEMPATH\Boot.php(67): CodeIgniter\Boot::runCodeIgniter(Object(CodeIgniter\CodeIgniter))
15 FCPATH\index.php(56): CodeIgniter\Boot::bootWeb(Object(Config\Paths))
WARNING - 2026-05-16 11:40:50 --> [DEPRECATED] htmlspecialchars(): Passing null to parameter #1 ($string) of type string is deprecated in APPPATH\Views\office.php on line 39.
 1 APPPATH\Views\office.php(39): htmlspecialchars(null, 3, 'UTF-8')
 2 SYSTEMPATH\View\View.php(224): include('C:\\xampp\\htdocs\\gscgeavotingsystem\\app\\Views\\office.php')
 3 SYSTEMPATH\View\View.php(227): CodeIgniter\View\View->{closure:CodeIgniter\View\View::render():221}()
 4 SYSTEMPATH\Common.php(1173): CodeIgniter\View\View->render('office', [], true)
 5 APPPATH\Views\main.php(204): view('office', [])
 6 SYSTEMPATH\View\View.php(224): include('C:\\xampp\\htdocs\\gscgeavotingsystem\\app\\Views\\main.php')
 7 SYSTEMPATH\View\View.php(227): CodeIgniter\View\View->{closure:CodeIgniter\View\View::render():221}()
 8 SYSTEMPATH\Common.php(1173): CodeIgniter\View\View->render('main', [], true)
 9 APPPATH\Controllers\Office.php(83): view('main', [...])
10 SYSTEMPATH\CodeIgniter.php(933): App\Controllers\Office->getIndex()
11 SYSTEMPATH\CodeIgniter.php(507): CodeIgniter\CodeIgniter->runController(Object(App\Controllers\Office))
12 SYSTEMPATH\CodeIgniter.php(354): CodeIgniter\CodeIgniter->handleRequest(null, Object(Config\Cache), false)
13 SYSTEMPATH\Boot.php(334): CodeIgniter\CodeIgniter->run()
14 SYSTEMPATH\Boot.php(67): CodeIgniter\Boot::runCodeIgniter(Object(CodeIgniter\CodeIgniter))
15 FCPATH\index.php(56): CodeIgniter\Boot::bootWeb(Object(Config\Paths))
WARNING - 2026-05-16 11:40:50 --> [DEPRECATED] htmlspecialchars(): Passing null to parameter #1 ($string) of type string is deprecated in APPPATH\Views\office.php on line 40.
 1 APPPATH\Views\office.php(40): htmlspecialchars(null, 3, 'UTF-8')
 2 SYSTEMPATH\View\View.php(224): include('C:\\xampp\\htdocs\\gscgeavotingsystem\\app\\Views\\office.php')
 3 SYSTEMPATH\View\View.php(227): CodeIgniter\View\View->{closure:CodeIgniter\View\View::render():221}()
 4 SYSTEMPATH\Common.php(1173): CodeIgniter\View\View->render('office', [], true)
 5 APPPATH\Views\main.php(204): view('office', [])
 6 SYSTEMPATH\View\View.php(224): include('C:\\xampp\\htdocs\\gscgeavotingsystem\\app\\Views\\main.php')
 7 SYSTEMPATH\View\View.php(227): CodeIgniter\View\View->{closure:CodeIgniter\View\View::render():221}()
 8 SYSTEMPATH\Common.php(1173): CodeIgniter\View\View->render('main', [], true)
 9 APPPATH\Controllers\Office.php(83): view('main', [...])
10 SYSTEMPATH\CodeIgniter.php(933): App\Controllers\Office->getIndex()
11 SYSTEMPATH\CodeIgniter.php(507): CodeIgniter\CodeIgniter->runController(Object(App\Controllers\Office))
12 SYSTEMPATH\CodeIgniter.php(354): CodeIgniter\CodeIgniter->handleRequest(null, Object(Config\Cache), false)
13 SYSTEMPATH\Boot.php(334): CodeIgniter\CodeIgniter->run()
14 SYSTEMPATH\Boot.php(67): CodeIgniter\Boot::runCodeIgniter(Object(CodeIgniter\CodeIgniter))
15 FCPATH\index.php(56): CodeIgniter\Boot::bootWeb(Object(Config\Paths))
WARNING - 2026-05-16 11:40:50 --> [DEPRECATED] htmlspecialchars(): Passing null to parameter #1 ($string) of type string is deprecated in APPPATH\Views\office.php on line 39.
 1 APPPATH\Views\office.php(39): htmlspecialchars(null, 3, 'UTF-8')
 2 SYSTEMPATH\View\View.php(224): include('C:\\xampp\\htdocs\\gscgeavotingsystem\\app\\Views\\office.php')
 3 SYSTEMPATH\View\View.php(227): CodeIgniter\View\View->{closure:CodeIgniter\View\View::render():221}()
 4 SYSTEMPATH\Common.php(1173): CodeIgniter\View\View->render('office', [], true)
 5 APPPATH\Views\main.php(204): view('office', [])
 6 SYSTEMPATH\View\View.php(224): include('C:\\xampp\\htdocs\\gscgeavotingsystem\\app\\Views\\main.php')
 7 SYSTEMPATH\View\View.php(227): CodeIgniter\View\View->{closure:CodeIgniter\View\View::render():221}()
 8 SYSTEMPATH\Common.php(1173): CodeIgniter\View\View->render('main', [], true)
 9 APPPATH\Controllers\Office.php(83): view('main', [...])
10 SYSTEMPATH\CodeIgniter.php(933): App\Controllers\Office->getIndex()
11 SYSTEMPATH\CodeIgniter.php(507): CodeIgniter\CodeIgniter->runController(Object(App\Controllers\Office))
12 SYSTEMPATH\CodeIgniter.php(354): CodeIgniter\CodeIgniter->handleRequest(null, Object(Config\Cache), false)
13 SYSTEMPATH\Boot.php(334): CodeIgniter\CodeIgniter->run()
14 SYSTEMPATH\Boot.php(67): CodeIgniter\Boot::runCodeIgniter(Object(CodeIgniter\CodeIgniter))
15 FCPATH\index.php(56): CodeIgniter\Boot::bootWeb(Object(Config\Paths))
WARNING - 2026-05-16 11:40:50 --> [DEPRECATED] htmlspecialchars(): Passing null to parameter #1 ($string) of type string is deprecated in APPPATH\Views\office.php on line 40.
 1 APPPATH\Views\office.php(40): htmlspecialchars(null, 3, 'UTF-8')
 2 SYSTEMPATH\View\View.php(224): include('C:\\xampp\\htdocs\\gscgeavotingsystem\\app\\Views\\office.php')
 3 SYSTEMPATH\View\View.php(227): CodeIgniter\View\View->{closure:CodeIgniter\View\View::render():221}()
 4 SYSTEMPATH\Common.php(1173): CodeIgniter\View\View->render('office', [], true)
 5 APPPATH\Views\main.php(204): view('office', [])
 6 SYSTEMPATH\View\View.php(224): include('C:\\xampp\\htdocs\\gscgeavotingsystem\\app\\Views\\main.php')
 7 SYSTEMPATH\View\View.php(227): CodeIgniter\View\View->{closure:CodeIgniter\View\View::render():221}()
 8 SYSTEMPATH\Common.php(1173): CodeIgniter\View\View->render('main', [], true)
 9 APPPATH\Controllers\Office.php(83): view('main', [...])
10 SYSTEMPATH\CodeIgniter.php(933): App\Controllers\Office->getIndex()
11 SYSTEMPATH\CodeIgniter.php(507): CodeIgniter\CodeIgniter->runController(Object(App\Controllers\Office))
12 SYSTEMPATH\CodeIgniter.php(354): CodeIgniter\CodeIgniter->handleRequest(null, Object(Config\Cache), false)
13 SYSTEMPATH\Boot.php(334): CodeIgniter\CodeIgniter->run()
14 SYSTEMPATH\Boot.php(67): CodeIgniter\Boot::runCodeIgniter(Object(CodeIgniter\CodeIgniter))
15 FCPATH\index.php(56): CodeIgniter\Boot::bootWeb(Object(Config\Paths))
WARNING - 2026-05-16 11:40:50 --> [DEPRECATED] htmlspecialchars(): Passing null to parameter #1 ($string) of type string is deprecated in APPPATH\Views\office.php on line 39.
 1 APPPATH\Views\office.php(39): htmlspecialchars(null, 3, 'UTF-8')
 2 SYSTEMPATH\View\View.php(224): include('C:\\xampp\\htdocs\\gscgeavotingsystem\\app\\Views\\office.php')
 3 SYSTEMPATH\View\View.php(227): CodeIgniter\View\View->{closure:CodeIgniter\View\View::render():221}()
 4 SYSTEMPATH\Common.php(1173): CodeIgniter\View\View->render('office', [], true)
 5 APPPATH\Views\main.php(204): view('office', [])
 6 SYSTEMPATH\View\View.php(224): include('C:\\xampp\\htdocs\\gscgeavotingsystem\\app\\Views\\main.php')
 7 SYSTEMPATH\View\View.php(227): CodeIgniter\View\View->{closure:CodeIgniter\View\View::render():221}()
 8 SYSTEMPATH\Common.php(1173): CodeIgniter\View\View->render('main', [], true)
 9 APPPATH\Controllers\Office.php(83): view('main', [...])
10 SYSTEMPATH\CodeIgniter.php(933): App\Controllers\Office->getIndex()
11 SYSTEMPATH\CodeIgniter.php(507): CodeIgniter\CodeIgniter->runController(Object(App\Controllers\Office))
12 SYSTEMPATH\CodeIgniter.php(354): CodeIgniter\CodeIgniter->handleRequest(null, Object(Config\Cache), false)
13 SYSTEMPATH\Boot.php(334): CodeIgniter\CodeIgniter->run()
14 SYSTEMPATH\Boot.php(67): CodeIgniter\Boot::runCodeIgniter(Object(CodeIgniter\CodeIgniter))
15 FCPATH\index.php(56): CodeIgniter\Boot::bootWeb(Object(Config\Paths))
WARNING - 2026-05-16 11:40:50 --> [DEPRECATED] htmlspecialchars(): Passing null to parameter #1 ($string) of type string is deprecated in APPPATH\Views\office.php on line 40.
 1 APPPATH\Views\office.php(40): htmlspecialchars(null, 3, 'UTF-8')
 2 SYSTEMPATH\View\View.php(224): include('C:\\xampp\\htdocs\\gscgeavotingsystem\\app\\Views\\office.php')
 3 SYSTEMPATH\View\View.php(227): CodeIgniter\View\View->{closure:CodeIgniter\View\View::render():221}()
 4 SYSTEMPATH\Common.php(1173): CodeIgniter\View\View->render('office', [], true)
 5 APPPATH\Views\main.php(204): view('office', [])
 6 SYSTEMPATH\View\View.php(224): include('C:\\xampp\\htdocs\\gscgeavotingsystem\\app\\Views\\main.php')
 7 SYSTEMPATH\View\View.php(227): CodeIgniter\View\View->{closure:CodeIgniter\View\View::render():221}()
 8 SYSTEMPATH\Common.php(1173): CodeIgniter\View\View->render('main', [], true)
 9 APPPATH\Controllers\Office.php(83): view('main', [...])
10 SYSTEMPATH\CodeIgniter.php(933): App\Controllers\Office->getIndex()
11 SYSTEMPATH\CodeIgniter.php(507): CodeIgniter\CodeIgniter->runController(Object(App\Controllers\Office))
12 SYSTEMPATH\CodeIgniter.php(354): CodeIgniter\CodeIgniter->handleRequest(null, Object(Config\Cache), false)
13 SYSTEMPATH\Boot.php(334): CodeIgniter\CodeIgniter->run()
14 SYSTEMPATH\Boot.php(67): CodeIgniter\Boot::runCodeIgniter(Object(CodeIgniter\CodeIgniter))
15 FCPATH\index.php(56): CodeIgniter\Boot::bootWeb(Object(Config\Paths))
WARNING - 2026-05-16 11:40:50 --> [DEPRECATED] htmlspecialchars(): Passing null to parameter #1 ($string) of type string is deprecated in APPPATH\Views\office.php on line 39.
 1 APPPATH\Views\office.php(39): htmlspecialchars(null, 3, 'UTF-8')
 2 SYSTEMPATH\View\View.php(224): include('C:\\xampp\\htdocs\\gscgeavotingsystem\\app\\Views\\office.php')
 3 SYSTEMPATH\View\View.php(227): CodeIgniter\View\View->{closure:CodeIgniter\View\View::render():221}()
 4 SYSTEMPATH\Common.php(1173): CodeIgniter\View\View->render('office', [], true)
 5 APPPATH\Views\main.php(204): view('office', [])
 6 SYSTEMPATH\View\View.php(224): include('C:\\xampp\\htdocs\\gscgeavotingsystem\\app\\Views\\main.php')
 7 SYSTEMPATH\View\View.php(227): CodeIgniter\View\View->{closure:CodeIgniter\View\View::render():221}()
 8 SYSTEMPATH\Common.php(1173): CodeIgniter\View\View->render('main', [], true)
 9 APPPATH\Controllers\Office.php(83): view('main', [...])
10 SYSTEMPATH\CodeIgniter.php(933): App\Controllers\Office->getIndex()
11 SYSTEMPATH\CodeIgniter.php(507): CodeIgniter\CodeIgniter->runController(Object(App\Controllers\Office))
12 SYSTEMPATH\CodeIgniter.php(354): CodeIgniter\CodeIgniter->handleRequest(null, Object(Config\Cache), false)
13 SYSTEMPATH\Boot.php(334): CodeIgniter\CodeIgniter->run()
14 SYSTEMPATH\Boot.php(67): CodeIgniter\Boot::runCodeIgniter(Object(CodeIgniter\CodeIgniter))
15 FCPATH\index.php(56): CodeIgniter\Boot::bootWeb(Object(Config\Paths))
WARNING - 2026-05-16 11:40:50 --> [DEPRECATED] htmlspecialchars(): Passing null to parameter #1 ($string) of type string is deprecated in APPPATH\Views\office.php on line 40.
 1 APPPATH\Views\office.php(40): htmlspecialchars(null, 3, 'UTF-8')
 2 SYSTEMPATH\View\View.php(224): include('C:\\xampp\\htdocs\\gscgeavotingsystem\\app\\Views\\office.php')
 3 SYSTEMPATH\View\View.php(227): CodeIgniter\View\View->{closure:CodeIgniter\View\View::render():221}()
 4 SYSTEMPATH\Common.php(1173): CodeIgniter\View\View->render('office', [], true)
 5 APPPATH\Views\main.php(204): view('office', [])
 6 SYSTEMPATH\View\View.php(224): include('C:\\xampp\\htdocs\\gscgeavotingsystem\\app\\Views\\main.php')
 7 SYSTEMPATH\View\View.php(227): CodeIgniter\View\View->{closure:CodeIgniter\View\View::render():221}()
 8 SYSTEMPATH\Common.php(1173): CodeIgniter\View\View->render('main', [], true)
 9 APPPATH\Controllers\Office.php(83): view('main', [...])
10 SYSTEMPATH\CodeIgniter.php(933): App\Controllers\Office->getIndex()
11 SYSTEMPATH\CodeIgniter.php(507): CodeIgniter\CodeIgniter->runController(Object(App\Controllers\Office))
12 SYSTEMPATH\CodeIgniter.php(354): CodeIgniter\CodeIgniter->handleRequest(null, Object(Config\Cache), false)
13 SYSTEMPATH\Boot.php(334): CodeIgniter\CodeIgniter->run()
14 SYSTEMPATH\Boot.php(67): CodeIgniter\Boot::runCodeIgniter(Object(CodeIgniter\CodeIgniter))
15 FCPATH\index.php(56): CodeIgniter\Boot::bootWeb(Object(Config\Paths))
WARNING - 2026-05-16 11:40:50 --> [DEPRECATED] htmlspecialchars(): Passing null to parameter #1 ($string) of type string is deprecated in APPPATH\Views\office.php on line 39.
 1 APPPATH\Views\office.php(39): htmlspecialchars(null, 3, 'UTF-8')
 2 SYSTEMPATH\View\View.php(224): include('C:\\xampp\\htdocs\\gscgeavotingsystem\\app\\Views\\office.php')
 3 SYSTEMPATH\View\View.php(227): CodeIgniter\View\View->{closure:CodeIgniter\View\View::render():221}()
 4 SYSTEMPATH\Common.php(1173): CodeIgniter\View\View->render('office', [], true)
 5 APPPATH\Views\main.php(204): view('office', [])
 6 SYSTEMPATH\View\View.php(224): include('C:\\xampp\\htdocs\\gscgeavotingsystem\\app\\Views\\main.php')
 7 SYSTEMPATH\View\View.php(227): CodeIgniter\View\View->{closure:CodeIgniter\View\View::render():221}()
 8 SYSTEMPATH\Common.php(1173): CodeIgniter\View\View->render('main', [], true)
 9 APPPATH\Controllers\Office.php(83): view('main', [...])
10 SYSTEMPATH\CodeIgniter.php(933): App\Controllers\Office->getIndex()
11 SYSTEMPATH\CodeIgniter.php(507): CodeIgniter\CodeIgniter->runController(Object(App\Controllers\Office))
12 SYSTEMPATH\CodeIgniter.php(354): CodeIgniter\CodeIgniter->handleRequest(null, Object(Config\Cache), false)
13 SYSTEMPATH\Boot.php(334): CodeIgniter\CodeIgniter->run()
14 SYSTEMPATH\Boot.php(67): CodeIgniter\Boot::runCodeIgniter(Object(CodeIgniter\CodeIgniter))
15 FCPATH\index.php(56): CodeIgniter\Boot::bootWeb(Object(Config\Paths))
WARNING - 2026-05-16 11:40:50 --> [DEPRECATED] htmlspecialchars(): Passing null to parameter #1 ($string) of type string is deprecated in APPPATH\Views\office.php on line 40.
 1 APPPATH\Views\office.php(40): htmlspecialchars(null, 3, 'UTF-8')
 2 SYSTEMPATH\View\View.php(224): include('C:\\xampp\\htdocs\\gscgeavotingsystem\\app\\Views\\office.php')
 3 SYSTEMPATH\View\View.php(227): CodeIgniter\View\View->{closure:CodeIgniter\View\View::render():221}()
 4 SYSTEMPATH\Common.php(1173): CodeIgniter\View\View->render('office', [], true)
 5 APPPATH\Views\main.php(204): view('office', [])
 6 SYSTEMPATH\View\View.php(224): include('C:\\xampp\\htdocs\\gscgeavotingsystem\\app\\Views\\main.php')
 7 SYSTEMPATH\View\View.php(227): CodeIgniter\View\View->{closure:CodeIgniter\View\View::render():221}()
 8 SYSTEMPATH\Common.php(1173): CodeIgniter\View\View->render('main', [], true)
 9 APPPATH\Controllers\Office.php(83): view('main', [...])
10 SYSTEMPATH\CodeIgniter.php(933): App\Controllers\Office->getIndex()
11 SYSTEMPATH\CodeIgniter.php(507): CodeIgniter\CodeIgniter->runController(Object(App\Controllers\Office))
12 SYSTEMPATH\CodeIgniter.php(354): CodeIgniter\CodeIgniter->handleRequest(null, Object(Config\Cache), false)
13 SYSTEMPATH\Boot.php(334): CodeIgniter\CodeIgniter->run()
14 SYSTEMPATH\Boot.php(67): CodeIgniter\Boot::runCodeIgniter(Object(CodeIgniter\CodeIgniter))
15 FCPATH\index.php(56): CodeIgniter\Boot::bootWeb(Object(Config\Paths))
WARNING - 2026-05-16 11:40:50 --> [DEPRECATED] htmlspecialchars(): Passing null to parameter #1 ($string) of type string is deprecated in APPPATH\Views\office.php on line 39.
 1 APPPATH\Views\office.php(39): htmlspecialchars(null, 3, 'UTF-8')
 2 SYSTEMPATH\View\View.php(224): include('C:\\xampp\\htdocs\\gscgeavotingsystem\\app\\Views\\office.php')
 3 SYSTEMPATH\View\View.php(227): CodeIgniter\View\View->{closure:CodeIgniter\View\View::render():221}()
 4 SYSTEMPATH\Common.php(1173): CodeIgniter\View\View->render('office', [], true)
 5 APPPATH\Views\main.php(204): view('office', [])
 6 SYSTEMPATH\View\View.php(224): include('C:\\xampp\\htdocs\\gscgeavotingsystem\\app\\Views\\main.php')
 7 SYSTEMPATH\View\View.php(227): CodeIgniter\View\View->{closure:CodeIgniter\View\View::render():221}()
 8 SYSTEMPATH\Common.php(1173): CodeIgniter\View\View->render('main', [], true)
 9 APPPATH\Controllers\Office.php(83): view('main', [...])
10 SYSTEMPATH\CodeIgniter.php(933): App\Controllers\Office->getIndex()
11 SYSTEMPATH\CodeIgniter.php(507): CodeIgniter\CodeIgniter->runController(Object(App\Controllers\Office))
12 SYSTEMPATH\CodeIgniter.php(354): CodeIgniter\CodeIgniter->handleRequest(null, Object(Config\Cache), false)
13 SYSTEMPATH\Boot.php(334): CodeIgniter\CodeIgniter->run()
14 SYSTEMPATH\Boot.php(67): CodeIgniter\Boot::runCodeIgniter(Object(CodeIgniter\CodeIgniter))
15 FCPATH\index.php(56): CodeIgniter\Boot::bootWeb(Object(Config\Paths))
WARNING - 2026-05-16 11:40:50 --> [DEPRECATED] htmlspecialchars(): Passing null to parameter #1 ($string) of type string is deprecated in APPPATH\Views\office.php on line 40.
 1 APPPATH\Views\office.php(40): htmlspecialchars(null, 3, 'UTF-8')
 2 SYSTEMPATH\View\View.php(224): include('C:\\xampp\\htdocs\\gscgeavotingsystem\\app\\Views\\office.php')
 3 SYSTEMPATH\View\View.php(227): CodeIgniter\View\View->{closure:CodeIgniter\View\View::render():221}()
 4 SYSTEMPATH\Common.php(1173): CodeIgniter\View\View->render('office', [], true)
 5 APPPATH\Views\main.php(204): view('office', [])
 6 SYSTEMPATH\View\View.php(224): include('C:\\xampp\\htdocs\\gscgeavotingsystem\\app\\Views\\main.php')
 7 SYSTEMPATH\View\View.php(227): CodeIgniter\View\View->{closure:CodeIgniter\View\View::render():221}()
 8 SYSTEMPATH\Common.php(1173): CodeIgniter\View\View->render('main', [], true)
 9 APPPATH\Controllers\Office.php(83): view('main', [...])
10 SYSTEMPATH\CodeIgniter.php(933): App\Controllers\Office->getIndex()
11 SYSTEMPATH\CodeIgniter.php(507): CodeIgniter\CodeIgniter->runController(Object(App\Controllers\Office))
12 SYSTEMPATH\CodeIgniter.php(354): CodeIgniter\CodeIgniter->handleRequest(null, Object(Config\Cache), false)
13 SYSTEMPATH\Boot.php(334): CodeIgniter\CodeIgniter->run()
14 SYSTEMPATH\Boot.php(67): CodeIgniter\Boot::runCodeIgniter(Object(CodeIgniter\CodeIgniter))
15 FCPATH\index.php(56): CodeIgniter\Boot::bootWeb(Object(Config\Paths))
WARNING - 2026-05-16 11:40:50 --> [DEPRECATED] htmlspecialchars(): Passing null to parameter #1 ($string) of type string is deprecated in APPPATH\Views\office.php on line 39.
 1 APPPATH\Views\office.php(39): htmlspecialchars(null, 3, 'UTF-8')
 2 SYSTEMPATH\View\View.php(224): include('C:\\xampp\\htdocs\\gscgeavotingsystem\\app\\Views\\office.php')
 3 SYSTEMPATH\View\View.php(227): CodeIgniter\View\View->{closure:CodeIgniter\View\View::render():221}()
 4 SYSTEMPATH\Common.php(1173): CodeIgniter\View\View->render('office', [], true)
 5 APPPATH\Views\main.php(204): view('office', [])
 6 SYSTEMPATH\View\View.php(224): include('C:\\xampp\\htdocs\\gscgeavotingsystem\\app\\Views\\main.php')
 7 SYSTEMPATH\View\View.php(227): CodeIgniter\View\View->{closure:CodeIgniter\View\View::render():221}()
 8 SYSTEMPATH\Common.php(1173): CodeIgniter\View\View->render('main', [], true)
 9 APPPATH\Controllers\Office.php(83): view('main', [...])
10 SYSTEMPATH\CodeIgniter.php(933): App\Controllers\Office->getIndex()
11 SYSTEMPATH\CodeIgniter.php(507): CodeIgniter\CodeIgniter->runController(Object(App\Controllers\Office))
12 SYSTEMPATH\CodeIgniter.php(354): CodeIgniter\CodeIgniter->handleRequest(null, Object(Config\Cache), false)
13 SYSTEMPATH\Boot.php(334): CodeIgniter\CodeIgniter->run()
14 SYSTEMPATH\Boot.php(67): CodeIgniter\Boot::runCodeIgniter(Object(CodeIgniter\CodeIgniter))
15 FCPATH\index.php(56): CodeIgniter\Boot::bootWeb(Object(Config\Paths))
WARNING - 2026-05-16 11:40:50 --> [DEPRECATED] htmlspecialchars(): Passing null to parameter #1 ($string) of type string is deprecated in APPPATH\Views\office.php on line 40.
 1 APPPATH\Views\office.php(40): htmlspecialchars(null, 3, 'UTF-8')
 2 SYSTEMPATH\View\View.php(224): include('C:\\xampp\\htdocs\\gscgeavotingsystem\\app\\Views\\office.php')
 3 SYSTEMPATH\View\View.php(227): CodeIgniter\View\View->{closure:CodeIgniter\View\View::render():221}()
 4 SYSTEMPATH\Common.php(1173): CodeIgniter\View\View->render('office', [], true)
 5 APPPATH\Views\main.php(204): view('office', [])
 6 SYSTEMPATH\View\View.php(224): include('C:\\xampp\\htdocs\\gscgeavotingsystem\\app\\Views\\main.php')
 7 SYSTEMPATH\View\View.php(227): CodeIgniter\View\View->{closure:CodeIgniter\View\View::render():221}()
 8 SYSTEMPATH\Common.php(1173): CodeIgniter\View\View->render('main', [], true)
 9 APPPATH\Controllers\Office.php(83): view('main', [...])
10 SYSTEMPATH\CodeIgniter.php(933): App\Controllers\Office->getIndex()
11 SYSTEMPATH\CodeIgniter.php(507): CodeIgniter\CodeIgniter->runController(Object(App\Controllers\Office))
12 SYSTEMPATH\CodeIgniter.php(354): CodeIgniter\CodeIgniter->handleRequest(null, Object(Config\Cache), false)
13 SYSTEMPATH\Boot.php(334): CodeIgniter\CodeIgniter->run()
14 SYSTEMPATH\Boot.php(67): CodeIgniter\Boot::runCodeIgniter(Object(CodeIgniter\CodeIgniter))
15 FCPATH\index.php(56): CodeIgniter\Boot::bootWeb(Object(Config\Paths))
WARNING - 2026-05-16 11:40:50 --> [DEPRECATED] htmlspecialchars(): Passing null to parameter #1 ($string) of type string is deprecated in APPPATH\Views\office.php on line 39.
 1 APPPATH\Views\office.php(39): htmlspecialchars(null, 3, 'UTF-8')
 2 SYSTEMPATH\View\View.php(224): include('C:\\xampp\\htdocs\\gscgeavotingsystem\\app\\Views\\office.php')
 3 SYSTEMPATH\View\View.php(227): CodeIgniter\View\View->{closure:CodeIgniter\View\View::render():221}()
 4 SYSTEMPATH\Common.php(1173): CodeIgniter\View\View->render('office', [], true)
 5 APPPATH\Views\main.php(204): view('office', [])
 6 SYSTEMPATH\View\View.php(224): include('C:\\xampp\\htdocs\\gscgeavotingsystem\\app\\Views\\main.php')
 7 SYSTEMPATH\View\View.php(227): CodeIgniter\View\View->{closure:CodeIgniter\View\View::render():221}()
 8 SYSTEMPATH\Common.php(1173): CodeIgniter\View\View->render('main', [], true)
 9 APPPATH\Controllers\Office.php(83): view('main', [...])
10 SYSTEMPATH\CodeIgniter.php(933): App\Controllers\Office->getIndex()
11 SYSTEMPATH\CodeIgniter.php(507): CodeIgniter\CodeIgniter->runController(Object(App\Controllers\Office))
12 SYSTEMPATH\CodeIgniter.php(354): CodeIgniter\CodeIgniter->handleRequest(null, Object(Config\Cache), false)
13 SYSTEMPATH\Boot.php(334): CodeIgniter\CodeIgniter->run()
14 SYSTEMPATH\Boot.php(67): CodeIgniter\Boot::runCodeIgniter(Object(CodeIgniter\CodeIgniter))
15 FCPATH\index.php(56): CodeIgniter\Boot::bootWeb(Object(Config\Paths))
WARNING - 2026-05-16 11:40:50 --> [DEPRECATED] htmlspecialchars(): Passing null to parameter #1 ($string) of type string is deprecated in APPPATH\Views\office.php on line 40.
 1 APPPATH\Views\office.php(40): htmlspecialchars(null, 3, 'UTF-8')
 2 SYSTEMPATH\View\View.php(224): include('C:\\xampp\\htdocs\\gscgeavotingsystem\\app\\Views\\office.php')
 3 SYSTEMPATH\View\View.php(227): CodeIgniter\View\View->{closure:CodeIgniter\View\View::render():221}()
 4 SYSTEMPATH\Common.php(1173): CodeIgniter\View\View->render('office', [], true)
 5 APPPATH\Views\main.php(204): view('office', [])
 6 SYSTEMPATH\View\View.php(224): include('C:\\xampp\\htdocs\\gscgeavotingsystem\\app\\Views\\main.php')
 7 SYSTEMPATH\View\View.php(227): CodeIgniter\View\View->{closure:CodeIgniter\View\View::render():221}()
 8 SYSTEMPATH\Common.php(1173): CodeIgniter\View\View->render('main', [], true)
 9 APPPATH\Controllers\Office.php(83): view('main', [...])
10 SYSTEMPATH\CodeIgniter.php(933): App\Controllers\Office->getIndex()
11 SYSTEMPATH\CodeIgniter.php(507): CodeIgniter\CodeIgniter->runController(Object(App\Controllers\Office))
12 SYSTEMPATH\CodeIgniter.php(354): CodeIgniter\CodeIgniter->handleRequest(null, Object(Config\Cache), false)
13 SYSTEMPATH\Boot.php(334): CodeIgniter\CodeIgniter->run()
14 SYSTEMPATH\Boot.php(67): CodeIgniter\Boot::runCodeIgniter(Object(CodeIgniter\CodeIgniter))
15 FCPATH\index.php(56): CodeIgniter\Boot::bootWeb(Object(Config\Paths))
WARNING - 2026-05-16 11:40:50 --> [DEPRECATED] htmlspecialchars(): Passing null to parameter #1 ($string) of type string is deprecated in APPPATH\Views\office.php on line 39.
 1 APPPATH\Views\office.php(39): htmlspecialchars(null, 3, 'UTF-8')
 2 SYSTEMPATH\View\View.php(224): include('C:\\xampp\\htdocs\\gscgeavotingsystem\\app\\Views\\office.php')
 3 SYSTEMPATH\View\View.php(227): CodeIgniter\View\View->{closure:CodeIgniter\View\View::render():221}()
 4 SYSTEMPATH\Common.php(1173): CodeIgniter\View\View->render('office', [], true)
 5 APPPATH\Views\main.php(204): view('office', [])
 6 SYSTEMPATH\View\View.php(224): include('C:\\xampp\\htdocs\\gscgeavotingsystem\\app\\Views\\main.php')
 7 SYSTEMPATH\View\View.php(227): CodeIgniter\View\View->{closure:CodeIgniter\View\View::render():221}()
 8 SYSTEMPATH\Common.php(1173): CodeIgniter\View\View->render('main', [], true)
 9 APPPATH\Controllers\Office.php(83): view('main', [...])
10 SYSTEMPATH\CodeIgniter.php(933): App\Controllers\Office->getIndex()
11 SYSTEMPATH\CodeIgniter.php(507): CodeIgniter\CodeIgniter->runController(Object(App\Controllers\Office))
12 SYSTEMPATH\CodeIgniter.php(354): CodeIgniter\CodeIgniter->handleRequest(null, Object(Config\Cache), false)
13 SYSTEMPATH\Boot.php(334): CodeIgniter\CodeIgniter->run()
14 SYSTEMPATH\Boot.php(67): CodeIgniter\Boot::runCodeIgniter(Object(CodeIgniter\CodeIgniter))
15 FCPATH\index.php(56): CodeIgniter\Boot::bootWeb(Object(Config\Paths))
WARNING - 2026-05-16 11:40:50 --> [DEPRECATED] htmlspecialchars(): Passing null to parameter #1 ($string) of type string is deprecated in APPPATH\Views\office.php on line 40.
 1 APPPATH\Views\office.php(40): htmlspecialchars(null, 3, 'UTF-8')
 2 SYSTEMPATH\View\View.php(224): include('C:\\xampp\\htdocs\\gscgeavotingsystem\\app\\Views\\office.php')
 3 SYSTEMPATH\View\View.php(227): CodeIgniter\View\View->{closure:CodeIgniter\View\View::render():221}()
 4 SYSTEMPATH\Common.php(1173): CodeIgniter\View\View->render('office', [], true)
 5 APPPATH\Views\main.php(204): view('office', [])
 6 SYSTEMPATH\View\View.php(224): include('C:\\xampp\\htdocs\\gscgeavotingsystem\\app\\Views\\main.php')
 7 SYSTEMPATH\View\View.php(227): CodeIgniter\View\View->{closure:CodeIgniter\View\View::render():221}()
 8 SYSTEMPATH\Common.php(1173): CodeIgniter\View\View->render('main', [], true)
 9 APPPATH\Controllers\Office.php(83): view('main', [...])
10 SYSTEMPATH\CodeIgniter.php(933): App\Controllers\Office->getIndex()
11 SYSTEMPATH\CodeIgniter.php(507): CodeIgniter\CodeIgniter->runController(Object(App\Controllers\Office))
12 SYSTEMPATH\CodeIgniter.php(354): CodeIgniter\CodeIgniter->handleRequest(null, Object(Config\Cache), false)
13 SYSTEMPATH\Boot.php(334): CodeIgniter\CodeIgniter->run()
14 SYSTEMPATH\Boot.php(67): CodeIgniter\Boot::runCodeIgniter(Object(CodeIgniter\CodeIgniter))
15 FCPATH\index.php(56): CodeIgniter\Boot::bootWeb(Object(Config\Paths))
WARNING - 2026-05-16 11:40:50 --> [DEPRECATED] htmlspecialchars(): Passing null to parameter #1 ($string) of type string is deprecated in APPPATH\Views\office.php on line 39.
 1 APPPATH\Views\office.php(39): htmlspecialchars(null, 3, 'UTF-8')
 2 SYSTEMPATH\View\View.php(224): include('C:\\xampp\\htdocs\\gscgeavotingsystem\\app\\Views\\office.php')
 3 SYSTEMPATH\View\View.php(227): CodeIgniter\View\View->{closure:CodeIgniter\View\View::render():221}()
 4 SYSTEMPATH\Common.php(1173): CodeIgniter\View\View->render('office', [], true)
 5 APPPATH\Views\main.php(204): view('office', [])
 6 SYSTEMPATH\View\View.php(224): include('C:\\xampp\\htdocs\\gscgeavotingsystem\\app\\Views\\main.php')
 7 SYSTEMPATH\View\View.php(227): CodeIgniter\View\View->{closure:CodeIgniter\View\View::render():221}()
 8 SYSTEMPATH\Common.php(1173): CodeIgniter\View\View->render('main', [], true)
 9 APPPATH\Controllers\Office.php(83): view('main', [...])
10 SYSTEMPATH\CodeIgniter.php(933): App\Controllers\Office->getIndex()
11 SYSTEMPATH\CodeIgniter.php(507): CodeIgniter\CodeIgniter->runController(Object(App\Controllers\Office))
12 SYSTEMPATH\CodeIgniter.php(354): CodeIgniter\CodeIgniter->handleRequest(null, Object(Config\Cache), false)
13 SYSTEMPATH\Boot.php(334): CodeIgniter\CodeIgniter->run()
14 SYSTEMPATH\Boot.php(67): CodeIgniter\Boot::runCodeIgniter(Object(CodeIgniter\CodeIgniter))
15 FCPATH\index.php(56): CodeIgniter\Boot::bootWeb(Object(Config\Paths))
WARNING - 2026-05-16 11:40:50 --> [DEPRECATED] htmlspecialchars(): Passing null to parameter #1 ($string) of type string is deprecated in APPPATH\Views\office.php on line 40.
 1 APPPATH\Views\office.php(40): htmlspecialchars(null, 3, 'UTF-8')
 2 SYSTEMPATH\View\View.php(224): include('C:\\xampp\\htdocs\\gscgeavotingsystem\\app\\Views\\office.php')
 3 SYSTEMPATH\View\View.php(227): CodeIgniter\View\View->{closure:CodeIgniter\View\View::render():221}()
 4 SYSTEMPATH\Common.php(1173): CodeIgniter\View\View->render('office', [], true)
 5 APPPATH\Views\main.php(204): view('office', [])
 6 SYSTEMPATH\View\View.php(224): include('C:\\xampp\\htdocs\\gscgeavotingsystem\\app\\Views\\main.php')
 7 SYSTEMPATH\View\View.php(227): CodeIgniter\View\View->{closure:CodeIgniter\View\View::render():221}()
 8 SYSTEMPATH\Common.php(1173): CodeIgniter\View\View->render('main', [], true)
 9 APPPATH\Controllers\Office.php(83): view('main', [...])
10 SYSTEMPATH\CodeIgniter.php(933): App\Controllers\Office->getIndex()
11 SYSTEMPATH\CodeIgniter.php(507): CodeIgniter\CodeIgniter->runController(Object(App\Controllers\Office))
12 SYSTEMPATH\CodeIgniter.php(354): CodeIgniter\CodeIgniter->handleRequest(null, Object(Config\Cache), false)
13 SYSTEMPATH\Boot.php(334): CodeIgniter\CodeIgniter->run()
14 SYSTEMPATH\Boot.php(67): CodeIgniter\Boot::runCodeIgniter(Object(CodeIgniter\CodeIgniter))
15 FCPATH\index.php(56): CodeIgniter\Boot::bootWeb(Object(Config\Paths))
WARNING - 2026-05-16 11:40:50 --> [DEPRECATED] htmlspecialchars(): Passing null to parameter #1 ($string) of type string is deprecated in APPPATH\Views\office.php on line 39.
 1 APPPATH\Views\office.php(39): htmlspecialchars(null, 3, 'UTF-8')
 2 SYSTEMPATH\View\View.php(224): include('C:\\xampp\\htdocs\\gscgeavotingsystem\\app\\Views\\office.php')
 3 SYSTEMPATH\View\View.php(227): CodeIgniter\View\View->{closure:CodeIgniter\View\View::render():221}()
 4 SYSTEMPATH\Common.php(1173): CodeIgniter\View\View->render('office', [], true)
 5 APPPATH\Views\main.php(204): view('office', [])
 6 SYSTEMPATH\View\View.php(224): include('C:\\xampp\\htdocs\\gscgeavotingsystem\\app\\Views\\main.php')
 7 SYSTEMPATH\View\View.php(227): CodeIgniter\View\View->{closure:CodeIgniter\View\View::render():221}()
 8 SYSTEMPATH\Common.php(1173): CodeIgniter\View\View->render('main', [], true)
 9 APPPATH\Controllers\Office.php(83): view('main', [...])
10 SYSTEMPATH\CodeIgniter.php(933): App\Controllers\Office->getIndex()
11 SYSTEMPATH\CodeIgniter.php(507): CodeIgniter\CodeIgniter->runController(Object(App\Controllers\Office))
12 SYSTEMPATH\CodeIgniter.php(354): CodeIgniter\CodeIgniter->handleRequest(null, Object(Config\Cache), false)
13 SYSTEMPATH\Boot.php(334): CodeIgniter\CodeIgniter->run()
14 SYSTEMPATH\Boot.php(67): CodeIgniter\Boot::runCodeIgniter(Object(CodeIgniter\CodeIgniter))
15 FCPATH\index.php(56): CodeIgniter\Boot::bootWeb(Object(Config\Paths))
WARNING - 2026-05-16 11:40:50 --> [DEPRECATED] htmlspecialchars(): Passing null to parameter #1 ($string) of type string is deprecated in APPPATH\Views\office.php on line 40.
 1 APPPATH\Views\office.php(40): htmlspecialchars(null, 3, 'UTF-8')
 2 SYSTEMPATH\View\View.php(224): include('C:\\xampp\\htdocs\\gscgeavotingsystem\\app\\Views\\office.php')
 3 SYSTEMPATH\View\View.php(227): CodeIgniter\View\View->{closure:CodeIgniter\View\View::render():221}()
 4 SYSTEMPATH\Common.php(1173): CodeIgniter\View\View->render('office', [], true)
 5 APPPATH\Views\main.php(204): view('office', [])
 6 SYSTEMPATH\View\View.php(224): include('C:\\xampp\\htdocs\\gscgeavotingsystem\\app\\Views\\main.php')
 7 SYSTEMPATH\View\View.php(227): CodeIgniter\View\View->{closure:CodeIgniter\View\View::render():221}()
 8 SYSTEMPATH\Common.php(1173): CodeIgniter\View\View->render('main', [], true)
 9 APPPATH\Controllers\Office.php(83): view('main', [...])
10 SYSTEMPATH\CodeIgniter.php(933): App\Controllers\Office->getIndex()
11 SYSTEMPATH\CodeIgniter.php(507): CodeIgniter\CodeIgniter->runController(Object(App\Controllers\Office))
12 SYSTEMPATH\CodeIgniter.php(354): CodeIgniter\CodeIgniter->handleRequest(null, Object(Config\Cache), false)
13 SYSTEMPATH\Boot.php(334): CodeIgniter\CodeIgniter->run()
14 SYSTEMPATH\Boot.php(67): CodeIgniter\Boot::runCodeIgniter(Object(CodeIgniter\CodeIgniter))
15 FCPATH\index.php(56): CodeIgniter\Boot::bootWeb(Object(Config\Paths))
WARNING - 2026-05-16 11:40:50 --> [DEPRECATED] htmlspecialchars(): Passing null to parameter #1 ($string) of type string is deprecated in APPPATH\Views\office.php on line 39.
 1 APPPATH\Views\office.php(39): htmlspecialchars(null, 3, 'UTF-8')
 2 SYSTEMPATH\View\View.php(224): include('C:\\xampp\\htdocs\\gscgeavotingsystem\\app\\Views\\office.php')
 3 SYSTEMPATH\View\View.php(227): CodeIgniter\View\View->{closure:CodeIgniter\View\View::render():221}()
 4 SYSTEMPATH\Common.php(1173): CodeIgniter\View\View->render('office', [], true)
 5 APPPATH\Views\main.php(204): view('office', [])
 6 SYSTEMPATH\View\View.php(224): include('C:\\xampp\\htdocs\\gscgeavotingsystem\\app\\Views\\main.php')
 7 SYSTEMPATH\View\View.php(227): CodeIgniter\View\View->{closure:CodeIgniter\View\View::render():221}()
 8 SYSTEMPATH\Common.php(1173): CodeIgniter\View\View->render('main', [], true)
 9 APPPATH\Controllers\Office.php(83): view('main', [...])
10 SYSTEMPATH\CodeIgniter.php(933): App\Controllers\Office->getIndex()
11 SYSTEMPATH\CodeIgniter.php(507): CodeIgniter\CodeIgniter->runController(Object(App\Controllers\Office))
12 SYSTEMPATH\CodeIgniter.php(354): CodeIgniter\CodeIgniter->handleRequest(null, Object(Config\Cache), false)
13 SYSTEMPATH\Boot.php(334): CodeIgniter\CodeIgniter->run()
14 SYSTEMPATH\Boot.php(67): CodeIgniter\Boot::runCodeIgniter(Object(CodeIgniter\CodeIgniter))
15 FCPATH\index.php(56): CodeIgniter\Boot::bootWeb(Object(Config\Paths))
WARNING - 2026-05-16 11:40:50 --> [DEPRECATED] htmlspecialchars(): Passing null to parameter #1 ($string) of type string is deprecated in APPPATH\Views\office.php on line 40.
 1 APPPATH\Views\office.php(40): htmlspecialchars(null, 3, 'UTF-8')
 2 SYSTEMPATH\View\View.php(224): include('C:\\xampp\\htdocs\\gscgeavotingsystem\\app\\Views\\office.php')
 3 SYSTEMPATH\View\View.php(227): CodeIgniter\View\View->{closure:CodeIgniter\View\View::render():221}()
 4 SYSTEMPATH\Common.php(1173): CodeIgniter\View\View->render('office', [], true)
 5 APPPATH\Views\main.php(204): view('office', [])
 6 SYSTEMPATH\View\View.php(224): include('C:\\xampp\\htdocs\\gscgeavotingsystem\\app\\Views\\main.php')
 7 SYSTEMPATH\View\View.php(227): CodeIgniter\View\View->{closure:CodeIgniter\View\View::render():221}()
 8 SYSTEMPATH\Common.php(1173): CodeIgniter\View\View->render('main', [], true)
 9 APPPATH\Controllers\Office.php(83): view('main', [...])
10 SYSTEMPATH\CodeIgniter.php(933): App\Controllers\Office->getIndex()
11 SYSTEMPATH\CodeIgniter.php(507): CodeIgniter\CodeIgniter->runController(Object(App\Controllers\Office))
12 SYSTEMPATH\CodeIgniter.php(354): CodeIgniter\CodeIgniter->handleRequest(null, Object(Config\Cache), false)
13 SYSTEMPATH\Boot.php(334): CodeIgniter\CodeIgniter->run()
14 SYSTEMPATH\Boot.php(67): CodeIgniter\Boot::runCodeIgniter(Object(CodeIgniter\CodeIgniter))
15 FCPATH\index.php(56): CodeIgniter\Boot::bootWeb(Object(Config\Paths))
WARNING - 2026-05-16 11:40:50 --> [DEPRECATED] htmlspecialchars(): Passing null to parameter #1 ($string) of type string is deprecated in APPPATH\Views\office.php on line 39.
 1 APPPATH\Views\office.php(39): htmlspecialchars(null, 3, 'UTF-8')
 2 SYSTEMPATH\View\View.php(224): include('C:\\xampp\\htdocs\\gscgeavotingsystem\\app\\Views\\office.php')
 3 SYSTEMPATH\View\View.php(227): CodeIgniter\View\View->{closure:CodeIgniter\View\View::render():221}()
 4 SYSTEMPATH\Common.php(1173): CodeIgniter\View\View->render('office', [], true)
 5 APPPATH\Views\main.php(204): view('office', [])
 6 SYSTEMPATH\View\View.php(224): include('C:\\xampp\\htdocs\\gscgeavotingsystem\\app\\Views\\main.php')
 7 SYSTEMPATH\View\View.php(227): CodeIgniter\View\View->{closure:CodeIgniter\View\View::render():221}()
 8 SYSTEMPATH\Common.php(1173): CodeIgniter\View\View->render('main', [], true)
 9 APPPATH\Controllers\Office.php(83): view('main', [...])
10 SYSTEMPATH\CodeIgniter.php(933): App\Controllers\Office->getIndex()
11 SYSTEMPATH\CodeIgniter.php(507): CodeIgniter\CodeIgniter->runController(Object(App\Controllers\Office))
12 SYSTEMPATH\CodeIgniter.php(354): CodeIgniter\CodeIgniter->handleRequest(null, Object(Config\Cache), false)
13 SYSTEMPATH\Boot.php(334): CodeIgniter\CodeIgniter->run()
14 SYSTEMPATH\Boot.php(67): CodeIgniter\Boot::runCodeIgniter(Object(CodeIgniter\CodeIgniter))
15 FCPATH\index.php(56): CodeIgniter\Boot::bootWeb(Object(Config\Paths))
WARNING - 2026-05-16 11:40:50 --> [DEPRECATED] htmlspecialchars(): Passing null to parameter #1 ($string) of type string is deprecated in APPPATH\Views\office.php on line 40.
 1 APPPATH\Views\office.php(40): htmlspecialchars(null, 3, 'UTF-8')
 2 SYSTEMPATH\View\View.php(224): include('C:\\xampp\\htdocs\\gscgeavotingsystem\\app\\Views\\office.php')
 3 SYSTEMPATH\View\View.php(227): CodeIgniter\View\View->{closure:CodeIgniter\View\View::render():221}()
 4 SYSTEMPATH\Common.php(1173): CodeIgniter\View\View->render('office', [], true)
 5 APPPATH\Views\main.php(204): view('office', [])
 6 SYSTEMPATH\View\View.php(224): include('C:\\xampp\\htdocs\\gscgeavotingsystem\\app\\Views\\main.php')
 7 SYSTEMPATH\View\View.php(227): CodeIgniter\View\View->{closure:CodeIgniter\View\View::render():221}()
 8 SYSTEMPATH\Common.php(1173): CodeIgniter\View\View->render('main', [], true)
 9 APPPATH\Controllers\Office.php(83): view('main', [...])
10 SYSTEMPATH\CodeIgniter.php(933): App\Controllers\Office->getIndex()
11 SYSTEMPATH\CodeIgniter.php(507): CodeIgniter\CodeIgniter->runController(Object(App\Controllers\Office))
12 SYSTEMPATH\CodeIgniter.php(354): CodeIgniter\CodeIgniter->handleRequest(null, Object(Config\Cache), false)
13 SYSTEMPATH\Boot.php(334): CodeIgniter\CodeIgniter->run()
14 SYSTEMPATH\Boot.php(67): CodeIgniter\Boot::runCodeIgniter(Object(CodeIgniter\CodeIgniter))
15 FCPATH\index.php(56): CodeIgniter\Boot::bootWeb(Object(Config\Paths))
WARNING - 2026-05-16 11:40:50 --> [DEPRECATED] htmlspecialchars(): Passing null to parameter #1 ($string) of type string is deprecated in APPPATH\Views\office.php on line 39.
 1 APPPATH\Views\office.php(39): htmlspecialchars(null, 3, 'UTF-8')
 2 SYSTEMPATH\View\View.php(224): include('C:\\xampp\\htdocs\\gscgeavotingsystem\\app\\Views\\office.php')
 3 SYSTEMPATH\View\View.php(227): CodeIgniter\View\View->{closure:CodeIgniter\View\View::render():221}()
 4 SYSTEMPATH\Common.php(1173): CodeIgniter\View\View->render('office', [], true)
 5 APPPATH\Views\main.php(204): view('office', [])
 6 SYSTEMPATH\View\View.php(224): include('C:\\xampp\\htdocs\\gscgeavotingsystem\\app\\Views\\main.php')
 7 SYSTEMPATH\View\View.php(227): CodeIgniter\View\View->{closure:CodeIgniter\View\View::render():221}()
 8 SYSTEMPATH\Common.php(1173): CodeIgniter\View\View->render('main', [], true)
 9 APPPATH\Controllers\Office.php(83): view('main', [...])
10 SYSTEMPATH\CodeIgniter.php(933): App\Controllers\Office->getIndex()
11 SYSTEMPATH\CodeIgniter.php(507): CodeIgniter\CodeIgniter->runController(Object(App\Controllers\Office))
12 SYSTEMPATH\CodeIgniter.php(354): CodeIgniter\CodeIgniter->handleRequest(null, Object(Config\Cache), false)
13 SYSTEMPATH\Boot.php(334): CodeIgniter\CodeIgniter->run()
14 SYSTEMPATH\Boot.php(67): CodeIgniter\Boot::runCodeIgniter(Object(CodeIgniter\CodeIgniter))
15 FCPATH\index.php(56): CodeIgniter\Boot::bootWeb(Object(Config\Paths))
WARNING - 2026-05-16 11:40:50 --> [DEPRECATED] htmlspecialchars(): Passing null to parameter #1 ($string) of type string is deprecated in APPPATH\Views\office.php on line 40.
 1 APPPATH\Views\office.php(40): htmlspecialchars(null, 3, 'UTF-8')
 2 SYSTEMPATH\View\View.php(224): include('C:\\xampp\\htdocs\\gscgeavotingsystem\\app\\Views\\office.php')
 3 SYSTEMPATH\View\View.php(227): CodeIgniter\View\View->{closure:CodeIgniter\View\View::render():221}()
 4 SYSTEMPATH\Common.php(1173): CodeIgniter\View\View->render('office', [], true)
 5 APPPATH\Views\main.php(204): view('office', [])
 6 SYSTEMPATH\View\View.php(224): include('C:\\xampp\\htdocs\\gscgeavotingsystem\\app\\Views\\main.php')
 7 SYSTEMPATH\View\View.php(227): CodeIgniter\View\View->{closure:CodeIgniter\View\View::render():221}()
 8 SYSTEMPATH\Common.php(1173): CodeIgniter\View\View->render('main', [], true)
 9 APPPATH\Controllers\Office.php(83): view('main', [...])
10 SYSTEMPATH\CodeIgniter.php(933): App\Controllers\Office->getIndex()
11 SYSTEMPATH\CodeIgniter.php(507): CodeIgniter\CodeIgniter->runController(Object(App\Controllers\Office))
12 SYSTEMPATH\CodeIgniter.php(354): CodeIgniter\CodeIgniter->handleRequest(null, Object(Config\Cache), false)
13 SYSTEMPATH\Boot.php(334): CodeIgniter\CodeIgniter->run()
14 SYSTEMPATH\Boot.php(67): CodeIgniter\Boot::runCodeIgniter(Object(CodeIgniter\CodeIgniter))
15 FCPATH\index.php(56): CodeIgniter\Boot::bootWeb(Object(Config\Paths))
WARNING - 2026-05-16 11:40:50 --> [DEPRECATED] htmlspecialchars(): Passing null to parameter #1 ($string) of type string is deprecated in APPPATH\Views\office.php on line 39.
 1 APPPATH\Views\office.php(39): htmlspecialchars(null, 3, 'UTF-8')
 2 SYSTEMPATH\View\View.php(224): include('C:\\xampp\\htdocs\\gscgeavotingsystem\\app\\Views\\office.php')
 3 SYSTEMPATH\View\View.php(227): CodeIgniter\View\View->{closure:CodeIgniter\View\View::render():221}()
 4 SYSTEMPATH\Common.php(1173): CodeIgniter\View\View->render('office', [], true)
 5 APPPATH\Views\main.php(204): view('office', [])
 6 SYSTEMPATH\View\View.php(224): include('C:\\xampp\\htdocs\\gscgeavotingsystem\\app\\Views\\main.php')
 7 SYSTEMPATH\View\View.php(227): CodeIgniter\View\View->{closure:CodeIgniter\View\View::render():221}()
 8 SYSTEMPATH\Common.php(1173): CodeIgniter\View\View->render('main', [], true)
 9 APPPATH\Controllers\Office.php(83): view('main', [...])
10 SYSTEMPATH\CodeIgniter.php(933): App\Controllers\Office->getIndex()
11 SYSTEMPATH\CodeIgniter.php(507): CodeIgniter\CodeIgniter->runController(Object(App\Controllers\Office))
12 SYSTEMPATH\CodeIgniter.php(354): CodeIgniter\CodeIgniter->handleRequest(null, Object(Config\Cache), false)
13 SYSTEMPATH\Boot.php(334): CodeIgniter\CodeIgniter->run()
14 SYSTEMPATH\Boot.php(67): CodeIgniter\Boot::runCodeIgniter(Object(CodeIgniter\CodeIgniter))
15 FCPATH\index.php(56): CodeIgniter\Boot::bootWeb(Object(Config\Paths))
WARNING - 2026-05-16 11:40:50 --> [DEPRECATED] htmlspecialchars(): Passing null to parameter #1 ($string) of type string is deprecated in APPPATH\Views\office.php on line 40.
 1 APPPATH\Views\office.php(40): htmlspecialchars(null, 3, 'UTF-8')
 2 SYSTEMPATH\View\View.php(224): include('C:\\xampp\\htdocs\\gscgeavotingsystem\\app\\Views\\office.php')
 3 SYSTEMPATH\View\View.php(227): CodeIgniter\View\View->{closure:CodeIgniter\View\View::render():221}()
 4 SYSTEMPATH\Common.php(1173): CodeIgniter\View\View->render('office', [], true)
 5 APPPATH\Views\main.php(204): view('office', [])
 6 SYSTEMPATH\View\View.php(224): include('C:\\xampp\\htdocs\\gscgeavotingsystem\\app\\Views\\main.php')
 7 SYSTEMPATH\View\View.php(227): CodeIgniter\View\View->{closure:CodeIgniter\View\View::render():221}()
 8 SYSTEMPATH\Common.php(1173): CodeIgniter\View\View->render('main', [], true)
 9 APPPATH\Controllers\Office.php(83): view('main', [...])
10 SYSTEMPATH\CodeIgniter.php(933): App\Controllers\Office->getIndex()
11 SYSTEMPATH\CodeIgniter.php(507): CodeIgniter\CodeIgniter->runController(Object(App\Controllers\Office))
12 SYSTEMPATH\CodeIgniter.php(354): CodeIgniter\CodeIgniter->handleRequest(null, Object(Config\Cache), false)
13 SYSTEMPATH\Boot.php(334): CodeIgniter\CodeIgniter->run()
14 SYSTEMPATH\Boot.php(67): CodeIgniter\Boot::runCodeIgniter(Object(CodeIgniter\CodeIgniter))
15 FCPATH\index.php(56): CodeIgniter\Boot::bootWeb(Object(Config\Paths))
WARNING - 2026-05-16 11:40:50 --> [DEPRECATED] htmlspecialchars(): Passing null to parameter #1 ($string) of type string is deprecated in APPPATH\Views\office.php on line 39.
 1 APPPATH\Views\office.php(39): htmlspecialchars(null, 3, 'UTF-8')
 2 SYSTEMPATH\View\View.php(224): include('C:\\xampp\\htdocs\\gscgeavotingsystem\\app\\Views\\office.php')
 3 SYSTEMPATH\View\View.php(227): CodeIgniter\View\View->{closure:CodeIgniter\View\View::render():221}()
 4 SYSTEMPATH\Common.php(1173): CodeIgniter\View\View->render('office', [], true)
 5 APPPATH\Views\main.php(204): view('office', [])
 6 SYSTEMPATH\View\View.php(224): include('C:\\xampp\\htdocs\\gscgeavotingsystem\\app\\Views\\main.php')
 7 SYSTEMPATH\View\View.php(227): CodeIgniter\View\View->{closure:CodeIgniter\View\View::render():221}()
 8 SYSTEMPATH\Common.php(1173): CodeIgniter\View\View->render('main', [], true)
 9 APPPATH\Controllers\Office.php(83): view('main', [...])
10 SYSTEMPATH\CodeIgniter.php(933): App\Controllers\Office->getIndex()
11 SYSTEMPATH\CodeIgniter.php(507): CodeIgniter\CodeIgniter->runController(Object(App\Controllers\Office))
12 SYSTEMPATH\CodeIgniter.php(354): CodeIgniter\CodeIgniter->handleRequest(null, Object(Config\Cache), false)
13 SYSTEMPATH\Boot.php(334): CodeIgniter\CodeIgniter->run()
14 SYSTEMPATH\Boot.php(67): CodeIgniter\Boot::runCodeIgniter(Object(CodeIgniter\CodeIgniter))
15 FCPATH\index.php(56): CodeIgniter\Boot::bootWeb(Object(Config\Paths))
WARNING - 2026-05-16 11:40:50 --> [DEPRECATED] htmlspecialchars(): Passing null to parameter #1 ($string) of type string is deprecated in APPPATH\Views\office.php on line 40.
 1 APPPATH\Views\office.php(40): htmlspecialchars(null, 3, 'UTF-8')
 2 SYSTEMPATH\View\View.php(224): include('C:\\xampp\\htdocs\\gscgeavotingsystem\\app\\Views\\office.php')
 3 SYSTEMPATH\View\View.php(227): CodeIgniter\View\View->{closure:CodeIgniter\View\View::render():221}()
 4 SYSTEMPATH\Common.php(1173): CodeIgniter\View\View->render('office', [], true)
 5 APPPATH\Views\main.php(204): view('office', [])
 6 SYSTEMPATH\View\View.php(224): include('C:\\xampp\\htdocs\\gscgeavotingsystem\\app\\Views\\main.php')
 7 SYSTEMPATH\View\View.php(227): CodeIgniter\View\View->{closure:CodeIgniter\View\View::render():221}()
 8 SYSTEMPATH\Common.php(1173): CodeIgniter\View\View->render('main', [], true)
 9 APPPATH\Controllers\Office.php(83): view('main', [...])
10 SYSTEMPATH\CodeIgniter.php(933): App\Controllers\Office->getIndex()
11 SYSTEMPATH\CodeIgniter.php(507): CodeIgniter\CodeIgniter->runController(Object(App\Controllers\Office))
12 SYSTEMPATH\CodeIgniter.php(354): CodeIgniter\CodeIgniter->handleRequest(null, Object(Config\Cache), false)
13 SYSTEMPATH\Boot.php(334): CodeIgniter\CodeIgniter->run()
14 SYSTEMPATH\Boot.php(67): CodeIgniter\Boot::runCodeIgniter(Object(CodeIgniter\CodeIgniter))
15 FCPATH\index.php(56): CodeIgniter\Boot::bootWeb(Object(Config\Paths))
WARNING - 2026-05-16 11:40:50 --> [DEPRECATED] htmlspecialchars(): Passing null to parameter #1 ($string) of type string is deprecated in APPPATH\Views\office.php on line 39.
 1 APPPATH\Views\office.php(39): htmlspecialchars(null, 3, 'UTF-8')
 2 SYSTEMPATH\View\View.php(224): include('C:\\xampp\\htdocs\\gscgeavotingsystem\\app\\Views\\office.php')
 3 SYSTEMPATH\View\View.php(227): CodeIgniter\View\View->{closure:CodeIgniter\View\View::render():221}()
 4 SYSTEMPATH\Common.php(1173): CodeIgniter\View\View->render('office', [], true)
 5 APPPATH\Views\main.php(204): view('office', [])
 6 SYSTEMPATH\View\View.php(224): include('C:\\xampp\\htdocs\\gscgeavotingsystem\\app\\Views\\main.php')
 7 SYSTEMPATH\View\View.php(227): CodeIgniter\View\View->{closure:CodeIgniter\View\View::render():221}()
 8 SYSTEMPATH\Common.php(1173): CodeIgniter\View\View->render('main', [], true)
 9 APPPATH\Controllers\Office.php(83): view('main', [...])
10 SYSTEMPATH\CodeIgniter.php(933): App\Controllers\Office->getIndex()
11 SYSTEMPATH\CodeIgniter.php(507): CodeIgniter\CodeIgniter->runController(Object(App\Controllers\Office))
12 SYSTEMPATH\CodeIgniter.php(354): CodeIgniter\CodeIgniter->handleRequest(null, Object(Config\Cache), false)
13 SYSTEMPATH\Boot.php(334): CodeIgniter\CodeIgniter->run()
14 SYSTEMPATH\Boot.php(67): CodeIgniter\Boot::runCodeIgniter(Object(CodeIgniter\CodeIgniter))
15 FCPATH\index.php(56): CodeIgniter\Boot::bootWeb(Object(Config\Paths))
WARNING - 2026-05-16 11:40:50 --> [DEPRECATED] htmlspecialchars(): Passing null to parameter #1 ($string) of type string is deprecated in APPPATH\Views\office.php on line 40.
 1 APPPATH\Views\office.php(40): htmlspecialchars(null, 3, 'UTF-8')
 2 SYSTEMPATH\View\View.php(224): include('C:\\xampp\\htdocs\\gscgeavotingsystem\\app\\Views\\office.php')
 3 SYSTEMPATH\View\View.php(227): CodeIgniter\View\View->{closure:CodeIgniter\View\View::render():221}()
 4 SYSTEMPATH\Common.php(1173): CodeIgniter\View\View->render('office', [], true)
 5 APPPATH\Views\main.php(204): view('office', [])
 6 SYSTEMPATH\View\View.php(224): include('C:\\xampp\\htdocs\\gscgeavotingsystem\\app\\Views\\main.php')
 7 SYSTEMPATH\View\View.php(227): CodeIgniter\View\View->{closure:CodeIgniter\View\View::render():221}()
 8 SYSTEMPATH\Common.php(1173): CodeIgniter\View\View->render('main', [], true)
 9 APPPATH\Controllers\Office.php(83): view('main', [...])
10 SYSTEMPATH\CodeIgniter.php(933): App\Controllers\Office->getIndex()
11 SYSTEMPATH\CodeIgniter.php(507): CodeIgniter\CodeIgniter->runController(Object(App\Controllers\Office))
12 SYSTEMPATH\CodeIgniter.php(354): CodeIgniter\CodeIgniter->handleRequest(null, Object(Config\Cache), false)
13 SYSTEMPATH\Boot.php(334): CodeIgniter\CodeIgniter->run()
14 SYSTEMPATH\Boot.php(67): CodeIgniter\Boot::runCodeIgniter(Object(CodeIgniter\CodeIgniter))
15 FCPATH\index.php(56): CodeIgniter\Boot::bootWeb(Object(Config\Paths))
WARNING - 2026-05-16 11:40:50 --> [DEPRECATED] htmlspecialchars(): Passing null to parameter #1 ($string) of type string is deprecated in APPPATH\Views\office.php on line 39.
 1 APPPATH\Views\office.php(39): htmlspecialchars(null, 3, 'UTF-8')
 2 SYSTEMPATH\View\View.php(224): include('C:\\xampp\\htdocs\\gscgeavotingsystem\\app\\Views\\office.php')
 3 SYSTEMPATH\View\View.php(227): CodeIgniter\View\View->{closure:CodeIgniter\View\View::render():221}()
 4 SYSTEMPATH\Common.php(1173): CodeIgniter\View\View->render('office', [], true)
 5 APPPATH\Views\main.php(204): view('office', [])
 6 SYSTEMPATH\View\View.php(224): include('C:\\xampp\\htdocs\\gscgeavotingsystem\\app\\Views\\main.php')
 7 SYSTEMPATH\View\View.php(227): CodeIgniter\View\View->{closure:CodeIgniter\View\View::render():221}()
 8 SYSTEMPATH\Common.php(1173): CodeIgniter\View\View->render('main', [], true)
 9 APPPATH\Controllers\Office.php(83): view('main', [...])
10 SYSTEMPATH\CodeIgniter.php(933): App\Controllers\Office->getIndex()
11 SYSTEMPATH\CodeIgniter.php(507): CodeIgniter\CodeIgniter->runController(Object(App\Controllers\Office))
12 SYSTEMPATH\CodeIgniter.php(354): CodeIgniter\CodeIgniter->handleRequest(null, Object(Config\Cache), false)
13 SYSTEMPATH\Boot.php(334): CodeIgniter\CodeIgniter->run()
14 SYSTEMPATH\Boot.php(67): CodeIgniter\Boot::runCodeIgniter(Object(CodeIgniter\CodeIgniter))
15 FCPATH\index.php(56): CodeIgniter\Boot::bootWeb(Object(Config\Paths))
WARNING - 2026-05-16 11:40:50 --> [DEPRECATED] htmlspecialchars(): Passing null to parameter #1 ($string) of type string is deprecated in APPPATH\Views\office.php on line 40.
 1 APPPATH\Views\office.php(40): htmlspecialchars(null, 3, 'UTF-8')
 2 SYSTEMPATH\View\View.php(224): include('C:\\xampp\\htdocs\\gscgeavotingsystem\\app\\Views\\office.php')
 3 SYSTEMPATH\View\View.php(227): CodeIgniter\View\View->{closure:CodeIgniter\View\View::render():221}()
 4 SYSTEMPATH\Common.php(1173): CodeIgniter\View\View->render('office', [], true)
 5 APPPATH\Views\main.php(204): view('office', [])
 6 SYSTEMPATH\View\View.php(224): include('C:\\xampp\\htdocs\\gscgeavotingsystem\\app\\Views\\main.php')
 7 SYSTEMPATH\View\View.php(227): CodeIgniter\View\View->{closure:CodeIgniter\View\View::render():221}()
 8 SYSTEMPATH\Common.php(1173): CodeIgniter\View\View->render('main', [], true)
 9 APPPATH\Controllers\Office.php(83): view('main', [...])
10 SYSTEMPATH\CodeIgniter.php(933): App\Controllers\Office->getIndex()
11 SYSTEMPATH\CodeIgniter.php(507): CodeIgniter\CodeIgniter->runController(Object(App\Controllers\Office))
12 SYSTEMPATH\CodeIgniter.php(354): CodeIgniter\CodeIgniter->handleRequest(null, Object(Config\Cache), false)
13 SYSTEMPATH\Boot.php(334): CodeIgniter\CodeIgniter->run()
14 SYSTEMPATH\Boot.php(67): CodeIgniter\Boot::runCodeIgniter(Object(CodeIgniter\CodeIgniter))
15 FCPATH\index.php(56): CodeIgniter\Boot::bootWeb(Object(Config\Paths))
WARNING - 2026-05-16 11:40:50 --> [DEPRECATED] htmlspecialchars(): Passing null to parameter #1 ($string) of type string is deprecated in APPPATH\Views\office.php on line 39.
 1 APPPATH\Views\office.php(39): htmlspecialchars(null, 3, 'UTF-8')
 2 SYSTEMPATH\View\View.php(224): include('C:\\xampp\\htdocs\\gscgeavotingsystem\\app\\Views\\office.php')
 3 SYSTEMPATH\View\View.php(227): CodeIgniter\View\View->{closure:CodeIgniter\View\View::render():221}()
 4 SYSTEMPATH\Common.php(1173): CodeIgniter\View\View->render('office', [], true)
 5 APPPATH\Views\main.php(204): view('office', [])
 6 SYSTEMPATH\View\View.php(224): include('C:\\xampp\\htdocs\\gscgeavotingsystem\\app\\Views\\main.php')
 7 SYSTEMPATH\View\View.php(227): CodeIgniter\View\View->{closure:CodeIgniter\View\View::render():221}()
 8 SYSTEMPATH\Common.php(1173): CodeIgniter\View\View->render('main', [], true)
 9 APPPATH\Controllers\Office.php(83): view('main', [...])
10 SYSTEMPATH\CodeIgniter.php(933): App\Controllers\Office->getIndex()
11 SYSTEMPATH\CodeIgniter.php(507): CodeIgniter\CodeIgniter->runController(Object(App\Controllers\Office))
12 SYSTEMPATH\CodeIgniter.php(354): CodeIgniter\CodeIgniter->handleRequest(null, Object(Config\Cache), false)
13 SYSTEMPATH\Boot.php(334): CodeIgniter\CodeIgniter->run()
14 SYSTEMPATH\Boot.php(67): CodeIgniter\Boot::runCodeIgniter(Object(CodeIgniter\CodeIgniter))
15 FCPATH\index.php(56): CodeIgniter\Boot::bootWeb(Object(Config\Paths))
WARNING - 2026-05-16 11:40:50 --> [DEPRECATED] htmlspecialchars(): Passing null to parameter #1 ($string) of type string is deprecated in APPPATH\Views\office.php on line 40.
 1 APPPATH\Views\office.php(40): htmlspecialchars(null, 3, 'UTF-8')
 2 SYSTEMPATH\View\View.php(224): include('C:\\xampp\\htdocs\\gscgeavotingsystem\\app\\Views\\office.php')
 3 SYSTEMPATH\View\View.php(227): CodeIgniter\View\View->{closure:CodeIgniter\View\View::render():221}()
 4 SYSTEMPATH\Common.php(1173): CodeIgniter\View\View->render('office', [], true)
 5 APPPATH\Views\main.php(204): view('office', [])
 6 SYSTEMPATH\View\View.php(224): include('C:\\xampp\\htdocs\\gscgeavotingsystem\\app\\Views\\main.php')
 7 SYSTEMPATH\View\View.php(227): CodeIgniter\View\View->{closure:CodeIgniter\View\View::render():221}()
 8 SYSTEMPATH\Common.php(1173): CodeIgniter\View\View->render('main', [], true)
 9 APPPATH\Controllers\Office.php(83): view('main', [...])
10 SYSTEMPATH\CodeIgniter.php(933): App\Controllers\Office->getIndex()
11 SYSTEMPATH\CodeIgniter.php(507): CodeIgniter\CodeIgniter->runController(Object(App\Controllers\Office))
12 SYSTEMPATH\CodeIgniter.php(354): CodeIgniter\CodeIgniter->handleRequest(null, Object(Config\Cache), false)
13 SYSTEMPATH\Boot.php(334): CodeIgniter\CodeIgniter->run()
14 SYSTEMPATH\Boot.php(67): CodeIgniter\Boot::runCodeIgniter(Object(CodeIgniter\CodeIgniter))
15 FCPATH\index.php(56): CodeIgniter\Boot::bootWeb(Object(Config\Paths))
WARNING - 2026-05-16 11:40:50 --> [DEPRECATED] htmlspecialchars(): Passing null to parameter #1 ($string) of type string is deprecated in APPPATH\Views\office.php on line 39.
 1 APPPATH\Views\office.php(39): htmlspecialchars(null, 3, 'UTF-8')
 2 SYSTEMPATH\View\View.php(224): include('C:\\xampp\\htdocs\\gscgeavotingsystem\\app\\Views\\office.php')
 3 SYSTEMPATH\View\View.php(227): CodeIgniter\View\View->{closure:CodeIgniter\View\View::render():221}()
 4 SYSTEMPATH\Common.php(1173): CodeIgniter\View\View->render('office', [], true)
 5 APPPATH\Views\main.php(204): view('office', [])
 6 SYSTEMPATH\View\View.php(224): include('C:\\xampp\\htdocs\\gscgeavotingsystem\\app\\Views\\main.php')
 7 SYSTEMPATH\View\View.php(227): CodeIgniter\View\View->{closure:CodeIgniter\View\View::render():221}()
 8 SYSTEMPATH\Common.php(1173): CodeIgniter\View\View->render('main', [], true)
 9 APPPATH\Controllers\Office.php(83): view('main', [...])
10 SYSTEMPATH\CodeIgniter.php(933): App\Controllers\Office->getIndex()
11 SYSTEMPATH\CodeIgniter.php(507): CodeIgniter\CodeIgniter->runController(Object(App\Controllers\Office))
12 SYSTEMPATH\CodeIgniter.php(354): CodeIgniter\CodeIgniter->handleRequest(null, Object(Config\Cache), false)
13 SYSTEMPATH\Boot.php(334): CodeIgniter\CodeIgniter->run()
14 SYSTEMPATH\Boot.php(67): CodeIgniter\Boot::runCodeIgniter(Object(CodeIgniter\CodeIgniter))
15 FCPATH\index.php(56): CodeIgniter\Boot::bootWeb(Object(Config\Paths))
WARNING - 2026-05-16 11:40:50 --> [DEPRECATED] htmlspecialchars(): Passing null to parameter #1 ($string) of type string is deprecated in APPPATH\Views\office.php on line 40.
 1 APPPATH\Views\office.php(40): htmlspecialchars(null, 3, 'UTF-8')
 2 SYSTEMPATH\View\View.php(224): include('C:\\xampp\\htdocs\\gscgeavotingsystem\\app\\Views\\office.php')
 3 SYSTEMPATH\View\View.php(227): CodeIgniter\View\View->{closure:CodeIgniter\View\View::render():221}()
 4 SYSTEMPATH\Common.php(1173): CodeIgniter\View\View->render('office', [], true)
 5 APPPATH\Views\main.php(204): view('office', [])
 6 SYSTEMPATH\View\View.php(224): include('C:\\xampp\\htdocs\\gscgeavotingsystem\\app\\Views\\main.php')
 7 SYSTEMPATH\View\View.php(227): CodeIgniter\View\View->{closure:CodeIgniter\View\View::render():221}()
 8 SYSTEMPATH\Common.php(1173): CodeIgniter\View\View->render('main', [], true)
 9 APPPATH\Controllers\Office.php(83): view('main', [...])
10 SYSTEMPATH\CodeIgniter.php(933): App\Controllers\Office->getIndex()
11 SYSTEMPATH\CodeIgniter.php(507): CodeIgniter\CodeIgniter->runController(Object(App\Controllers\Office))
12 SYSTEMPATH\CodeIgniter.php(354): CodeIgniter\CodeIgniter->handleRequest(null, Object(Config\Cache), false)
13 SYSTEMPATH\Boot.php(334): CodeIgniter\CodeIgniter->run()
14 SYSTEMPATH\Boot.php(67): CodeIgniter\Boot::runCodeIgniter(Object(CodeIgniter\CodeIgniter))
15 FCPATH\index.php(56): CodeIgniter\Boot::bootWeb(Object(Config\Paths))
WARNING - 2026-05-16 11:40:50 --> [DEPRECATED] htmlspecialchars(): Passing null to parameter #1 ($string) of type string is deprecated in APPPATH\Views\office.php on line 39.
 1 APPPATH\Views\office.php(39): htmlspecialchars(null, 3, 'UTF-8')
 2 SYSTEMPATH\View\View.php(224): include('C:\\xampp\\htdocs\\gscgeavotingsystem\\app\\Views\\office.php')
 3 SYSTEMPATH\View\View.php(227): CodeIgniter\View\View->{closure:CodeIgniter\View\View::render():221}()
 4 SYSTEMPATH\Common.php(1173): CodeIgniter\View\View->render('office', [], true)
 5 APPPATH\Views\main.php(204): view('office', [])
 6 SYSTEMPATH\View\View.php(224): include('C:\\xampp\\htdocs\\gscgeavotingsystem\\app\\Views\\main.php')
 7 SYSTEMPATH\View\View.php(227): CodeIgniter\View\View->{closure:CodeIgniter\View\View::render():221}()
 8 SYSTEMPATH\Common.php(1173): CodeIgniter\View\View->render('main', [], true)
 9 APPPATH\Controllers\Office.php(83): view('main', [...])
10 SYSTEMPATH\CodeIgniter.php(933): App\Controllers\Office->getIndex()
11 SYSTEMPATH\CodeIgniter.php(507): CodeIgniter\CodeIgniter->runController(Object(App\Controllers\Office))
12 SYSTEMPATH\CodeIgniter.php(354): CodeIgniter\CodeIgniter->handleRequest(null, Object(Config\Cache), false)
13 SYSTEMPATH\Boot.php(334): CodeIgniter\CodeIgniter->run()
14 SYSTEMPATH\Boot.php(67): CodeIgniter\Boot::runCodeIgniter(Object(CodeIgniter\CodeIgniter))
15 FCPATH\index.php(56): CodeIgniter\Boot::bootWeb(Object(Config\Paths))
WARNING - 2026-05-16 11:40:50 --> [DEPRECATED] htmlspecialchars(): Passing null to parameter #1 ($string) of type string is deprecated in APPPATH\Views\office.php on line 40.
 1 APPPATH\Views\office.php(40): htmlspecialchars(null, 3, 'UTF-8')
 2 SYSTEMPATH\View\View.php(224): include('C:\\xampp\\htdocs\\gscgeavotingsystem\\app\\Views\\office.php')
 3 SYSTEMPATH\View\View.php(227): CodeIgniter\View\View->{closure:CodeIgniter\View\View::render():221}()
 4 SYSTEMPATH\Common.php(1173): CodeIgniter\View\View->render('office', [], true)
 5 APPPATH\Views\main.php(204): view('office', [])
 6 SYSTEMPATH\View\View.php(224): include('C:\\xampp\\htdocs\\gscgeavotingsystem\\app\\Views\\main.php')
 7 SYSTEMPATH\View\View.php(227): CodeIgniter\View\View->{closure:CodeIgniter\View\View::render():221}()
 8 SYSTEMPATH\Common.php(1173): CodeIgniter\View\View->render('main', [], true)
 9 APPPATH\Controllers\Office.php(83): view('main', [...])
10 SYSTEMPATH\CodeIgniter.php(933): App\Controllers\Office->getIndex()
11 SYSTEMPATH\CodeIgniter.php(507): CodeIgniter\CodeIgniter->runController(Object(App\Controllers\Office))
12 SYSTEMPATH\CodeIgniter.php(354): CodeIgniter\CodeIgniter->handleRequest(null, Object(Config\Cache), false)
13 SYSTEMPATH\Boot.php(334): CodeIgniter\CodeIgniter->run()
14 SYSTEMPATH\Boot.php(67): CodeIgniter\Boot::runCodeIgniter(Object(CodeIgniter\CodeIgniter))
15 FCPATH\index.php(56): CodeIgniter\Boot::bootWeb(Object(Config\Paths))
WARNING - 2026-05-16 11:40:50 --> [DEPRECATED] htmlspecialchars(): Passing null to parameter #1 ($string) of type string is deprecated in APPPATH\Views\office.php on line 39.
 1 APPPATH\Views\office.php(39): htmlspecialchars(null, 3, 'UTF-8')
 2 SYSTEMPATH\View\View.php(224): include('C:\\xampp\\htdocs\\gscgeavotingsystem\\app\\Views\\office.php')
 3 SYSTEMPATH\View\View.php(227): CodeIgniter\View\View->{closure:CodeIgniter\View\View::render():221}()
 4 SYSTEMPATH\Common.php(1173): CodeIgniter\View\View->render('office', [], true)
 5 APPPATH\Views\main.php(204): view('office', [])
 6 SYSTEMPATH\View\View.php(224): include('C:\\xampp\\htdocs\\gscgeavotingsystem\\app\\Views\\main.php')
 7 SYSTEMPATH\View\View.php(227): CodeIgniter\View\View->{closure:CodeIgniter\View\View::render():221}()
 8 SYSTEMPATH\Common.php(1173): CodeIgniter\View\View->render('main', [], true)
 9 APPPATH\Controllers\Office.php(83): view('main', [...])
10 SYSTEMPATH\CodeIgniter.php(933): App\Controllers\Office->getIndex()
11 SYSTEMPATH\CodeIgniter.php(507): CodeIgniter\CodeIgniter->runController(Object(App\Controllers\Office))
12 SYSTEMPATH\CodeIgniter.php(354): CodeIgniter\CodeIgniter->handleRequest(null, Object(Config\Cache), false)
13 SYSTEMPATH\Boot.php(334): CodeIgniter\CodeIgniter->run()
14 SYSTEMPATH\Boot.php(67): CodeIgniter\Boot::runCodeIgniter(Object(CodeIgniter\CodeIgniter))
15 FCPATH\index.php(56): CodeIgniter\Boot::bootWeb(Object(Config\Paths))
WARNING - 2026-05-16 11:40:50 --> [DEPRECATED] htmlspecialchars(): Passing null to parameter #1 ($string) of type string is deprecated in APPPATH\Views\office.php on line 40.
 1 APPPATH\Views\office.php(40): htmlspecialchars(null, 3, 'UTF-8')
 2 SYSTEMPATH\View\View.php(224): include('C:\\xampp\\htdocs\\gscgeavotingsystem\\app\\Views\\office.php')
 3 SYSTEMPATH\View\View.php(227): CodeIgniter\View\View->{closure:CodeIgniter\View\View::render():221}()
 4 SYSTEMPATH\Common.php(1173): CodeIgniter\View\View->render('office', [], true)
 5 APPPATH\Views\main.php(204): view('office', [])
 6 SYSTEMPATH\View\View.php(224): include('C:\\xampp\\htdocs\\gscgeavotingsystem\\app\\Views\\main.php')
 7 SYSTEMPATH\View\View.php(227): CodeIgniter\View\View->{closure:CodeIgniter\View\View::render():221}()
 8 SYSTEMPATH\Common.php(1173): CodeIgniter\View\View->render('main', [], true)
 9 APPPATH\Controllers\Office.php(83): view('main', [...])
10 SYSTEMPATH\CodeIgniter.php(933): App\Controllers\Office->getIndex()
11 SYSTEMPATH\CodeIgniter.php(507): CodeIgniter\CodeIgniter->runController(Object(App\Controllers\Office))
12 SYSTEMPATH\CodeIgniter.php(354): CodeIgniter\CodeIgniter->handleRequest(null, Object(Config\Cache), false)
13 SYSTEMPATH\Boot.php(334): CodeIgniter\CodeIgniter->run()
14 SYSTEMPATH\Boot.php(67): CodeIgniter\Boot::runCodeIgniter(Object(CodeIgniter\CodeIgniter))
15 FCPATH\index.php(56): CodeIgniter\Boot::bootWeb(Object(Config\Paths))
WARNING - 2026-05-16 11:40:50 --> [DEPRECATED] htmlspecialchars(): Passing null to parameter #1 ($string) of type string is deprecated in APPPATH\Views\office.php on line 39.
 1 APPPATH\Views\office.php(39): htmlspecialchars(null, 3, 'UTF-8')
 2 SYSTEMPATH\View\View.php(224): include('C:\\xampp\\htdocs\\gscgeavotingsystem\\app\\Views\\office.php')
 3 SYSTEMPATH\View\View.php(227): CodeIgniter\View\View->{closure:CodeIgniter\View\View::render():221}()
 4 SYSTEMPATH\Common.php(1173): CodeIgniter\View\View->render('office', [], true)
 5 APPPATH\Views\main.php(204): view('office', [])
 6 SYSTEMPATH\View\View.php(224): include('C:\\xampp\\htdocs\\gscgeavotingsystem\\app\\Views\\main.php')
 7 SYSTEMPATH\View\View.php(227): CodeIgniter\View\View->{closure:CodeIgniter\View\View::render():221}()
 8 SYSTEMPATH\Common.php(1173): CodeIgniter\View\View->render('main', [], true)
 9 APPPATH\Controllers\Office.php(83): view('main', [...])
10 SYSTEMPATH\CodeIgniter.php(933): App\Controllers\Office->getIndex()
11 SYSTEMPATH\CodeIgniter.php(507): CodeIgniter\CodeIgniter->runController(Object(App\Controllers\Office))
12 SYSTEMPATH\CodeIgniter.php(354): CodeIgniter\CodeIgniter->handleRequest(null, Object(Config\Cache), false)
13 SYSTEMPATH\Boot.php(334): CodeIgniter\CodeIgniter->run()
14 SYSTEMPATH\Boot.php(67): CodeIgniter\Boot::runCodeIgniter(Object(CodeIgniter\CodeIgniter))
15 FCPATH\index.php(56): CodeIgniter\Boot::bootWeb(Object(Config\Paths))
WARNING - 2026-05-16 11:40:50 --> [DEPRECATED] htmlspecialchars(): Passing null to parameter #1 ($string) of type string is deprecated in APPPATH\Views\office.php on line 40.
 1 APPPATH\Views\office.php(40): htmlspecialchars(null, 3, 'UTF-8')
 2 SYSTEMPATH\View\View.php(224): include('C:\\xampp\\htdocs\\gscgeavotingsystem\\app\\Views\\office.php')
 3 SYSTEMPATH\View\View.php(227): CodeIgniter\View\View->{closure:CodeIgniter\View\View::render():221}()
 4 SYSTEMPATH\Common.php(1173): CodeIgniter\View\View->render('office', [], true)
 5 APPPATH\Views\main.php(204): view('office', [])
 6 SYSTEMPATH\View\View.php(224): include('C:\\xampp\\htdocs\\gscgeavotingsystem\\app\\Views\\main.php')
 7 SYSTEMPATH\View\View.php(227): CodeIgniter\View\View->{closure:CodeIgniter\View\View::render():221}()
 8 SYSTEMPATH\Common.php(1173): CodeIgniter\View\View->render('main', [], true)
 9 APPPATH\Controllers\Office.php(83): view('main', [...])
10 SYSTEMPATH\CodeIgniter.php(933): App\Controllers\Office->getIndex()
11 SYSTEMPATH\CodeIgniter.php(507): CodeIgniter\CodeIgniter->runController(Object(App\Controllers\Office))
12 SYSTEMPATH\CodeIgniter.php(354): CodeIgniter\CodeIgniter->handleRequest(null, Object(Config\Cache), false)
13 SYSTEMPATH\Boot.php(334): CodeIgniter\CodeIgniter->run()
14 SYSTEMPATH\Boot.php(67): CodeIgniter\Boot::runCodeIgniter(Object(CodeIgniter\CodeIgniter))
15 FCPATH\index.php(56): CodeIgniter\Boot::bootWeb(Object(Config\Paths))
WARNING - 2026-05-16 11:40:50 --> [DEPRECATED] htmlspecialchars(): Passing null to parameter #1 ($string) of type string is deprecated in APPPATH\Views\office.php on line 39.
 1 APPPATH\Views\office.php(39): htmlspecialchars(null, 3, 'UTF-8')
 2 SYSTEMPATH\View\View.php(224): include('C:\\xampp\\htdocs\\gscgeavotingsystem\\app\\Views\\office.php')
 3 SYSTEMPATH\View\View.php(227): CodeIgniter\View\View->{closure:CodeIgniter\View\View::render():221}()
 4 SYSTEMPATH\Common.php(1173): CodeIgniter\View\View->render('office', [], true)
 5 APPPATH\Views\main.php(204): view('office', [])
 6 SYSTEMPATH\View\View.php(224): include('C:\\xampp\\htdocs\\gscgeavotingsystem\\app\\Views\\main.php')
 7 SYSTEMPATH\View\View.php(227): CodeIgniter\View\View->{closure:CodeIgniter\View\View::render():221}()
 8 SYSTEMPATH\Common.php(1173): CodeIgniter\View\View->render('main', [], true)
 9 APPPATH\Controllers\Office.php(83): view('main', [...])
10 SYSTEMPATH\CodeIgniter.php(933): App\Controllers\Office->getIndex()
11 SYSTEMPATH\CodeIgniter.php(507): CodeIgniter\CodeIgniter->runController(Object(App\Controllers\Office))
12 SYSTEMPATH\CodeIgniter.php(354): CodeIgniter\CodeIgniter->handleRequest(null, Object(Config\Cache), false)
13 SYSTEMPATH\Boot.php(334): CodeIgniter\CodeIgniter->run()
14 SYSTEMPATH\Boot.php(67): CodeIgniter\Boot::runCodeIgniter(Object(CodeIgniter\CodeIgniter))
15 FCPATH\index.php(56): CodeIgniter\Boot::bootWeb(Object(Config\Paths))
WARNING - 2026-05-16 11:40:50 --> [DEPRECATED] htmlspecialchars(): Passing null to parameter #1 ($string) of type string is deprecated in APPPATH\Views\office.php on line 40.
 1 APPPATH\Views\office.php(40): htmlspecialchars(null, 3, 'UTF-8')
 2 SYSTEMPATH\View\View.php(224): include('C:\\xampp\\htdocs\\gscgeavotingsystem\\app\\Views\\office.php')
 3 SYSTEMPATH\View\View.php(227): CodeIgniter\View\View->{closure:CodeIgniter\View\View::render():221}()
 4 SYSTEMPATH\Common.php(1173): CodeIgniter\View\View->render('office', [], true)
 5 APPPATH\Views\main.php(204): view('office', [])
 6 SYSTEMPATH\View\View.php(224): include('C:\\xampp\\htdocs\\gscgeavotingsystem\\app\\Views\\main.php')
 7 SYSTEMPATH\View\View.php(227): CodeIgniter\View\View->{closure:CodeIgniter\View\View::render():221}()
 8 SYSTEMPATH\Common.php(1173): CodeIgniter\View\View->render('main', [], true)
 9 APPPATH\Controllers\Office.php(83): view('main', [...])
10 SYSTEMPATH\CodeIgniter.php(933): App\Controllers\Office->getIndex()
11 SYSTEMPATH\CodeIgniter.php(507): CodeIgniter\CodeIgniter->runController(Object(App\Controllers\Office))
12 SYSTEMPATH\CodeIgniter.php(354): CodeIgniter\CodeIgniter->handleRequest(null, Object(Config\Cache), false)
13 SYSTEMPATH\Boot.php(334): CodeIgniter\CodeIgniter->run()
14 SYSTEMPATH\Boot.php(67): CodeIgniter\Boot::runCodeIgniter(Object(CodeIgniter\CodeIgniter))
15 FCPATH\index.php(56): CodeIgniter\Boot::bootWeb(Object(Config\Paths))
WARNING - 2026-05-16 11:40:50 --> [DEPRECATED] htmlspecialchars(): Passing null to parameter #1 ($string) of type string is deprecated in APPPATH\Views\office.php on line 39.
 1 APPPATH\Views\office.php(39): htmlspecialchars(null, 3, 'UTF-8')
 2 SYSTEMPATH\View\View.php(224): include('C:\\xampp\\htdocs\\gscgeavotingsystem\\app\\Views\\office.php')
 3 SYSTEMPATH\View\View.php(227): CodeIgniter\View\View->{closure:CodeIgniter\View\View::render():221}()
 4 SYSTEMPATH\Common.php(1173): CodeIgniter\View\View->render('office', [], true)
 5 APPPATH\Views\main.php(204): view('office', [])
 6 SYSTEMPATH\View\View.php(224): include('C:\\xampp\\htdocs\\gscgeavotingsystem\\app\\Views\\main.php')
 7 SYSTEMPATH\View\View.php(227): CodeIgniter\View\View->{closure:CodeIgniter\View\View::render():221}()
 8 SYSTEMPATH\Common.php(1173): CodeIgniter\View\View->render('main', [], true)
 9 APPPATH\Controllers\Office.php(83): view('main', [...])
10 SYSTEMPATH\CodeIgniter.php(933): App\Controllers\Office->getIndex()
11 SYSTEMPATH\CodeIgniter.php(507): CodeIgniter\CodeIgniter->runController(Object(App\Controllers\Office))
12 SYSTEMPATH\CodeIgniter.php(354): CodeIgniter\CodeIgniter->handleRequest(null, Object(Config\Cache), false)
13 SYSTEMPATH\Boot.php(334): CodeIgniter\CodeIgniter->run()
14 SYSTEMPATH\Boot.php(67): CodeIgniter\Boot::runCodeIgniter(Object(CodeIgniter\CodeIgniter))
15 FCPATH\index.php(56): CodeIgniter\Boot::bootWeb(Object(Config\Paths))
WARNING - 2026-05-16 11:40:50 --> [DEPRECATED] htmlspecialchars(): Passing null to parameter #1 ($string) of type string is deprecated in APPPATH\Views\office.php on line 40.
 1 APPPATH\Views\office.php(40): htmlspecialchars(null, 3, 'UTF-8')
 2 SYSTEMPATH\View\View.php(224): include('C:\\xampp\\htdocs\\gscgeavotingsystem\\app\\Views\\office.php')
 3 SYSTEMPATH\View\View.php(227): CodeIgniter\View\View->{closure:CodeIgniter\View\View::render():221}()
 4 SYSTEMPATH\Common.php(1173): CodeIgniter\View\View->render('office', [], true)
 5 APPPATH\Views\main.php(204): view('office', [])
 6 SYSTEMPATH\View\View.php(224): include('C:\\xampp\\htdocs\\gscgeavotingsystem\\app\\Views\\main.php')
 7 SYSTEMPATH\View\View.php(227): CodeIgniter\View\View->{closure:CodeIgniter\View\View::render():221}()
 8 SYSTEMPATH\Common.php(1173): CodeIgniter\View\View->render('main', [], true)
 9 APPPATH\Controllers\Office.php(83): view('main', [...])
10 SYSTEMPATH\CodeIgniter.php(933): App\Controllers\Office->getIndex()
11 SYSTEMPATH\CodeIgniter.php(507): CodeIgniter\CodeIgniter->runController(Object(App\Controllers\Office))
12 SYSTEMPATH\CodeIgniter.php(354): CodeIgniter\CodeIgniter->handleRequest(null, Object(Config\Cache), false)
13 SYSTEMPATH\Boot.php(334): CodeIgniter\CodeIgniter->run()
14 SYSTEMPATH\Boot.php(67): CodeIgniter\Boot::runCodeIgniter(Object(CodeIgniter\CodeIgniter))
15 FCPATH\index.php(56): CodeIgniter\Boot::bootWeb(Object(Config\Paths))
WARNING - 2026-05-16 11:40:50 --> [DEPRECATED] htmlspecialchars(): Passing null to parameter #1 ($string) of type string is deprecated in APPPATH\Views\office.php on line 39.
 1 APPPATH\Views\office.php(39): htmlspecialchars(null, 3, 'UTF-8')
 2 SYSTEMPATH\View\View.php(224): include('C:\\xampp\\htdocs\\gscgeavotingsystem\\app\\Views\\office.php')
 3 SYSTEMPATH\View\View.php(227): CodeIgniter\View\View->{closure:CodeIgniter\View\View::render():221}()
 4 SYSTEMPATH\Common.php(1173): CodeIgniter\View\View->render('office', [], true)
 5 APPPATH\Views\main.php(204): view('office', [])
 6 SYSTEMPATH\View\View.php(224): include('C:\\xampp\\htdocs\\gscgeavotingsystem\\app\\Views\\main.php')
 7 SYSTEMPATH\View\View.php(227): CodeIgniter\View\View->{closure:CodeIgniter\View\View::render():221}()
 8 SYSTEMPATH\Common.php(1173): CodeIgniter\View\View->render('main', [], true)
 9 APPPATH\Controllers\Office.php(83): view('main', [...])
10 SYSTEMPATH\CodeIgniter.php(933): App\Controllers\Office->getIndex()
11 SYSTEMPATH\CodeIgniter.php(507): CodeIgniter\CodeIgniter->runController(Object(App\Controllers\Office))
12 SYSTEMPATH\CodeIgniter.php(354): CodeIgniter\CodeIgniter->handleRequest(null, Object(Config\Cache), false)
13 SYSTEMPATH\Boot.php(334): CodeIgniter\CodeIgniter->run()
14 SYSTEMPATH\Boot.php(67): CodeIgniter\Boot::runCodeIgniter(Object(CodeIgniter\CodeIgniter))
15 FCPATH\index.php(56): CodeIgniter\Boot::bootWeb(Object(Config\Paths))
WARNING - 2026-05-16 11:40:50 --> [DEPRECATED] htmlspecialchars(): Passing null to parameter #1 ($string) of type string is deprecated in APPPATH\Views\office.php on line 40.
 1 APPPATH\Views\office.php(40): htmlspecialchars(null, 3, 'UTF-8')
 2 SYSTEMPATH\View\View.php(224): include('C:\\xampp\\htdocs\\gscgeavotingsystem\\app\\Views\\office.php')
 3 SYSTEMPATH\View\View.php(227): CodeIgniter\View\View->{closure:CodeIgniter\View\View::render():221}()
 4 SYSTEMPATH\Common.php(1173): CodeIgniter\View\View->render('office', [], true)
 5 APPPATH\Views\main.php(204): view('office', [])
 6 SYSTEMPATH\View\View.php(224): include('C:\\xampp\\htdocs\\gscgeavotingsystem\\app\\Views\\main.php')
 7 SYSTEMPATH\View\View.php(227): CodeIgniter\View\View->{closure:CodeIgniter\View\View::render():221}()
 8 SYSTEMPATH\Common.php(1173): CodeIgniter\View\View->render('main', [], true)
 9 APPPATH\Controllers\Office.php(83): view('main', [...])
10 SYSTEMPATH\CodeIgniter.php(933): App\Controllers\Office->getIndex()
11 SYSTEMPATH\CodeIgniter.php(507): CodeIgniter\CodeIgniter->runController(Object(App\Controllers\Office))
12 SYSTEMPATH\CodeIgniter.php(354): CodeIgniter\CodeIgniter->handleRequest(null, Object(Config\Cache), false)
13 SYSTEMPATH\Boot.php(334): CodeIgniter\CodeIgniter->run()
14 SYSTEMPATH\Boot.php(67): CodeIgniter\Boot::runCodeIgniter(Object(CodeIgniter\CodeIgniter))
15 FCPATH\index.php(56): CodeIgniter\Boot::bootWeb(Object(Config\Paths))
WARNING - 2026-05-16 11:40:50 --> [DEPRECATED] htmlspecialchars(): Passing null to parameter #1 ($string) of type string is deprecated in APPPATH\Views\office.php on line 39.
 1 APPPATH\Views\office.php(39): htmlspecialchars(null, 3, 'UTF-8')
 2 SYSTEMPATH\View\View.php(224): include('C:\\xampp\\htdocs\\gscgeavotingsystem\\app\\Views\\office.php')
 3 SYSTEMPATH\View\View.php(227): CodeIgniter\View\View->{closure:CodeIgniter\View\View::render():221}()
 4 SYSTEMPATH\Common.php(1173): CodeIgniter\View\View->render('office', [], true)
 5 APPPATH\Views\main.php(204): view('office', [])
 6 SYSTEMPATH\View\View.php(224): include('C:\\xampp\\htdocs\\gscgeavotingsystem\\app\\Views\\main.php')
 7 SYSTEMPATH\View\View.php(227): CodeIgniter\View\View->{closure:CodeIgniter\View\View::render():221}()
 8 SYSTEMPATH\Common.php(1173): CodeIgniter\View\View->render('main', [], true)
 9 APPPATH\Controllers\Office.php(83): view('main', [...])
10 SYSTEMPATH\CodeIgniter.php(933): App\Controllers\Office->getIndex()
11 SYSTEMPATH\CodeIgniter.php(507): CodeIgniter\CodeIgniter->runController(Object(App\Controllers\Office))
12 SYSTEMPATH\CodeIgniter.php(354): CodeIgniter\CodeIgniter->handleRequest(null, Object(Config\Cache), false)
13 SYSTEMPATH\Boot.php(334): CodeIgniter\CodeIgniter->run()
14 SYSTEMPATH\Boot.php(67): CodeIgniter\Boot::runCodeIgniter(Object(CodeIgniter\CodeIgniter))
15 FCPATH\index.php(56): CodeIgniter\Boot::bootWeb(Object(Config\Paths))
WARNING - 2026-05-16 11:40:50 --> [DEPRECATED] htmlspecialchars(): Passing null to parameter #1 ($string) of type string is deprecated in APPPATH\Views\office.php on line 40.
 1 APPPATH\Views\office.php(40): htmlspecialchars(null, 3, 'UTF-8')
 2 SYSTEMPATH\View\View.php(224): include('C:\\xampp\\htdocs\\gscgeavotingsystem\\app\\Views\\office.php')
 3 SYSTEMPATH\View\View.php(227): CodeIgniter\View\View->{closure:CodeIgniter\View\View::render():221}()
 4 SYSTEMPATH\Common.php(1173): CodeIgniter\View\View->render('office', [], true)
 5 APPPATH\Views\main.php(204): view('office', [])
 6 SYSTEMPATH\View\View.php(224): include('C:\\xampp\\htdocs\\gscgeavotingsystem\\app\\Views\\main.php')
 7 SYSTEMPATH\View\View.php(227): CodeIgniter\View\View->{closure:CodeIgniter\View\View::render():221}()
 8 SYSTEMPATH\Common.php(1173): CodeIgniter\View\View->render('main', [], true)
 9 APPPATH\Controllers\Office.php(83): view('main', [...])
10 SYSTEMPATH\CodeIgniter.php(933): App\Controllers\Office->getIndex()
11 SYSTEMPATH\CodeIgniter.php(507): CodeIgniter\CodeIgniter->runController(Object(App\Controllers\Office))
12 SYSTEMPATH\CodeIgniter.php(354): CodeIgniter\CodeIgniter->handleRequest(null, Object(Config\Cache), false)
13 SYSTEMPATH\Boot.php(334): CodeIgniter\CodeIgniter->run()
14 SYSTEMPATH\Boot.php(67): CodeIgniter\Boot::runCodeIgniter(Object(CodeIgniter\CodeIgniter))
15 FCPATH\index.php(56): CodeIgniter\Boot::bootWeb(Object(Config\Paths))
WARNING - 2026-05-16 11:40:50 --> [DEPRECATED] htmlspecialchars(): Passing null to parameter #1 ($string) of type string is deprecated in APPPATH\Views\office.php on line 39.
 1 APPPATH\Views\office.php(39): htmlspecialchars(null, 3, 'UTF-8')
 2 SYSTEMPATH\View\View.php(224): include('C:\\xampp\\htdocs\\gscgeavotingsystem\\app\\Views\\office.php')
 3 SYSTEMPATH\View\View.php(227): CodeIgniter\View\View->{closure:CodeIgniter\View\View::render():221}()
 4 SYSTEMPATH\Common.php(1173): CodeIgniter\View\View->render('office', [], true)
 5 APPPATH\Views\main.php(204): view('office', [])
 6 SYSTEMPATH\View\View.php(224): include('C:\\xampp\\htdocs\\gscgeavotingsystem\\app\\Views\\main.php')
 7 SYSTEMPATH\View\View.php(227): CodeIgniter\View\View->{closure:CodeIgniter\View\View::render():221}()
 8 SYSTEMPATH\Common.php(1173): CodeIgniter\View\View->render('main', [], true)
 9 APPPATH\Controllers\Office.php(83): view('main', [...])
10 SYSTEMPATH\CodeIgniter.php(933): App\Controllers\Office->getIndex()
11 SYSTEMPATH\CodeIgniter.php(507): CodeIgniter\CodeIgniter->runController(Object(App\Controllers\Office))
12 SYSTEMPATH\CodeIgniter.php(354): CodeIgniter\CodeIgniter->handleRequest(null, Object(Config\Cache), false)
13 SYSTEMPATH\Boot.php(334): CodeIgniter\CodeIgniter->run()
14 SYSTEMPATH\Boot.php(67): CodeIgniter\Boot::runCodeIgniter(Object(CodeIgniter\CodeIgniter))
15 FCPATH\index.php(56): CodeIgniter\Boot::bootWeb(Object(Config\Paths))
WARNING - 2026-05-16 11:40:50 --> [DEPRECATED] htmlspecialchars(): Passing null to parameter #1 ($string) of type string is deprecated in APPPATH\Views\office.php on line 40.
 1 APPPATH\Views\office.php(40): htmlspecialchars(null, 3, 'UTF-8')
 2 SYSTEMPATH\View\View.php(224): include('C:\\xampp\\htdocs\\gscgeavotingsystem\\app\\Views\\office.php')
 3 SYSTEMPATH\View\View.php(227): CodeIgniter\View\View->{closure:CodeIgniter\View\View::render():221}()
 4 SYSTEMPATH\Common.php(1173): CodeIgniter\View\View->render('office', [], true)
 5 APPPATH\Views\main.php(204): view('office', [])
 6 SYSTEMPATH\View\View.php(224): include('C:\\xampp\\htdocs\\gscgeavotingsystem\\app\\Views\\main.php')
 7 SYSTEMPATH\View\View.php(227): CodeIgniter\View\View->{closure:CodeIgniter\View\View::render():221}()
 8 SYSTEMPATH\Common.php(1173): CodeIgniter\View\View->render('main', [], true)
 9 APPPATH\Controllers\Office.php(83): view('main', [...])
10 SYSTEMPATH\CodeIgniter.php(933): App\Controllers\Office->getIndex()
11 SYSTEMPATH\CodeIgniter.php(507): CodeIgniter\CodeIgniter->runController(Object(App\Controllers\Office))
12 SYSTEMPATH\CodeIgniter.php(354): CodeIgniter\CodeIgniter->handleRequest(null, Object(Config\Cache), false)
13 SYSTEMPATH\Boot.php(334): CodeIgniter\CodeIgniter->run()
14 SYSTEMPATH\Boot.php(67): CodeIgniter\Boot::runCodeIgniter(Object(CodeIgniter\CodeIgniter))
15 FCPATH\index.php(56): CodeIgniter\Boot::bootWeb(Object(Config\Paths))
WARNING - 2026-05-16 11:40:50 --> [DEPRECATED] htmlspecialchars(): Passing null to parameter #1 ($string) of type string is deprecated in APPPATH\Views\office.php on line 39.
 1 APPPATH\Views\office.php(39): htmlspecialchars(null, 3, 'UTF-8')
 2 SYSTEMPATH\View\View.php(224): include('C:\\xampp\\htdocs\\gscgeavotingsystem\\app\\Views\\office.php')
 3 SYSTEMPATH\View\View.php(227): CodeIgniter\View\View->{closure:CodeIgniter\View\View::render():221}()
 4 SYSTEMPATH\Common.php(1173): CodeIgniter\View\View->render('office', [], true)
 5 APPPATH\Views\main.php(204): view('office', [])
 6 SYSTEMPATH\View\View.php(224): include('C:\\xampp\\htdocs\\gscgeavotingsystem\\app\\Views\\main.php')
 7 SYSTEMPATH\View\View.php(227): CodeIgniter\View\View->{closure:CodeIgniter\View\View::render():221}()
 8 SYSTEMPATH\Common.php(1173): CodeIgniter\View\View->render('main', [], true)
 9 APPPATH\Controllers\Office.php(83): view('main', [...])
10 SYSTEMPATH\CodeIgniter.php(933): App\Controllers\Office->getIndex()
11 SYSTEMPATH\CodeIgniter.php(507): CodeIgniter\CodeIgniter->runController(Object(App\Controllers\Office))
12 SYSTEMPATH\CodeIgniter.php(354): CodeIgniter\CodeIgniter->handleRequest(null, Object(Config\Cache), false)
13 SYSTEMPATH\Boot.php(334): CodeIgniter\CodeIgniter->run()
14 SYSTEMPATH\Boot.php(67): CodeIgniter\Boot::runCodeIgniter(Object(CodeIgniter\CodeIgniter))
15 FCPATH\index.php(56): CodeIgniter\Boot::bootWeb(Object(Config\Paths))
WARNING - 2026-05-16 11:40:50 --> [DEPRECATED] htmlspecialchars(): Passing null to parameter #1 ($string) of type string is deprecated in APPPATH\Views\office.php on line 40.
 1 APPPATH\Views\office.php(40): htmlspecialchars(null, 3, 'UTF-8')
 2 SYSTEMPATH\View\View.php(224): include('C:\\xampp\\htdocs\\gscgeavotingsystem\\app\\Views\\office.php')
 3 SYSTEMPATH\View\View.php(227): CodeIgniter\View\View->{closure:CodeIgniter\View\View::render():221}()
 4 SYSTEMPATH\Common.php(1173): CodeIgniter\View\View->render('office', [], true)
 5 APPPATH\Views\main.php(204): view('office', [])
 6 SYSTEMPATH\View\View.php(224): include('C:\\xampp\\htdocs\\gscgeavotingsystem\\app\\Views\\main.php')
 7 SYSTEMPATH\View\View.php(227): CodeIgniter\View\View->{closure:CodeIgniter\View\View::render():221}()
 8 SYSTEMPATH\Common.php(1173): CodeIgniter\View\View->render('main', [], true)
 9 APPPATH\Controllers\Office.php(83): view('main', [...])
10 SYSTEMPATH\CodeIgniter.php(933): App\Controllers\Office->getIndex()
11 SYSTEMPATH\CodeIgniter.php(507): CodeIgniter\CodeIgniter->runController(Object(App\Controllers\Office))
12 SYSTEMPATH\CodeIgniter.php(354): CodeIgniter\CodeIgniter->handleRequest(null, Object(Config\Cache), false)
13 SYSTEMPATH\Boot.php(334): CodeIgniter\CodeIgniter->run()
14 SYSTEMPATH\Boot.php(67): CodeIgniter\Boot::runCodeIgniter(Object(CodeIgniter\CodeIgniter))
15 FCPATH\index.php(56): CodeIgniter\Boot::bootWeb(Object(Config\Paths))
WARNING - 2026-05-16 11:40:50 --> [DEPRECATED] htmlspecialchars(): Passing null to parameter #1 ($string) of type string is deprecated in APPPATH\Views\office.php on line 39.
 1 APPPATH\Views\office.php(39): htmlspecialchars(null, 3, 'UTF-8')
 2 SYSTEMPATH\View\View.php(224): include('C:\\xampp\\htdocs\\gscgeavotingsystem\\app\\Views\\office.php')
 3 SYSTEMPATH\View\View.php(227): CodeIgniter\View\View->{closure:CodeIgniter\View\View::render():221}()
 4 SYSTEMPATH\Common.php(1173): CodeIgniter\View\View->render('office', [], true)
 5 APPPATH\Views\main.php(204): view('office', [])
 6 SYSTEMPATH\View\View.php(224): include('C:\\xampp\\htdocs\\gscgeavotingsystem\\app\\Views\\main.php')
 7 SYSTEMPATH\View\View.php(227): CodeIgniter\View\View->{closure:CodeIgniter\View\View::render():221}()
 8 SYSTEMPATH\Common.php(1173): CodeIgniter\View\View->render('main', [], true)
 9 APPPATH\Controllers\Office.php(83): view('main', [...])
10 SYSTEMPATH\CodeIgniter.php(933): App\Controllers\Office->getIndex()
11 SYSTEMPATH\CodeIgniter.php(507): CodeIgniter\CodeIgniter->runController(Object(App\Controllers\Office))
12 SYSTEMPATH\CodeIgniter.php(354): CodeIgniter\CodeIgniter->handleRequest(null, Object(Config\Cache), false)
13 SYSTEMPATH\Boot.php(334): CodeIgniter\CodeIgniter->run()
14 SYSTEMPATH\Boot.php(67): CodeIgniter\Boot::runCodeIgniter(Object(CodeIgniter\CodeIgniter))
15 FCPATH\index.php(56): CodeIgniter\Boot::bootWeb(Object(Config\Paths))
WARNING - 2026-05-16 11:40:50 --> [DEPRECATED] htmlspecialchars(): Passing null to parameter #1 ($string) of type string is deprecated in APPPATH\Views\office.php on line 40.
 1 APPPATH\Views\office.php(40): htmlspecialchars(null, 3, 'UTF-8')
 2 SYSTEMPATH\View\View.php(224): include('C:\\xampp\\htdocs\\gscgeavotingsystem\\app\\Views\\office.php')
 3 SYSTEMPATH\View\View.php(227): CodeIgniter\View\View->{closure:CodeIgniter\View\View::render():221}()
 4 SYSTEMPATH\Common.php(1173): CodeIgniter\View\View->render('office', [], true)
 5 APPPATH\Views\main.php(204): view('office', [])
 6 SYSTEMPATH\View\View.php(224): include('C:\\xampp\\htdocs\\gscgeavotingsystem\\app\\Views\\main.php')
 7 SYSTEMPATH\View\View.php(227): CodeIgniter\View\View->{closure:CodeIgniter\View\View::render():221}()
 8 SYSTEMPATH\Common.php(1173): CodeIgniter\View\View->render('main', [], true)
 9 APPPATH\Controllers\Office.php(83): view('main', [...])
10 SYSTEMPATH\CodeIgniter.php(933): App\Controllers\Office->getIndex()
11 SYSTEMPATH\CodeIgniter.php(507): CodeIgniter\CodeIgniter->runController(Object(App\Controllers\Office))
12 SYSTEMPATH\CodeIgniter.php(354): CodeIgniter\CodeIgniter->handleRequest(null, Object(Config\Cache), false)
13 SYSTEMPATH\Boot.php(334): CodeIgniter\CodeIgniter->run()
14 SYSTEMPATH\Boot.php(67): CodeIgniter\Boot::runCodeIgniter(Object(CodeIgniter\CodeIgniter))
15 FCPATH\index.php(56): CodeIgniter\Boot::bootWeb(Object(Config\Paths))
WARNING - 2026-05-16 11:40:50 --> [DEPRECATED] htmlspecialchars(): Passing null to parameter #1 ($string) of type string is deprecated in APPPATH\Views\office.php on line 39.
 1 APPPATH\Views\office.php(39): htmlspecialchars(null, 3, 'UTF-8')
 2 SYSTEMPATH\View\View.php(224): include('C:\\xampp\\htdocs\\gscgeavotingsystem\\app\\Views\\office.php')
 3 SYSTEMPATH\View\View.php(227): CodeIgniter\View\View->{closure:CodeIgniter\View\View::render():221}()
 4 SYSTEMPATH\Common.php(1173): CodeIgniter\View\View->render('office', [], true)
 5 APPPATH\Views\main.php(204): view('office', [])
 6 SYSTEMPATH\View\View.php(224): include('C:\\xampp\\htdocs\\gscgeavotingsystem\\app\\Views\\main.php')
 7 SYSTEMPATH\View\View.php(227): CodeIgniter\View\View->{closure:CodeIgniter\View\View::render():221}()
 8 SYSTEMPATH\Common.php(1173): CodeIgniter\View\View->render('main', [], true)
 9 APPPATH\Controllers\Office.php(83): view('main', [...])
10 SYSTEMPATH\CodeIgniter.php(933): App\Controllers\Office->getIndex()
11 SYSTEMPATH\CodeIgniter.php(507): CodeIgniter\CodeIgniter->runController(Object(App\Controllers\Office))
12 SYSTEMPATH\CodeIgniter.php(354): CodeIgniter\CodeIgniter->handleRequest(null, Object(Config\Cache), false)
13 SYSTEMPATH\Boot.php(334): CodeIgniter\CodeIgniter->run()
14 SYSTEMPATH\Boot.php(67): CodeIgniter\Boot::runCodeIgniter(Object(CodeIgniter\CodeIgniter))
15 FCPATH\index.php(56): CodeIgniter\Boot::bootWeb(Object(Config\Paths))
WARNING - 2026-05-16 11:40:50 --> [DEPRECATED] htmlspecialchars(): Passing null to parameter #1 ($string) of type string is deprecated in APPPATH\Views\office.php on line 40.
 1 APPPATH\Views\office.php(40): htmlspecialchars(null, 3, 'UTF-8')
 2 SYSTEMPATH\View\View.php(224): include('C:\\xampp\\htdocs\\gscgeavotingsystem\\app\\Views\\office.php')
 3 SYSTEMPATH\View\View.php(227): CodeIgniter\View\View->{closure:CodeIgniter\View\View::render():221}()
 4 SYSTEMPATH\Common.php(1173): CodeIgniter\View\View->render('office', [], true)
 5 APPPATH\Views\main.php(204): view('office', [])
 6 SYSTEMPATH\View\View.php(224): include('C:\\xampp\\htdocs\\gscgeavotingsystem\\app\\Views\\main.php')
 7 SYSTEMPATH\View\View.php(227): CodeIgniter\View\View->{closure:CodeIgniter\View\View::render():221}()
 8 SYSTEMPATH\Common.php(1173): CodeIgniter\View\View->render('main', [], true)
 9 APPPATH\Controllers\Office.php(83): view('main', [...])
10 SYSTEMPATH\CodeIgniter.php(933): App\Controllers\Office->getIndex()
11 SYSTEMPATH\CodeIgniter.php(507): CodeIgniter\CodeIgniter->runController(Object(App\Controllers\Office))
12 SYSTEMPATH\CodeIgniter.php(354): CodeIgniter\CodeIgniter->handleRequest(null, Object(Config\Cache), false)
13 SYSTEMPATH\Boot.php(334): CodeIgniter\CodeIgniter->run()
14 SYSTEMPATH\Boot.php(67): CodeIgniter\Boot::runCodeIgniter(Object(CodeIgniter\CodeIgniter))
15 FCPATH\index.php(56): CodeIgniter\Boot::bootWeb(Object(Config\Paths))
WARNING - 2026-05-16 11:40:50 --> [DEPRECATED] htmlspecialchars(): Passing null to parameter #1 ($string) of type string is deprecated in APPPATH\Views\office.php on line 39.
 1 APPPATH\Views\office.php(39): htmlspecialchars(null, 3, 'UTF-8')
 2 SYSTEMPATH\View\View.php(224): include('C:\\xampp\\htdocs\\gscgeavotingsystem\\app\\Views\\office.php')
 3 SYSTEMPATH\View\View.php(227): CodeIgniter\View\View->{closure:CodeIgniter\View\View::render():221}()
 4 SYSTEMPATH\Common.php(1173): CodeIgniter\View\View->render('office', [], true)
 5 APPPATH\Views\main.php(204): view('office', [])
 6 SYSTEMPATH\View\View.php(224): include('C:\\xampp\\htdocs\\gscgeavotingsystem\\app\\Views\\main.php')
 7 SYSTEMPATH\View\View.php(227): CodeIgniter\View\View->{closure:CodeIgniter\View\View::render():221}()
 8 SYSTEMPATH\Common.php(1173): CodeIgniter\View\View->render('main', [], true)
 9 APPPATH\Controllers\Office.php(83): view('main', [...])
10 SYSTEMPATH\CodeIgniter.php(933): App\Controllers\Office->getIndex()
11 SYSTEMPATH\CodeIgniter.php(507): CodeIgniter\CodeIgniter->runController(Object(App\Controllers\Office))
12 SYSTEMPATH\CodeIgniter.php(354): CodeIgniter\CodeIgniter->handleRequest(null, Object(Config\Cache), false)
13 SYSTEMPATH\Boot.php(334): CodeIgniter\CodeIgniter->run()
14 SYSTEMPATH\Boot.php(67): CodeIgniter\Boot::runCodeIgniter(Object(CodeIgniter\CodeIgniter))
15 FCPATH\index.php(56): CodeIgniter\Boot::bootWeb(Object(Config\Paths))
WARNING - 2026-05-16 11:40:50 --> [DEPRECATED] htmlspecialchars(): Passing null to parameter #1 ($string) of type string is deprecated in APPPATH\Views\office.php on line 40.
 1 APPPATH\Views\office.php(40): htmlspecialchars(null, 3, 'UTF-8')
 2 SYSTEMPATH\View\View.php(224): include('C:\\xampp\\htdocs\\gscgeavotingsystem\\app\\Views\\office.php')
 3 SYSTEMPATH\View\View.php(227): CodeIgniter\View\View->{closure:CodeIgniter\View\View::render():221}()
 4 SYSTEMPATH\Common.php(1173): CodeIgniter\View\View->render('office', [], true)
 5 APPPATH\Views\main.php(204): view('office', [])
 6 SYSTEMPATH\View\View.php(224): include('C:\\xampp\\htdocs\\gscgeavotingsystem\\app\\Views\\main.php')
 7 SYSTEMPATH\View\View.php(227): CodeIgniter\View\View->{closure:CodeIgniter\View\View::render():221}()
 8 SYSTEMPATH\Common.php(1173): CodeIgniter\View\View->render('main', [], true)
 9 APPPATH\Controllers\Office.php(83): view('main', [...])
10 SYSTEMPATH\CodeIgniter.php(933): App\Controllers\Office->getIndex()
11 SYSTEMPATH\CodeIgniter.php(507): CodeIgniter\CodeIgniter->runController(Object(App\Controllers\Office))
12 SYSTEMPATH\CodeIgniter.php(354): CodeIgniter\CodeIgniter->handleRequest(null, Object(Config\Cache), false)
13 SYSTEMPATH\Boot.php(334): CodeIgniter\CodeIgniter->run()
14 SYSTEMPATH\Boot.php(67): CodeIgniter\Boot::runCodeIgniter(Object(CodeIgniter\CodeIgniter))
15 FCPATH\index.php(56): CodeIgniter\Boot::bootWeb(Object(Config\Paths))
WARNING - 2026-05-16 11:40:50 --> [DEPRECATED] htmlspecialchars(): Passing null to parameter #1 ($string) of type string is deprecated in APPPATH\Views\office.php on line 39.
 1 APPPATH\Views\office.php(39): htmlspecialchars(null, 3, 'UTF-8')
 2 SYSTEMPATH\View\View.php(224): include('C:\\xampp\\htdocs\\gscgeavotingsystem\\app\\Views\\office.php')
 3 SYSTEMPATH\View\View.php(227): CodeIgniter\View\View->{closure:CodeIgniter\View\View::render():221}()
 4 SYSTEMPATH\Common.php(1173): CodeIgniter\View\View->render('office', [], true)
 5 APPPATH\Views\main.php(204): view('office', [])
 6 SYSTEMPATH\View\View.php(224): include('C:\\xampp\\htdocs\\gscgeavotingsystem\\app\\Views\\main.php')
 7 SYSTEMPATH\View\View.php(227): CodeIgniter\View\View->{closure:CodeIgniter\View\View::render():221}()
 8 SYSTEMPATH\Common.php(1173): CodeIgniter\View\View->render('main', [], true)
 9 APPPATH\Controllers\Office.php(83): view('main', [...])
10 SYSTEMPATH\CodeIgniter.php(933): App\Controllers\Office->getIndex()
11 SYSTEMPATH\CodeIgniter.php(507): CodeIgniter\CodeIgniter->runController(Object(App\Controllers\Office))
12 SYSTEMPATH\CodeIgniter.php(354): CodeIgniter\CodeIgniter->handleRequest(null, Object(Config\Cache), false)
13 SYSTEMPATH\Boot.php(334): CodeIgniter\CodeIgniter->run()
14 SYSTEMPATH\Boot.php(67): CodeIgniter\Boot::runCodeIgniter(Object(CodeIgniter\CodeIgniter))
15 FCPATH\index.php(56): CodeIgniter\Boot::bootWeb(Object(Config\Paths))
WARNING - 2026-05-16 11:40:50 --> [DEPRECATED] htmlspecialchars(): Passing null to parameter #1 ($string) of type string is deprecated in APPPATH\Views\office.php on line 40.
 1 APPPATH\Views\office.php(40): htmlspecialchars(null, 3, 'UTF-8')
 2 SYSTEMPATH\View\View.php(224): include('C:\\xampp\\htdocs\\gscgeavotingsystem\\app\\Views\\office.php')
 3 SYSTEMPATH\View\View.php(227): CodeIgniter\View\View->{closure:CodeIgniter\View\View::render():221}()
 4 SYSTEMPATH\Common.php(1173): CodeIgniter\View\View->render('office', [], true)
 5 APPPATH\Views\main.php(204): view('office', [])
 6 SYSTEMPATH\View\View.php(224): include('C:\\xampp\\htdocs\\gscgeavotingsystem\\app\\Views\\main.php')
 7 SYSTEMPATH\View\View.php(227): CodeIgniter\View\View->{closure:CodeIgniter\View\View::render():221}()
 8 SYSTEMPATH\Common.php(1173): CodeIgniter\View\View->render('main', [], true)
 9 APPPATH\Controllers\Office.php(83): view('main', [...])
10 SYSTEMPATH\CodeIgniter.php(933): App\Controllers\Office->getIndex()
11 SYSTEMPATH\CodeIgniter.php(507): CodeIgniter\CodeIgniter->runController(Object(App\Controllers\Office))
12 SYSTEMPATH\CodeIgniter.php(354): CodeIgniter\CodeIgniter->handleRequest(null, Object(Config\Cache), false)
13 SYSTEMPATH\Boot.php(334): CodeIgniter\CodeIgniter->run()
14 SYSTEMPATH\Boot.php(67): CodeIgniter\Boot::runCodeIgniter(Object(CodeIgniter\CodeIgniter))
15 FCPATH\index.php(56): CodeIgniter\Boot::bootWeb(Object(Config\Paths))
WARNING - 2026-05-16 11:40:50 --> [DEPRECATED] htmlspecialchars(): Passing null to parameter #1 ($string) of type string is deprecated in APPPATH\Views\office.php on line 39.
 1 APPPATH\Views\office.php(39): htmlspecialchars(null, 3, 'UTF-8')
 2 SYSTEMPATH\View\View.php(224): include('C:\\xampp\\htdocs\\gscgeavotingsystem\\app\\Views\\office.php')
 3 SYSTEMPATH\View\View.php(227): CodeIgniter\View\View->{closure:CodeIgniter\View\View::render():221}()
 4 SYSTEMPATH\Common.php(1173): CodeIgniter\View\View->render('office', [], true)
 5 APPPATH\Views\main.php(204): view('office', [])
 6 SYSTEMPATH\View\View.php(224): include('C:\\xampp\\htdocs\\gscgeavotingsystem\\app\\Views\\main.php')
 7 SYSTEMPATH\View\View.php(227): CodeIgniter\View\View->{closure:CodeIgniter\View\View::render():221}()
 8 SYSTEMPATH\Common.php(1173): CodeIgniter\View\View->render('main', [], true)
 9 APPPATH\Controllers\Office.php(83): view('main', [...])
10 SYSTEMPATH\CodeIgniter.php(933): App\Controllers\Office->getIndex()
11 SYSTEMPATH\CodeIgniter.php(507): CodeIgniter\CodeIgniter->runController(Object(App\Controllers\Office))
12 SYSTEMPATH\CodeIgniter.php(354): CodeIgniter\CodeIgniter->handleRequest(null, Object(Config\Cache), false)
13 SYSTEMPATH\Boot.php(334): CodeIgniter\CodeIgniter->run()
14 SYSTEMPATH\Boot.php(67): CodeIgniter\Boot::runCodeIgniter(Object(CodeIgniter\CodeIgniter))
15 FCPATH\index.php(56): CodeIgniter\Boot::bootWeb(Object(Config\Paths))
WARNING - 2026-05-16 11:40:50 --> [DEPRECATED] htmlspecialchars(): Passing null to parameter #1 ($string) of type string is deprecated in APPPATH\Views\office.php on line 40.
 1 APPPATH\Views\office.php(40): htmlspecialchars(null, 3, 'UTF-8')
 2 SYSTEMPATH\View\View.php(224): include('C:\\xampp\\htdocs\\gscgeavotingsystem\\app\\Views\\office.php')
 3 SYSTEMPATH\View\View.php(227): CodeIgniter\View\View->{closure:CodeIgniter\View\View::render():221}()
 4 SYSTEMPATH\Common.php(1173): CodeIgniter\View\View->render('office', [], true)
 5 APPPATH\Views\main.php(204): view('office', [])
 6 SYSTEMPATH\View\View.php(224): include('C:\\xampp\\htdocs\\gscgeavotingsystem\\app\\Views\\main.php')
 7 SYSTEMPATH\View\View.php(227): CodeIgniter\View\View->{closure:CodeIgniter\View\View::render():221}()
 8 SYSTEMPATH\Common.php(1173): CodeIgniter\View\View->render('main', [], true)
 9 APPPATH\Controllers\Office.php(83): view('main', [...])
10 SYSTEMPATH\CodeIgniter.php(933): App\Controllers\Office->getIndex()
11 SYSTEMPATH\CodeIgniter.php(507): CodeIgniter\CodeIgniter->runController(Object(App\Controllers\Office))
12 SYSTEMPATH\CodeIgniter.php(354): CodeIgniter\CodeIgniter->handleRequest(null, Object(Config\Cache), false)
13 SYSTEMPATH\Boot.php(334): CodeIgniter\CodeIgniter->run()
14 SYSTEMPATH\Boot.php(67): CodeIgniter\Boot::runCodeIgniter(Object(CodeIgniter\CodeIgniter))
15 FCPATH\index.php(56): CodeIgniter\Boot::bootWeb(Object(Config\Paths))
WARNING - 2026-05-16 11:40:50 --> [DEPRECATED] htmlspecialchars(): Passing null to parameter #1 ($string) of type string is deprecated in APPPATH\Views\office.php on line 39.
 1 APPPATH\Views\office.php(39): htmlspecialchars(null, 3, 'UTF-8')
 2 SYSTEMPATH\View\View.php(224): include('C:\\xampp\\htdocs\\gscgeavotingsystem\\app\\Views\\office.php')
 3 SYSTEMPATH\View\View.php(227): CodeIgniter\View\View->{closure:CodeIgniter\View\View::render():221}()
 4 SYSTEMPATH\Common.php(1173): CodeIgniter\View\View->render('office', [], true)
 5 APPPATH\Views\main.php(204): view('office', [])
 6 SYSTEMPATH\View\View.php(224): include('C:\\xampp\\htdocs\\gscgeavotingsystem\\app\\Views\\main.php')
 7 SYSTEMPATH\View\View.php(227): CodeIgniter\View\View->{closure:CodeIgniter\View\View::render():221}()
 8 SYSTEMPATH\Common.php(1173): CodeIgniter\View\View->render('main', [], true)
 9 APPPATH\Controllers\Office.php(83): view('main', [...])
10 SYSTEMPATH\CodeIgniter.php(933): App\Controllers\Office->getIndex()
11 SYSTEMPATH\CodeIgniter.php(507): CodeIgniter\CodeIgniter->runController(Object(App\Controllers\Office))
12 SYSTEMPATH\CodeIgniter.php(354): CodeIgniter\CodeIgniter->handleRequest(null, Object(Config\Cache), false)
13 SYSTEMPATH\Boot.php(334): CodeIgniter\CodeIgniter->run()
14 SYSTEMPATH\Boot.php(67): CodeIgniter\Boot::runCodeIgniter(Object(CodeIgniter\CodeIgniter))
15 FCPATH\index.php(56): CodeIgniter\Boot::bootWeb(Object(Config\Paths))
WARNING - 2026-05-16 11:40:50 --> [DEPRECATED] htmlspecialchars(): Passing null to parameter #1 ($string) of type string is deprecated in APPPATH\Views\office.php on line 40.
 1 APPPATH\Views\office.php(40): htmlspecialchars(null, 3, 'UTF-8')
 2 SYSTEMPATH\View\View.php(224): include('C:\\xampp\\htdocs\\gscgeavotingsystem\\app\\Views\\office.php')
 3 SYSTEMPATH\View\View.php(227): CodeIgniter\View\View->{closure:CodeIgniter\View\View::render():221}()
 4 SYSTEMPATH\Common.php(1173): CodeIgniter\View\View->render('office', [], true)
 5 APPPATH\Views\main.php(204): view('office', [])
 6 SYSTEMPATH\View\View.php(224): include('C:\\xampp\\htdocs\\gscgeavotingsystem\\app\\Views\\main.php')
 7 SYSTEMPATH\View\View.php(227): CodeIgniter\View\View->{closure:CodeIgniter\View\View::render():221}()
 8 SYSTEMPATH\Common.php(1173): CodeIgniter\View\View->render('main', [], true)
 9 APPPATH\Controllers\Office.php(83): view('main', [...])
10 SYSTEMPATH\CodeIgniter.php(933): App\Controllers\Office->getIndex()
11 SYSTEMPATH\CodeIgniter.php(507): CodeIgniter\CodeIgniter->runController(Object(App\Controllers\Office))
12 SYSTEMPATH\CodeIgniter.php(354): CodeIgniter\CodeIgniter->handleRequest(null, Object(Config\Cache), false)
13 SYSTEMPATH\Boot.php(334): CodeIgniter\CodeIgniter->run()
14 SYSTEMPATH\Boot.php(67): CodeIgniter\Boot::runCodeIgniter(Object(CodeIgniter\CodeIgniter))
15 FCPATH\index.php(56): CodeIgniter\Boot::bootWeb(Object(Config\Paths))
WARNING - 2026-05-16 11:40:50 --> [DEPRECATED] htmlspecialchars(): Passing null to parameter #1 ($string) of type string is deprecated in APPPATH\Views\office.php on line 39.
 1 APPPATH\Views\office.php(39): htmlspecialchars(null, 3, 'UTF-8')
 2 SYSTEMPATH\View\View.php(224): include('C:\\xampp\\htdocs\\gscgeavotingsystem\\app\\Views\\office.php')
 3 SYSTEMPATH\View\View.php(227): CodeIgniter\View\View->{closure:CodeIgniter\View\View::render():221}()
 4 SYSTEMPATH\Common.php(1173): CodeIgniter\View\View->render('office', [], true)
 5 APPPATH\Views\main.php(204): view('office', [])
 6 SYSTEMPATH\View\View.php(224): include('C:\\xampp\\htdocs\\gscgeavotingsystem\\app\\Views\\main.php')
 7 SYSTEMPATH\View\View.php(227): CodeIgniter\View\View->{closure:CodeIgniter\View\View::render():221}()
 8 SYSTEMPATH\Common.php(1173): CodeIgniter\View\View->render('main', [], true)
 9 APPPATH\Controllers\Office.php(83): view('main', [...])
10 SYSTEMPATH\CodeIgniter.php(933): App\Controllers\Office->getIndex()
11 SYSTEMPATH\CodeIgniter.php(507): CodeIgniter\CodeIgniter->runController(Object(App\Controllers\Office))
12 SYSTEMPATH\CodeIgniter.php(354): CodeIgniter\CodeIgniter->handleRequest(null, Object(Config\Cache), false)
13 SYSTEMPATH\Boot.php(334): CodeIgniter\CodeIgniter->run()
14 SYSTEMPATH\Boot.php(67): CodeIgniter\Boot::runCodeIgniter(Object(CodeIgniter\CodeIgniter))
15 FCPATH\index.php(56): CodeIgniter\Boot::bootWeb(Object(Config\Paths))
WARNING - 2026-05-16 11:40:50 --> [DEPRECATED] htmlspecialchars(): Passing null to parameter #1 ($string) of type string is deprecated in APPPATH\Views\office.php on line 40.
 1 APPPATH\Views\office.php(40): htmlspecialchars(null, 3, 'UTF-8')
 2 SYSTEMPATH\View\View.php(224): include('C:\\xampp\\htdocs\\gscgeavotingsystem\\app\\Views\\office.php')
 3 SYSTEMPATH\View\View.php(227): CodeIgniter\View\View->{closure:CodeIgniter\View\View::render():221}()
 4 SYSTEMPATH\Common.php(1173): CodeIgniter\View\View->render('office', [], true)
 5 APPPATH\Views\main.php(204): view('office', [])
 6 SYSTEMPATH\View\View.php(224): include('C:\\xampp\\htdocs\\gscgeavotingsystem\\app\\Views\\main.php')
 7 SYSTEMPATH\View\View.php(227): CodeIgniter\View\View->{closure:CodeIgniter\View\View::render():221}()
 8 SYSTEMPATH\Common.php(1173): CodeIgniter\View\View->render('main', [], true)
 9 APPPATH\Controllers\Office.php(83): view('main', [...])
10 SYSTEMPATH\CodeIgniter.php(933): App\Controllers\Office->getIndex()
11 SYSTEMPATH\CodeIgniter.php(507): CodeIgniter\CodeIgniter->runController(Object(App\Controllers\Office))
12 SYSTEMPATH\CodeIgniter.php(354): CodeIgniter\CodeIgniter->handleRequest(null, Object(Config\Cache), false)
13 SYSTEMPATH\Boot.php(334): CodeIgniter\CodeIgniter->run()
14 SYSTEMPATH\Boot.php(67): CodeIgniter\Boot::runCodeIgniter(Object(CodeIgniter\CodeIgniter))
15 FCPATH\index.php(56): CodeIgniter\Boot::bootWeb(Object(Config\Paths))
WARNING - 2026-05-16 11:40:50 --> [DEPRECATED] htmlspecialchars(): Passing null to parameter #1 ($string) of type string is deprecated in APPPATH\Views\office.php on line 39.
 1 APPPATH\Views\office.php(39): htmlspecialchars(null, 3, 'UTF-8')
 2 SYSTEMPATH\View\View.php(224): include('C:\\xampp\\htdocs\\gscgeavotingsystem\\app\\Views\\office.php')
 3 SYSTEMPATH\View\View.php(227): CodeIgniter\View\View->{closure:CodeIgniter\View\View::render():221}()
 4 SYSTEMPATH\Common.php(1173): CodeIgniter\View\View->render('office', [], true)
 5 APPPATH\Views\main.php(204): view('office', [])
 6 SYSTEMPATH\View\View.php(224): include('C:\\xampp\\htdocs\\gscgeavotingsystem\\app\\Views\\main.php')
 7 SYSTEMPATH\View\View.php(227): CodeIgniter\View\View->{closure:CodeIgniter\View\View::render():221}()
 8 SYSTEMPATH\Common.php(1173): CodeIgniter\View\View->render('main', [], true)
 9 APPPATH\Controllers\Office.php(83): view('main', [...])
10 SYSTEMPATH\CodeIgniter.php(933): App\Controllers\Office->getIndex()
11 SYSTEMPATH\CodeIgniter.php(507): CodeIgniter\CodeIgniter->runController(Object(App\Controllers\Office))
12 SYSTEMPATH\CodeIgniter.php(354): CodeIgniter\CodeIgniter->handleRequest(null, Object(Config\Cache), false)
13 SYSTEMPATH\Boot.php(334): CodeIgniter\CodeIgniter->run()
14 SYSTEMPATH\Boot.php(67): CodeIgniter\Boot::runCodeIgniter(Object(CodeIgniter\CodeIgniter))
15 FCPATH\index.php(56): CodeIgniter\Boot::bootWeb(Object(Config\Paths))
WARNING - 2026-05-16 11:40:50 --> [DEPRECATED] htmlspecialchars(): Passing null to parameter #1 ($string) of type string is deprecated in APPPATH\Views\office.php on line 40.
 1 APPPATH\Views\office.php(40): htmlspecialchars(null, 3, 'UTF-8')
 2 SYSTEMPATH\View\View.php(224): include('C:\\xampp\\htdocs\\gscgeavotingsystem\\app\\Views\\office.php')
 3 SYSTEMPATH\View\View.php(227): CodeIgniter\View\View->{closure:CodeIgniter\View\View::render():221}()
 4 SYSTEMPATH\Common.php(1173): CodeIgniter\View\View->render('office', [], true)
 5 APPPATH\Views\main.php(204): view('office', [])
 6 SYSTEMPATH\View\View.php(224): include('C:\\xampp\\htdocs\\gscgeavotingsystem\\app\\Views\\main.php')
 7 SYSTEMPATH\View\View.php(227): CodeIgniter\View\View->{closure:CodeIgniter\View\View::render():221}()
 8 SYSTEMPATH\Common.php(1173): CodeIgniter\View\View->render('main', [], true)
 9 APPPATH\Controllers\Office.php(83): view('main', [...])
10 SYSTEMPATH\CodeIgniter.php(933): App\Controllers\Office->getIndex()
11 SYSTEMPATH\CodeIgniter.php(507): CodeIgniter\CodeIgniter->runController(Object(App\Controllers\Office))
12 SYSTEMPATH\CodeIgniter.php(354): CodeIgniter\CodeIgniter->handleRequest(null, Object(Config\Cache), false)
13 SYSTEMPATH\Boot.php(334): CodeIgniter\CodeIgniter->run()
14 SYSTEMPATH\Boot.php(67): CodeIgniter\Boot::runCodeIgniter(Object(CodeIgniter\CodeIgniter))
15 FCPATH\index.php(56): CodeIgniter\Boot::bootWeb(Object(Config\Paths))
WARNING - 2026-05-16 11:40:50 --> [DEPRECATED] htmlspecialchars(): Passing null to parameter #1 ($string) of type string is deprecated in APPPATH\Views\office.php on line 39.
 1 APPPATH\Views\office.php(39): htmlspecialchars(null, 3, 'UTF-8')
 2 SYSTEMPATH\View\View.php(224): include('C:\\xampp\\htdocs\\gscgeavotingsystem\\app\\Views\\office.php')
 3 SYSTEMPATH\View\View.php(227): CodeIgniter\View\View->{closure:CodeIgniter\View\View::render():221}()
 4 SYSTEMPATH\Common.php(1173): CodeIgniter\View\View->render('office', [], true)
 5 APPPATH\Views\main.php(204): view('office', [])
 6 SYSTEMPATH\View\View.php(224): include('C:\\xampp\\htdocs\\gscgeavotingsystem\\app\\Views\\main.php')
 7 SYSTEMPATH\View\View.php(227): CodeIgniter\View\View->{closure:CodeIgniter\View\View::render():221}()
 8 SYSTEMPATH\Common.php(1173): CodeIgniter\View\View->render('main', [], true)
 9 APPPATH\Controllers\Office.php(83): view('main', [...])
10 SYSTEMPATH\CodeIgniter.php(933): App\Controllers\Office->getIndex()
11 SYSTEMPATH\CodeIgniter.php(507): CodeIgniter\CodeIgniter->runController(Object(App\Controllers\Office))
12 SYSTEMPATH\CodeIgniter.php(354): CodeIgniter\CodeIgniter->handleRequest(null, Object(Config\Cache), false)
13 SYSTEMPATH\Boot.php(334): CodeIgniter\CodeIgniter->run()
14 SYSTEMPATH\Boot.php(67): CodeIgniter\Boot::runCodeIgniter(Object(CodeIgniter\CodeIgniter))
15 FCPATH\index.php(56): CodeIgniter\Boot::bootWeb(Object(Config\Paths))
WARNING - 2026-05-16 11:40:50 --> [DEPRECATED] htmlspecialchars(): Passing null to parameter #1 ($string) of type string is deprecated in APPPATH\Views\office.php on line 40.
 1 APPPATH\Views\office.php(40): htmlspecialchars(null, 3, 'UTF-8')
 2 SYSTEMPATH\View\View.php(224): include('C:\\xampp\\htdocs\\gscgeavotingsystem\\app\\Views\\office.php')
 3 SYSTEMPATH\View\View.php(227): CodeIgniter\View\View->{closure:CodeIgniter\View\View::render():221}()
 4 SYSTEMPATH\Common.php(1173): CodeIgniter\View\View->render('office', [], true)
 5 APPPATH\Views\main.php(204): view('office', [])
 6 SYSTEMPATH\View\View.php(224): include('C:\\xampp\\htdocs\\gscgeavotingsystem\\app\\Views\\main.php')
 7 SYSTEMPATH\View\View.php(227): CodeIgniter\View\View->{closure:CodeIgniter\View\View::render():221}()
 8 SYSTEMPATH\Common.php(1173): CodeIgniter\View\View->render('main', [], true)
 9 APPPATH\Controllers\Office.php(83): view('main', [...])
10 SYSTEMPATH\CodeIgniter.php(933): App\Controllers\Office->getIndex()
11 SYSTEMPATH\CodeIgniter.php(507): CodeIgniter\CodeIgniter->runController(Object(App\Controllers\Office))
12 SYSTEMPATH\CodeIgniter.php(354): CodeIgniter\CodeIgniter->handleRequest(null, Object(Config\Cache), false)
13 SYSTEMPATH\Boot.php(334): CodeIgniter\CodeIgniter->run()
14 SYSTEMPATH\Boot.php(67): CodeIgniter\Boot::runCodeIgniter(Object(CodeIgniter\CodeIgniter))
15 FCPATH\index.php(56): CodeIgniter\Boot::bootWeb(Object(Config\Paths))
DEBUG - 2026-05-16 11:40:51 --> Session: Class initialized using 'CodeIgniter\Session\Handlers\FileHandler' driver.
DEBUG - 2026-05-16 11:41:44 --> Session: Class initialized using 'CodeIgniter\Session\Handlers\FileHandler' driver.
CRITICAL - 2026-05-16 11:41:44 --> ErrorException: Undefined property: CodeIgniter\View\View::$load
[Method: GET, Route: device]
in APPPATH\Views\device.php on line 7.
 1 APPPATH\Views\device.php(7): CodeIgniter\Debug\Exceptions->errorHandler(2, 'Undefined property: CodeIgniter\\View\\View::$load', 'C:\\xampp\\htdocs\\gscgeavotingsystem\\app\\Views\\device.php', 7)
 2 SYSTEMPATH\View\View.php(224): include('C:\\xampp\\htdocs\\gscgeavotingsystem\\app\\Views\\device.php')
 3 SYSTEMPATH\View\View.php(227): CodeIgniter\View\View->{closure:CodeIgniter\View\View::render():221}()
 4 SYSTEMPATH\Common.php(1173): CodeIgniter\View\View->render('device', [], true)
 5 APPPATH\Views\main.php(204): view('device', [])
 6 SYSTEMPATH\View\View.php(224): include('C:\\xampp\\htdocs\\gscgeavotingsystem\\app\\Views\\main.php')
 7 SYSTEMPATH\View\View.php(227): CodeIgniter\View\View->{closure:CodeIgniter\View\View::render():221}()
 8 SYSTEMPATH\Common.php(1173): CodeIgniter\View\View->render('main', [], true)
 9 APPPATH\Controllers\Device.php(43): view('main', [...])
10 SYSTEMPATH\CodeIgniter.php(933): App\Controllers\Device->getIndex()
11 SYSTEMPATH\CodeIgniter.php(507): CodeIgniter\CodeIgniter->runController(Object(App\Controllers\Device))
12 SYSTEMPATH\CodeIgniter.php(354): CodeIgniter\CodeIgniter->handleRequest(null, Object(Config\Cache), false)
13 SYSTEMPATH\Boot.php(334): CodeIgniter\CodeIgniter->run()
14 SYSTEMPATH\Boot.php(67): CodeIgniter\Boot::runCodeIgniter(Object(CodeIgniter\CodeIgniter))
15 FCPATH\index.php(56): CodeIgniter\Boot::bootWeb(Object(Config\Paths))
DEBUG - 2026-05-16 11:43:01 --> Session: Class initialized using 'CodeIgniter\Session\Handlers\FileHandler' driver.
CRITICAL - 2026-05-16 11:43:01 --> Error: Call to a member function isBrowser() on null
[Method: GET, Route: device]
in APPPATH\Views\device.php on line 9.
 1 SYSTEMPATH\View\View.php(224): include()
 2 SYSTEMPATH\View\View.php(227): CodeIgniter\View\View->{closure:CodeIgniter\View\View::render():221}()
 3 SYSTEMPATH\Common.php(1173): CodeIgniter\View\View->render('device', [], true)
 4 APPPATH\Views\main.php(204): view('device', [])
 5 SYSTEMPATH\View\View.php(224): include('C:\\xampp\\htdocs\\gscgeavotingsystem\\app\\Views\\main.php')
 6 SYSTEMPATH\View\View.php(227): CodeIgniter\View\View->{closure:CodeIgniter\View\View::render():221}()
 7 SYSTEMPATH\Common.php(1173): CodeIgniter\View\View->render('main', [], true)
 8 APPPATH\Controllers\Device.php(43): view('main', [...])
 9 SYSTEMPATH\CodeIgniter.php(933): App\Controllers\Device->getIndex()
10 SYSTEMPATH\CodeIgniter.php(507): CodeIgniter\CodeIgniter->runController(Object(App\Controllers\Device))
11 SYSTEMPATH\CodeIgniter.php(354): CodeIgniter\CodeIgniter->handleRequest(null, Object(Config\Cache), false)
12 SYSTEMPATH\Boot.php(334): CodeIgniter\CodeIgniter->run()
13 SYSTEMPATH\Boot.php(67): CodeIgniter\Boot::runCodeIgniter(Object(CodeIgniter\CodeIgniter))
14 FCPATH\index.php(56): CodeIgniter\Boot::bootWeb(Object(Config\Paths))
DEBUG - 2026-05-16 11:43:52 --> Session: Class initialized using 'CodeIgniter\Session\Handlers\FileHandler' driver.
CRITICAL - 2026-05-16 11:43:52 --> ErrorException: Undefined property: CodeIgniter\View\View::$request
[Method: GET, Route: device]
in APPPATH\Views\device.php on line 29.
 1 APPPATH\Views\device.php(29): CodeIgniter\Debug\Exceptions->errorHandler(2, 'Undefined property: CodeIgniter\\View\\View::$request', 'C:\\xampp\\htdocs\\gscgeavotingsystem\\app\\Views\\device.php', 29)
 2 SYSTEMPATH\View\View.php(224): include('C:\\xampp\\htdocs\\gscgeavotingsystem\\app\\Views\\device.php')
 3 SYSTEMPATH\View\View.php(227): CodeIgniter\View\View->{closure:CodeIgniter\View\View::render():221}()
 4 SYSTEMPATH\Common.php(1173): CodeIgniter\View\View->render('device', [], true)
 5 APPPATH\Views\main.php(204): view('device', [])
 6 SYSTEMPATH\View\View.php(224): include('C:\\xampp\\htdocs\\gscgeavotingsystem\\app\\Views\\main.php')
 7 SYSTEMPATH\View\View.php(227): CodeIgniter\View\View->{closure:CodeIgniter\View\View::render():221}()
 8 SYSTEMPATH\Common.php(1173): CodeIgniter\View\View->render('main', [], true)
 9 APPPATH\Controllers\Device.php(43): view('main', [...])
10 SYSTEMPATH\CodeIgniter.php(933): App\Controllers\Device->getIndex()
11 SYSTEMPATH\CodeIgniter.php(507): CodeIgniter\CodeIgniter->runController(Object(App\Controllers\Device))
12 SYSTEMPATH\CodeIgniter.php(354): CodeIgniter\CodeIgniter->handleRequest(null, Object(Config\Cache), false)
13 SYSTEMPATH\Boot.php(334): CodeIgniter\CodeIgniter->run()
14 SYSTEMPATH\Boot.php(67): CodeIgniter\Boot::runCodeIgniter(Object(CodeIgniter\CodeIgniter))
15 FCPATH\index.php(56): CodeIgniter\Boot::bootWeb(Object(Config\Paths))
DEBUG - 2026-05-16 11:45:04 --> Session: Class initialized using 'CodeIgniter\Session\Handlers\FileHandler' driver.
DEBUG - 2026-05-16 11:45:05 --> Session: Class initialized using 'CodeIgniter\Session\Handlers\FileHandler' driver.
DEBUG - 2026-05-16 11:45:53 --> Session: Class initialized using 'CodeIgniter\Session\Handlers\FileHandler' driver.
DEBUG - 2026-05-16 11:45:55 --> Session: Class initialized using 'CodeIgniter\Session\Handlers\FileHandler' driver.
DEBUG - 2026-05-16 11:46:06 --> Session: Class initialized using 'CodeIgniter\Session\Handlers\FileHandler' driver.
DEBUG - 2026-05-16 11:46:07 --> Session: Class initialized using 'CodeIgniter\Session\Handlers\FileHandler' driver.
DEBUG - 2026-05-16 11:46:42 --> Session: Class initialized using 'CodeIgniter\Session\Handlers\FileHandler' driver.
DEBUG - 2026-05-16 11:46:44 --> Session: Class initialized using 'CodeIgniter\Session\Handlers\FileHandler' driver.
DEBUG - 2026-05-16 11:46:44 --> Session: Class initialized using 'CodeIgniter\Session\Handlers\FileHandler' driver.
DEBUG - 2026-05-16 11:46:48 --> Session: Class initialized using 'CodeIgniter\Session\Handlers\FileHandler' driver.
DEBUG - 2026-05-16 11:46:49 --> Session: Class initialized using 'CodeIgniter\Session\Handlers\FileHandler' driver.
DEBUG - 2026-05-16 11:46:49 --> Session: Class initialized using 'CodeIgniter\Session\Handlers\FileHandler' driver.
DEBUG - 2026-05-16 11:56:25 --> Session: Class initialized using 'CodeIgniter\Session\Handlers\FileHandler' driver.
DEBUG - 2026-05-16 11:56:26 --> Session: Class initialized using 'CodeIgniter\Session\Handlers\FileHandler' driver.
DEBUG - 2026-05-16 11:56:27 --> Session: Class initialized using 'CodeIgniter\Session\Handlers\FileHandler' driver.
DEBUG - 2026-05-16 11:56:55 --> Session: Class initialized using 'CodeIgniter\Session\Handlers\FileHandler' driver.
DEBUG - 2026-05-16 11:56:57 --> Session: Class initialized using 'CodeIgniter\Session\Handlers\FileHandler' driver.
DEBUG - 2026-05-16 11:56:57 --> Session: Class initialized using 'CodeIgniter\Session\Handlers\FileHandler' driver.
DEBUG - 2026-05-16 12:00:41 --> Session: Class initialized using 'CodeIgniter\Session\Handlers\FileHandler' driver.
DEBUG - 2026-05-16 12:00:42 --> Session: Class initialized using 'CodeIgniter\Session\Handlers\FileHandler' driver.
DEBUG - 2026-05-16 12:00:42 --> Session: Class initialized using 'CodeIgniter\Session\Handlers\FileHandler' driver.
DEBUG - 2026-05-16 12:00:51 --> Session: Class initialized using 'CodeIgniter\Session\Handlers\FileHandler' driver.
DEBUG - 2026-05-16 12:00:52 --> Session: Class initialized using 'CodeIgniter\Session\Handlers\FileHandler' driver.
DEBUG - 2026-05-16 12:00:54 --> Session: Class initialized using 'CodeIgniter\Session\Handlers\FileHandler' driver.
DEBUG - 2026-05-16 12:00:56 --> Session: Class initialized using 'CodeIgniter\Session\Handlers\FileHandler' driver.
DEBUG - 2026-05-16 12:00:56 --> Session: Class initialized using 'CodeIgniter\Session\Handlers\FileHandler' driver.
DEBUG - 2026-05-16 12:03:06 --> Session: Class initialized using 'CodeIgniter\Session\Handlers\FileHandler' driver.
DEBUG - 2026-05-16 12:03:08 --> Session: Class initialized using 'CodeIgniter\Session\Handlers\FileHandler' driver.
DEBUG - 2026-05-16 12:03:08 --> Session: Class initialized using 'CodeIgniter\Session\Handlers\FileHandler' driver.
DEBUG - 2026-05-16 12:04:18 --> Session: Class initialized using 'CodeIgniter\Session\Handlers\FileHandler' driver.
DEBUG - 2026-05-16 12:04:19 --> Session: Class initialized using 'CodeIgniter\Session\Handlers\FileHandler' driver.
DEBUG - 2026-05-16 12:04:19 --> Session: Class initialized using 'CodeIgniter\Session\Handlers\FileHandler' driver.
DEBUG - 2026-05-16 12:04:59 --> Session: Class initialized using 'CodeIgniter\Session\Handlers\FileHandler' driver.
DEBUG - 2026-05-16 12:05:01 --> Session: Class initialized using 'CodeIgniter\Session\Handlers\FileHandler' driver.
DEBUG - 2026-05-16 12:05:01 --> Session: Class initialized using 'CodeIgniter\Session\Handlers\FileHandler' driver.
DEBUG - 2026-05-16 12:05:04 --> Session: Class initialized using 'CodeIgniter\Session\Handlers\FileHandler' driver.
DEBUG - 2026-05-16 12:05:21 --> Session: Class initialized using 'CodeIgniter\Session\Handlers\FileHandler' driver.
DEBUG - 2026-05-16 12:05:29 --> Session: Class initialized using 'CodeIgniter\Session\Handlers\FileHandler' driver.
DEBUG - 2026-05-16 12:05:37 --> Session: Class initialized using 'CodeIgniter\Session\Handlers\FileHandler' driver.
DEBUG - 2026-05-16 12:05:51 --> Session: Class initialized using 'CodeIgniter\Session\Handlers\FileHandler' driver.
DEBUG - 2026-05-16 12:05:58 --> Session: Class initialized using 'CodeIgniter\Session\Handlers\FileHandler' driver.
DEBUG - 2026-05-16 12:05:59 --> Session: Class initialized using 'CodeIgniter\Session\Handlers\FileHandler' driver.
DEBUG - 2026-05-16 12:06:09 --> Session: Class initialized using 'CodeIgniter\Session\Handlers\FileHandler' driver.
DEBUG - 2026-05-16 12:06:10 --> Session: Class initialized using 'CodeIgniter\Session\Handlers\FileHandler' driver.
DEBUG - 2026-05-16 12:06:10 --> Session: Class initialized using 'CodeIgniter\Session\Handlers\FileHandler' driver.
DEBUG - 2026-05-16 12:06:29 --> Session: Class initialized using 'CodeIgniter\Session\Handlers\FileHandler' driver.
DEBUG - 2026-05-16 12:06:41 --> Session: Class initialized using 'CodeIgniter\Session\Handlers\FileHandler' driver.
DEBUG - 2026-05-16 12:07:00 --> Session: Class initialized using 'CodeIgniter\Session\Handlers\FileHandler' driver.
DEBUG - 2026-05-16 12:07:02 --> Session: Class initialized using 'CodeIgniter\Session\Handlers\FileHandler' driver.
DEBUG - 2026-05-16 12:07:02 --> Session: Class initialized using 'CodeIgniter\Session\Handlers\FileHandler' driver.
DEBUG - 2026-05-16 12:08:59 --> Session: Class initialized using 'CodeIgniter\Session\Handlers\FileHandler' driver.
DEBUG - 2026-05-16 12:09:00 --> Session: Class initialized using 'CodeIgniter\Session\Handlers\FileHandler' driver.
DEBUG - 2026-05-16 12:09:00 --> Session: Class initialized using 'CodeIgniter\Session\Handlers\FileHandler' driver.
DEBUG - 2026-05-16 12:09:05 --> Session: Class initialized using 'CodeIgniter\Session\Handlers\FileHandler' driver.
DEBUG - 2026-05-16 12:10:48 --> Session: Class initialized using 'CodeIgniter\Session\Handlers\FileHandler' driver.
DEBUG - 2026-05-16 12:10:50 --> Session: Class initialized using 'CodeIgniter\Session\Handlers\FileHandler' driver.
DEBUG - 2026-05-16 12:10:50 --> Session: Class initialized using 'CodeIgniter\Session\Handlers\FileHandler' driver.
DEBUG - 2026-05-16 12:10:54 --> Session: Class initialized using 'CodeIgniter\Session\Handlers\FileHandler' driver.
DEBUG - 2026-05-16 12:10:55 --> Session: Class initialized using 'CodeIgniter\Session\Handlers\FileHandler' driver.
DEBUG - 2026-05-16 12:10:59 --> Session: Class initialized using 'CodeIgniter\Session\Handlers\FileHandler' driver.
DEBUG - 2026-05-16 12:11:00 --> Session: Class initialized using 'CodeIgniter\Session\Handlers\FileHandler' driver.
DEBUG - 2026-05-16 12:11:00 --> Session: Class initialized using 'CodeIgniter\Session\Handlers\FileHandler' driver.
DEBUG - 2026-05-16 12:12:19 --> Session: Class initialized using 'CodeIgniter\Session\Handlers\FileHandler' driver.
DEBUG - 2026-05-16 12:12:21 --> Session: Class initialized using 'CodeIgniter\Session\Handlers\FileHandler' driver.
DEBUG - 2026-05-16 12:12:21 --> Session: Class initialized using 'CodeIgniter\Session\Handlers\FileHandler' driver.
DEBUG - 2026-05-16 12:12:35 --> Session: Class initialized using 'CodeIgniter\Session\Handlers\FileHandler' driver.
DEBUG - 2026-05-16 12:12:36 --> Session: Class initialized using 'CodeIgniter\Session\Handlers\FileHandler' driver.
DEBUG - 2026-05-16 12:12:47 --> Session: Class initialized using 'CodeIgniter\Session\Handlers\FileHandler' driver.
DEBUG - 2026-05-16 12:12:48 --> Session: Class initialized using 'CodeIgniter\Session\Handlers\FileHandler' driver.
DEBUG - 2026-05-16 12:12:48 --> Session: Class initialized using 'CodeIgniter\Session\Handlers\FileHandler' driver.
DEBUG - 2026-05-16 12:13:31 --> Session: Class initialized using 'CodeIgniter\Session\Handlers\FileHandler' driver.
DEBUG - 2026-05-16 12:13:32 --> Session: Class initialized using 'CodeIgniter\Session\Handlers\FileHandler' driver.
DEBUG - 2026-05-16 12:14:11 --> Session: Class initialized using 'CodeIgniter\Session\Handlers\FileHandler' driver.
DEBUG - 2026-05-16 12:14:13 --> Session: Class initialized using 'CodeIgniter\Session\Handlers\FileHandler' driver.
DEBUG - 2026-05-16 12:14:13 --> Session: Class initialized using 'CodeIgniter\Session\Handlers\FileHandler' driver.
DEBUG - 2026-05-16 12:15:06 --> Session: Class initialized using 'CodeIgniter\Session\Handlers\FileHandler' driver.
DEBUG - 2026-05-16 12:15:07 --> Session: Class initialized using 'CodeIgniter\Session\Handlers\FileHandler' driver.
DEBUG - 2026-05-16 12:15:30 --> Session: Class initialized using 'CodeIgniter\Session\Handlers\FileHandler' driver.
DEBUG - 2026-05-16 12:15:30 --> Session: Class initialized using 'CodeIgniter\Session\Handlers\FileHandler' driver.
DEBUG - 2026-05-16 12:15:45 --> Session: Class initialized using 'CodeIgniter\Session\Handlers\FileHandler' driver.
DEBUG - 2026-05-16 12:15:46 --> Session: Class initialized using 'CodeIgniter\Session\Handlers\FileHandler' driver.
DEBUG - 2026-05-16 12:15:53 --> Session: Class initialized using 'CodeIgniter\Session\Handlers\FileHandler' driver.
DEBUG - 2026-05-16 12:15:53 --> Session: Class initialized using 'CodeIgniter\Session\Handlers\FileHandler' driver.
DEBUG - 2026-05-16 12:16:17 --> Session: Class initialized using 'CodeIgniter\Session\Handlers\FileHandler' driver.
DEBUG - 2026-05-16 12:16:18 --> Session: Class initialized using 'CodeIgniter\Session\Handlers\FileHandler' driver.
DEBUG - 2026-05-16 12:16:42 --> Session: Class initialized using 'CodeIgniter\Session\Handlers\FileHandler' driver.
DEBUG - 2026-05-16 12:16:42 --> Session: Class initialized using 'CodeIgniter\Session\Handlers\FileHandler' driver.
DEBUG - 2026-05-16 12:19:00 --> Session: Class initialized using 'CodeIgniter\Session\Handlers\FileHandler' driver.
DEBUG - 2026-05-16 12:19:01 --> Session: Class initialized using 'CodeIgniter\Session\Handlers\FileHandler' driver.
DEBUG - 2026-05-16 12:20:24 --> Session: Class initialized using 'CodeIgniter\Session\Handlers\FileHandler' driver.
DEBUG - 2026-05-16 12:20:25 --> Session: Class initialized using 'CodeIgniter\Session\Handlers\FileHandler' driver.
DEBUG - 2026-05-16 12:20:29 --> Session: Class initialized using 'CodeIgniter\Session\Handlers\FileHandler' driver.
DEBUG - 2026-05-16 12:20:29 --> Session: Class initialized using 'CodeIgniter\Session\Handlers\FileHandler' driver.
DEBUG - 2026-05-16 12:20:56 --> Session: Class initialized using 'CodeIgniter\Session\Handlers\FileHandler' driver.
DEBUG - 2026-05-16 12:20:57 --> Session: Class initialized using 'CodeIgniter\Session\Handlers\FileHandler' driver.
DEBUG - 2026-05-16 12:22:06 --> Session: Class initialized using 'CodeIgniter\Session\Handlers\FileHandler' driver.
DEBUG - 2026-05-16 12:22:08 --> Session: Class initialized using 'CodeIgniter\Session\Handlers\FileHandler' driver.
DEBUG - 2026-05-16 12:22:13 --> Session: Class initialized using 'CodeIgniter\Session\Handlers\FileHandler' driver.
DEBUG - 2026-05-16 12:22:15 --> Session: Class initialized using 'CodeIgniter\Session\Handlers\FileHandler' driver.
DEBUG - 2026-05-16 12:23:32 --> Session: Class initialized using 'CodeIgniter\Session\Handlers\FileHandler' driver.
DEBUG - 2026-05-16 12:23:33 --> Session: Class initialized using 'CodeIgniter\Session\Handlers\FileHandler' driver.
DEBUG - 2026-05-16 12:24:31 --> Session: Class initialized using 'CodeIgniter\Session\Handlers\FileHandler' driver.
DEBUG - 2026-05-16 12:24:32 --> Session: Class initialized using 'CodeIgniter\Session\Handlers\FileHandler' driver.
DEBUG - 2026-05-16 12:24:32 --> Session: Class initialized using 'CodeIgniter\Session\Handlers\FileHandler' driver.
DEBUG - 2026-05-16 12:24:36 --> Session: Class initialized using 'CodeIgniter\Session\Handlers\FileHandler' driver.
DEBUG - 2026-05-16 12:24:37 --> Session: Class initialized using 'CodeIgniter\Session\Handlers\FileHandler' driver.
DEBUG - 2026-05-16 12:24:37 --> Session: Class initialized using 'CodeIgniter\Session\Handlers\FileHandler' driver.
DEBUG - 2026-05-16 12:25:20 --> Session: Class initialized using 'CodeIgniter\Session\Handlers\FileHandler' driver.
DEBUG - 2026-05-16 12:25:21 --> Session: Class initialized using 'CodeIgniter\Session\Handlers\FileHandler' driver.
DEBUG - 2026-05-16 12:26:17 --> Session: Class initialized using 'CodeIgniter\Session\Handlers\FileHandler' driver.
DEBUG - 2026-05-16 12:26:19 --> Session: Class initialized using 'CodeIgniter\Session\Handlers\FileHandler' driver.
DEBUG - 2026-05-16 12:26:19 --> Session: Class initialized using 'CodeIgniter\Session\Handlers\FileHandler' driver.
DEBUG - 2026-05-16 12:26:22 --> Session: Class initialized using 'CodeIgniter\Session\Handlers\FileHandler' driver.
CRITICAL - 2026-05-16 12:26:22 --> Error: Call to undefined method CodeIgniter\Database\MySQLi\Connection::where()
[Method: GET, Route: precinct/precinctbyid]
in APPPATH\Controllers\Precinct.php on line 206.
 1 SYSTEMPATH\CodeIgniter.php(933): App\Controllers\Precinct->getPrecinctbyid()
 2 SYSTEMPATH\CodeIgniter.php(507): CodeIgniter\CodeIgniter->runController(Object(App\Controllers\Precinct))
 3 SYSTEMPATH\CodeIgniter.php(354): CodeIgniter\CodeIgniter->handleRequest(null, Object(Config\Cache), false)
 4 SYSTEMPATH\Boot.php(334): CodeIgniter\CodeIgniter->run()
 5 SYSTEMPATH\Boot.php(67): CodeIgniter\Boot::runCodeIgniter(Object(CodeIgniter\CodeIgniter))
 6 FCPATH\index.php(56): CodeIgniter\Boot::bootWeb(Object(Config\Paths))
DEBUG - 2026-05-16 12:27:25 --> Session: Class initialized using 'CodeIgniter\Session\Handlers\FileHandler' driver.
DEBUG - 2026-05-16 12:27:26 --> Session: Class initialized using 'CodeIgniter\Session\Handlers\FileHandler' driver.
DEBUG - 2026-05-16 12:27:26 --> Session: Class initialized using 'CodeIgniter\Session\Handlers\FileHandler' driver.
DEBUG - 2026-05-16 12:27:35 --> Session: Class initialized using 'CodeIgniter\Session\Handlers\FileHandler' driver.
DEBUG - 2026-05-16 12:28:01 --> Session: Class initialized using 'CodeIgniter\Session\Handlers\FileHandler' driver.
DEBUG - 2026-05-16 12:28:07 --> Session: Class initialized using 'CodeIgniter\Session\Handlers\FileHandler' driver.
DEBUG - 2026-05-16 12:28:10 --> Session: Class initialized using 'CodeIgniter\Session\Handlers\FileHandler' driver.
DEBUG - 2026-05-16 12:28:13 --> Session: Class initialized using 'CodeIgniter\Session\Handlers\FileHandler' driver.
DEBUG - 2026-05-16 12:28:17 --> Session: Class initialized using 'CodeIgniter\Session\Handlers\FileHandler' driver.
DEBUG - 2026-05-16 12:28:39 --> Session: Class initialized using 'CodeIgniter\Session\Handlers\FileHandler' driver.
DEBUG - 2026-05-16 12:28:40 --> Session: Class initialized using 'CodeIgniter\Session\Handlers\FileHandler' driver.
DEBUG - 2026-05-16 12:28:46 --> Session: Class initialized using 'CodeIgniter\Session\Handlers\FileHandler' driver.
DEBUG - 2026-05-16 12:28:47 --> Session: Class initialized using 'CodeIgniter\Session\Handlers\FileHandler' driver.
DEBUG - 2026-05-16 12:28:47 --> Session: Class initialized using 'CodeIgniter\Session\Handlers\FileHandler' driver.
DEBUG - 2026-05-16 12:28:52 --> Session: Class initialized using 'CodeIgniter\Session\Handlers\FileHandler' driver.
DEBUG - 2026-05-16 12:28:52 --> Session: Class initialized using 'CodeIgniter\Session\Handlers\FileHandler' driver.
DEBUG - 2026-05-16 12:28:54 --> Session: Class initialized using 'CodeIgniter\Session\Handlers\FileHandler' driver.
DEBUG - 2026-05-16 12:28:55 --> Session: Class initialized using 'CodeIgniter\Session\Handlers\FileHandler' driver.
DEBUG - 2026-05-16 12:28:56 --> Session: Class initialized using 'CodeIgniter\Session\Handlers\FileHandler' driver.
DEBUG - 2026-05-16 12:28:58 --> Session: Class initialized using 'CodeIgniter\Session\Handlers\FileHandler' driver.
DEBUG - 2026-05-16 12:28:59 --> Session: Class initialized using 'CodeIgniter\Session\Handlers\FileHandler' driver.
DEBUG - 2026-05-16 12:29:59 --> Session: Class initialized using 'CodeIgniter\Session\Handlers\FileHandler' driver.
DEBUG - 2026-05-16 12:30:00 --> Session: Class initialized using 'CodeIgniter\Session\Handlers\FileHandler' driver.
DEBUG - 2026-05-16 12:30:35 --> Session: Class initialized using 'CodeIgniter\Session\Handlers\FileHandler' driver.
DEBUG - 2026-05-16 12:30:36 --> Session: Class initialized using 'CodeIgniter\Session\Handlers\FileHandler' driver.
DEBUG - 2026-05-16 12:30:37 --> Session: Class initialized using 'CodeIgniter\Session\Handlers\FileHandler' driver.
DEBUG - 2026-05-16 12:30:54 --> Session: Class initialized using 'CodeIgniter\Session\Handlers\FileHandler' driver.
WARNING - 2026-05-16 12:30:54 --> [DEPRECATED] htmlspecialchars(): Passing null to parameter #1 ($string) of type string is deprecated in APPPATH\Views\office.php on line 39.
 1 APPPATH\Views\office.php(39): htmlspecialchars(null, 3, 'UTF-8')
 2 SYSTEMPATH\View\View.php(224): include('C:\\xampp\\htdocs\\gscgeavotingsystem\\app\\Views\\office.php')
 3 SYSTEMPATH\View\View.php(227): CodeIgniter\View\View->{closure:CodeIgniter\View\View::render():221}()
 4 SYSTEMPATH\Common.php(1173): CodeIgniter\View\View->render('office', [], true)
 5 APPPATH\Views\main.php(204): view('office', [])
 6 SYSTEMPATH\View\View.php(224): include('C:\\xampp\\htdocs\\gscgeavotingsystem\\app\\Views\\main.php')
 7 SYSTEMPATH\View\View.php(227): CodeIgniter\View\View->{closure:CodeIgniter\View\View::render():221}()
 8 SYSTEMPATH\Common.php(1173): CodeIgniter\View\View->render('main', [], true)
 9 APPPATH\Controllers\Office.php(83): view('main', [...])
10 SYSTEMPATH\CodeIgniter.php(933): App\Controllers\Office->getIndex()
11 SYSTEMPATH\CodeIgniter.php(507): CodeIgniter\CodeIgniter->runController(Object(App\Controllers\Office))
12 SYSTEMPATH\CodeIgniter.php(354): CodeIgniter\CodeIgniter->handleRequest(null, Object(Config\Cache), false)
13 SYSTEMPATH\Boot.php(334): CodeIgniter\CodeIgniter->run()
14 SYSTEMPATH\Boot.php(67): CodeIgniter\Boot::runCodeIgniter(Object(CodeIgniter\CodeIgniter))
15 FCPATH\index.php(56): CodeIgniter\Boot::bootWeb(Object(Config\Paths))
WARNING - 2026-05-16 12:30:54 --> [DEPRECATED] htmlspecialchars(): Passing null to parameter #1 ($string) of type string is deprecated in APPPATH\Views\office.php on line 40.
 1 APPPATH\Views\office.php(40): htmlspecialchars(null, 3, 'UTF-8')
 2 SYSTEMPATH\View\View.php(224): include('C:\\xampp\\htdocs\\gscgeavotingsystem\\app\\Views\\office.php')
 3 SYSTEMPATH\View\View.php(227): CodeIgniter\View\View->{closure:CodeIgniter\View\View::render():221}()
 4 SYSTEMPATH\Common.php(1173): CodeIgniter\View\View->render('office', [], true)
 5 APPPATH\Views\main.php(204): view('office', [])
 6 SYSTEMPATH\View\View.php(224): include('C:\\xampp\\htdocs\\gscgeavotingsystem\\app\\Views\\main.php')
 7 SYSTEMPATH\View\View.php(227): CodeIgniter\View\View->{closure:CodeIgniter\View\View::render():221}()
 8 SYSTEMPATH\Common.php(1173): CodeIgniter\View\View->render('main', [], true)
 9 APPPATH\Controllers\Office.php(83): view('main', [...])
10 SYSTEMPATH\CodeIgniter.php(933): App\Controllers\Office->getIndex()
11 SYSTEMPATH\CodeIgniter.php(507): CodeIgniter\CodeIgniter->runController(Object(App\Controllers\Office))
12 SYSTEMPATH\CodeIgniter.php(354): CodeIgniter\CodeIgniter->handleRequest(null, Object(Config\Cache), false)
13 SYSTEMPATH\Boot.php(334): CodeIgniter\CodeIgniter->run()
14 SYSTEMPATH\Boot.php(67): CodeIgniter\Boot::runCodeIgniter(Object(CodeIgniter\CodeIgniter))
15 FCPATH\index.php(56): CodeIgniter\Boot::bootWeb(Object(Config\Paths))
WARNING - 2026-05-16 12:30:54 --> [DEPRECATED] htmlspecialchars(): Passing null to parameter #1 ($string) of type string is deprecated in APPPATH\Views\office.php on line 39.
 1 APPPATH\Views\office.php(39): htmlspecialchars(null, 3, 'UTF-8')
 2 SYSTEMPATH\View\View.php(224): include('C:\\xampp\\htdocs\\gscgeavotingsystem\\app\\Views\\office.php')
 3 SYSTEMPATH\View\View.php(227): CodeIgniter\View\View->{closure:CodeIgniter\View\View::render():221}()
 4 SYSTEMPATH\Common.php(1173): CodeIgniter\View\View->render('office', [], true)
 5 APPPATH\Views\main.php(204): view('office', [])
 6 SYSTEMPATH\View\View.php(224): include('C:\\xampp\\htdocs\\gscgeavotingsystem\\app\\Views\\main.php')
 7 SYSTEMPATH\View\View.php(227): CodeIgniter\View\View->{closure:CodeIgniter\View\View::render():221}()
 8 SYSTEMPATH\Common.php(1173): CodeIgniter\View\View->render('main', [], true)
 9 APPPATH\Controllers\Office.php(83): view('main', [...])
10 SYSTEMPATH\CodeIgniter.php(933): App\Controllers\Office->getIndex()
11 SYSTEMPATH\CodeIgniter.php(507): CodeIgniter\CodeIgniter->runController(Object(App\Controllers\Office))
12 SYSTEMPATH\CodeIgniter.php(354): CodeIgniter\CodeIgniter->handleRequest(null, Object(Config\Cache), false)
13 SYSTEMPATH\Boot.php(334): CodeIgniter\CodeIgniter->run()
14 SYSTEMPATH\Boot.php(67): CodeIgniter\Boot::runCodeIgniter(Object(CodeIgniter\CodeIgniter))
15 FCPATH\index.php(56): CodeIgniter\Boot::bootWeb(Object(Config\Paths))
WARNING - 2026-05-16 12:30:54 --> [DEPRECATED] htmlspecialchars(): Passing null to parameter #1 ($string) of type string is deprecated in APPPATH\Views\office.php on line 40.
 1 APPPATH\Views\office.php(40): htmlspecialchars(null, 3, 'UTF-8')
 2 SYSTEMPATH\View\View.php(224): include('C:\\xampp\\htdocs\\gscgeavotingsystem\\app\\Views\\office.php')
 3 SYSTEMPATH\View\View.php(227): CodeIgniter\View\View->{closure:CodeIgniter\View\View::render():221}()
 4 SYSTEMPATH\Common.php(1173): CodeIgniter\View\View->render('office', [], true)
 5 APPPATH\Views\main.php(204): view('office', [])
 6 SYSTEMPATH\View\View.php(224): include('C:\\xampp\\htdocs\\gscgeavotingsystem\\app\\Views\\main.php')
 7 SYSTEMPATH\View\View.php(227): CodeIgniter\View\View->{closure:CodeIgniter\View\View::render():221}()
 8 SYSTEMPATH\Common.php(1173): CodeIgniter\View\View->render('main', [], true)
 9 APPPATH\Controllers\Office.php(83): view('main', [...])
10 SYSTEMPATH\CodeIgniter.php(933): App\Controllers\Office->getIndex()
11 SYSTEMPATH\CodeIgniter.php(507): CodeIgniter\CodeIgniter->runController(Object(App\Controllers\Office))
12 SYSTEMPATH\CodeIgniter.php(354): CodeIgniter\CodeIgniter->handleRequest(null, Object(Config\Cache), false)
13 SYSTEMPATH\Boot.php(334): CodeIgniter\CodeIgniter->run()
14 SYSTEMPATH\Boot.php(67): CodeIgniter\Boot::runCodeIgniter(Object(CodeIgniter\CodeIgniter))
15 FCPATH\index.php(56): CodeIgniter\Boot::bootWeb(Object(Config\Paths))
WARNING - 2026-05-16 12:30:54 --> [DEPRECATED] htmlspecialchars(): Passing null to parameter #1 ($string) of type string is deprecated in APPPATH\Views\office.php on line 39.
 1 APPPATH\Views\office.php(39): htmlspecialchars(null, 3, 'UTF-8')
 2 SYSTEMPATH\View\View.php(224): include('C:\\xampp\\htdocs\\gscgeavotingsystem\\app\\Views\\office.php')
 3 SYSTEMPATH\View\View.php(227): CodeIgniter\View\View->{closure:CodeIgniter\View\View::render():221}()
 4 SYSTEMPATH\Common.php(1173): CodeIgniter\View\View->render('office', [], true)
 5 APPPATH\Views\main.php(204): view('office', [])
 6 SYSTEMPATH\View\View.php(224): include('C:\\xampp\\htdocs\\gscgeavotingsystem\\app\\Views\\main.php')
 7 SYSTEMPATH\View\View.php(227): CodeIgniter\View\View->{closure:CodeIgniter\View\View::render():221}()
 8 SYSTEMPATH\Common.php(1173): CodeIgniter\View\View->render('main', [], true)
 9 APPPATH\Controllers\Office.php(83): view('main', [...])
10 SYSTEMPATH\CodeIgniter.php(933): App\Controllers\Office->getIndex()
11 SYSTEMPATH\CodeIgniter.php(507): CodeIgniter\CodeIgniter->runController(Object(App\Controllers\Office))
12 SYSTEMPATH\CodeIgniter.php(354): CodeIgniter\CodeIgniter->handleRequest(null, Object(Config\Cache), false)
13 SYSTEMPATH\Boot.php(334): CodeIgniter\CodeIgniter->run()
14 SYSTEMPATH\Boot.php(67): CodeIgniter\Boot::runCodeIgniter(Object(CodeIgniter\CodeIgniter))
15 FCPATH\index.php(56): CodeIgniter\Boot::bootWeb(Object(Config\Paths))
WARNING - 2026-05-16 12:30:54 --> [DEPRECATED] htmlspecialchars(): Passing null to parameter #1 ($string) of type string is deprecated in APPPATH\Views\office.php on line 40.
 1 APPPATH\Views\office.php(40): htmlspecialchars(null, 3, 'UTF-8')
 2 SYSTEMPATH\View\View.php(224): include('C:\\xampp\\htdocs\\gscgeavotingsystem\\app\\Views\\office.php')
 3 SYSTEMPATH\View\View.php(227): CodeIgniter\View\View->{closure:CodeIgniter\View\View::render():221}()
 4 SYSTEMPATH\Common.php(1173): CodeIgniter\View\View->render('office', [], true)
 5 APPPATH\Views\main.php(204): view('office', [])
 6 SYSTEMPATH\View\View.php(224): include('C:\\xampp\\htdocs\\gscgeavotingsystem\\app\\Views\\main.php')
 7 SYSTEMPATH\View\View.php(227): CodeIgniter\View\View->{closure:CodeIgniter\View\View::render():221}()
 8 SYSTEMPATH\Common.php(1173): CodeIgniter\View\View->render('main', [], true)
 9 APPPATH\Controllers\Office.php(83): view('main', [...])
10 SYSTEMPATH\CodeIgniter.php(933): App\Controllers\Office->getIndex()
11 SYSTEMPATH\CodeIgniter.php(507): CodeIgniter\CodeIgniter->runController(Object(App\Controllers\Office))
12 SYSTEMPATH\CodeIgniter.php(354): CodeIgniter\CodeIgniter->handleRequest(null, Object(Config\Cache), false)
13 SYSTEMPATH\Boot.php(334): CodeIgniter\CodeIgniter->run()
14 SYSTEMPATH\Boot.php(67): CodeIgniter\Boot::runCodeIgniter(Object(CodeIgniter\CodeIgniter))
15 FCPATH\index.php(56): CodeIgniter\Boot::bootWeb(Object(Config\Paths))
WARNING - 2026-05-16 12:30:54 --> [DEPRECATED] htmlspecialchars(): Passing null to parameter #1 ($string) of type string is deprecated in APPPATH\Views\office.php on line 39.
 1 APPPATH\Views\office.php(39): htmlspecialchars(null, 3, 'UTF-8')
 2 SYSTEMPATH\View\View.php(224): include('C:\\xampp\\htdocs\\gscgeavotingsystem\\app\\Views\\office.php')
 3 SYSTEMPATH\View\View.php(227): CodeIgniter\View\View->{closure:CodeIgniter\View\View::render():221}()
 4 SYSTEMPATH\Common.php(1173): CodeIgniter\View\View->render('office', [], true)
 5 APPPATH\Views\main.php(204): view('office', [])
 6 SYSTEMPATH\View\View.php(224): include('C:\\xampp\\htdocs\\gscgeavotingsystem\\app\\Views\\main.php')
 7 SYSTEMPATH\View\View.php(227): CodeIgniter\View\View->{closure:CodeIgniter\View\View::render():221}()
 8 SYSTEMPATH\Common.php(1173): CodeIgniter\View\View->render('main', [], true)
 9 APPPATH\Controllers\Office.php(83): view('main', [...])
10 SYSTEMPATH\CodeIgniter.php(933): App\Controllers\Office->getIndex()
11 SYSTEMPATH\CodeIgniter.php(507): CodeIgniter\CodeIgniter->runController(Object(App\Controllers\Office))
12 SYSTEMPATH\CodeIgniter.php(354): CodeIgniter\CodeIgniter->handleRequest(null, Object(Config\Cache), false)
13 SYSTEMPATH\Boot.php(334): CodeIgniter\CodeIgniter->run()
14 SYSTEMPATH\Boot.php(67): CodeIgniter\Boot::runCodeIgniter(Object(CodeIgniter\CodeIgniter))
15 FCPATH\index.php(56): CodeIgniter\Boot::bootWeb(Object(Config\Paths))
WARNING - 2026-05-16 12:30:54 --> [DEPRECATED] htmlspecialchars(): Passing null to parameter #1 ($string) of type string is deprecated in APPPATH\Views\office.php on line 40.
 1 APPPATH\Views\office.php(40): htmlspecialchars(null, 3, 'UTF-8')
 2 SYSTEMPATH\View\View.php(224): include('C:\\xampp\\htdocs\\gscgeavotingsystem\\app\\Views\\office.php')
 3 SYSTEMPATH\View\View.php(227): CodeIgniter\View\View->{closure:CodeIgniter\View\View::render():221}()
 4 SYSTEMPATH\Common.php(1173): CodeIgniter\View\View->render('office', [], true)
 5 APPPATH\Views\main.php(204): view('office', [])
 6 SYSTEMPATH\View\View.php(224): include('C:\\xampp\\htdocs\\gscgeavotingsystem\\app\\Views\\main.php')
 7 SYSTEMPATH\View\View.php(227): CodeIgniter\View\View->{closure:CodeIgniter\View\View::render():221}()
 8 SYSTEMPATH\Common.php(1173): CodeIgniter\View\View->render('main', [], true)
 9 APPPATH\Controllers\Office.php(83): view('main', [...])
10 SYSTEMPATH\CodeIgniter.php(933): App\Controllers\Office->getIndex()
11 SYSTEMPATH\CodeIgniter.php(507): CodeIgniter\CodeIgniter->runController(Object(App\Controllers\Office))
12 SYSTEMPATH\CodeIgniter.php(354): CodeIgniter\CodeIgniter->handleRequest(null, Object(Config\Cache), false)
13 SYSTEMPATH\Boot.php(334): CodeIgniter\CodeIgniter->run()
14 SYSTEMPATH\Boot.php(67): CodeIgniter\Boot::runCodeIgniter(Object(CodeIgniter\CodeIgniter))
15 FCPATH\index.php(56): CodeIgniter\Boot::bootWeb(Object(Config\Paths))
WARNING - 2026-05-16 12:30:54 --> [DEPRECATED] htmlspecialchars(): Passing null to parameter #1 ($string) of type string is deprecated in APPPATH\Views\office.php on line 39.
 1 APPPATH\Views\office.php(39): htmlspecialchars(null, 3, 'UTF-8')
 2 SYSTEMPATH\View\View.php(224): include('C:\\xampp\\htdocs\\gscgeavotingsystem\\app\\Views\\office.php')
 3 SYSTEMPATH\View\View.php(227): CodeIgniter\View\View->{closure:CodeIgniter\View\View::render():221}()
 4 SYSTEMPATH\Common.php(1173): CodeIgniter\View\View->render('office', [], true)
 5 APPPATH\Views\main.php(204): view('office', [])
 6 SYSTEMPATH\View\View.php(224): include('C:\\xampp\\htdocs\\gscgeavotingsystem\\app\\Views\\main.php')
 7 SYSTEMPATH\View\View.php(227): CodeIgniter\View\View->{closure:CodeIgniter\View\View::render():221}()
 8 SYSTEMPATH\Common.php(1173): CodeIgniter\View\View->render('main', [], true)
 9 APPPATH\Controllers\Office.php(83): view('main', [...])
10 SYSTEMPATH\CodeIgniter.php(933): App\Controllers\Office->getIndex()
11 SYSTEMPATH\CodeIgniter.php(507): CodeIgniter\CodeIgniter->runController(Object(App\Controllers\Office))
12 SYSTEMPATH\CodeIgniter.php(354): CodeIgniter\CodeIgniter->handleRequest(null, Object(Config\Cache), false)
13 SYSTEMPATH\Boot.php(334): CodeIgniter\CodeIgniter->run()
14 SYSTEMPATH\Boot.php(67): CodeIgniter\Boot::runCodeIgniter(Object(CodeIgniter\CodeIgniter))
15 FCPATH\index.php(56): CodeIgniter\Boot::bootWeb(Object(Config\Paths))
WARNING - 2026-05-16 12:30:54 --> [DEPRECATED] htmlspecialchars(): Passing null to parameter #1 ($string) of type string is deprecated in APPPATH\Views\office.php on line 40.
 1 APPPATH\Views\office.php(40): htmlspecialchars(null, 3, 'UTF-8')
 2 SYSTEMPATH\View\View.php(224): include('C:\\xampp\\htdocs\\gscgeavotingsystem\\app\\Views\\office.php')
 3 SYSTEMPATH\View\View.php(227): CodeIgniter\View\View->{closure:CodeIgniter\View\View::render():221}()
 4 SYSTEMPATH\Common.php(1173): CodeIgniter\View\View->render('office', [], true)
 5 APPPATH\Views\main.php(204): view('office', [])
 6 SYSTEMPATH\View\View.php(224): include('C:\\xampp\\htdocs\\gscgeavotingsystem\\app\\Views\\main.php')
 7 SYSTEMPATH\View\View.php(227): CodeIgniter\View\View->{closure:CodeIgniter\View\View::render():221}()
 8 SYSTEMPATH\Common.php(1173): CodeIgniter\View\View->render('main', [], true)
 9 APPPATH\Controllers\Office.php(83): view('main', [...])
10 SYSTEMPATH\CodeIgniter.php(933): App\Controllers\Office->getIndex()
11 SYSTEMPATH\CodeIgniter.php(507): CodeIgniter\CodeIgniter->runController(Object(App\Controllers\Office))
12 SYSTEMPATH\CodeIgniter.php(354): CodeIgniter\CodeIgniter->handleRequest(null, Object(Config\Cache), false)
13 SYSTEMPATH\Boot.php(334): CodeIgniter\CodeIgniter->run()
14 SYSTEMPATH\Boot.php(67): CodeIgniter\Boot::runCodeIgniter(Object(CodeIgniter\CodeIgniter))
15 FCPATH\index.php(56): CodeIgniter\Boot::bootWeb(Object(Config\Paths))
WARNING - 2026-05-16 12:30:54 --> [DEPRECATED] htmlspecialchars(): Passing null to parameter #1 ($string) of type string is deprecated in APPPATH\Views\office.php on line 39.
 1 APPPATH\Views\office.php(39): htmlspecialchars(null, 3, 'UTF-8')
 2 SYSTEMPATH\View\View.php(224): include('C:\\xampp\\htdocs\\gscgeavotingsystem\\app\\Views\\office.php')
 3 SYSTEMPATH\View\View.php(227): CodeIgniter\View\View->{closure:CodeIgniter\View\View::render():221}()
 4 SYSTEMPATH\Common.php(1173): CodeIgniter\View\View->render('office', [], true)
 5 APPPATH\Views\main.php(204): view('office', [])
 6 SYSTEMPATH\View\View.php(224): include('C:\\xampp\\htdocs\\gscgeavotingsystem\\app\\Views\\main.php')
 7 SYSTEMPATH\View\View.php(227): CodeIgniter\View\View->{closure:CodeIgniter\View\View::render():221}()
 8 SYSTEMPATH\Common.php(1173): CodeIgniter\View\View->render('main', [], true)
 9 APPPATH\Controllers\Office.php(83): view('main', [...])
10 SYSTEMPATH\CodeIgniter.php(933): App\Controllers\Office->getIndex()
11 SYSTEMPATH\CodeIgniter.php(507): CodeIgniter\CodeIgniter->runController(Object(App\Controllers\Office))
12 SYSTEMPATH\CodeIgniter.php(354): CodeIgniter\CodeIgniter->handleRequest(null, Object(Config\Cache), false)
13 SYSTEMPATH\Boot.php(334): CodeIgniter\CodeIgniter->run()
14 SYSTEMPATH\Boot.php(67): CodeIgniter\Boot::runCodeIgniter(Object(CodeIgniter\CodeIgniter))
15 FCPATH\index.php(56): CodeIgniter\Boot::bootWeb(Object(Config\Paths))
WARNING - 2026-05-16 12:30:54 --> [DEPRECATED] htmlspecialchars(): Passing null to parameter #1 ($string) of type string is deprecated in APPPATH\Views\office.php on line 40.
 1 APPPATH\Views\office.php(40): htmlspecialchars(null, 3, 'UTF-8')
 2 SYSTEMPATH\View\View.php(224): include('C:\\xampp\\htdocs\\gscgeavotingsystem\\app\\Views\\office.php')
 3 SYSTEMPATH\View\View.php(227): CodeIgniter\View\View->{closure:CodeIgniter\View\View::render():221}()
 4 SYSTEMPATH\Common.php(1173): CodeIgniter\View\View->render('office', [], true)
 5 APPPATH\Views\main.php(204): view('office', [])
 6 SYSTEMPATH\View\View.php(224): include('C:\\xampp\\htdocs\\gscgeavotingsystem\\app\\Views\\main.php')
 7 SYSTEMPATH\View\View.php(227): CodeIgniter\View\View->{closure:CodeIgniter\View\View::render():221}()
 8 SYSTEMPATH\Common.php(1173): CodeIgniter\View\View->render('main', [], true)
 9 APPPATH\Controllers\Office.php(83): view('main', [...])
10 SYSTEMPATH\CodeIgniter.php(933): App\Controllers\Office->getIndex()
11 SYSTEMPATH\CodeIgniter.php(507): CodeIgniter\CodeIgniter->runController(Object(App\Controllers\Office))
12 SYSTEMPATH\CodeIgniter.php(354): CodeIgniter\CodeIgniter->handleRequest(null, Object(Config\Cache), false)
13 SYSTEMPATH\Boot.php(334): CodeIgniter\CodeIgniter->run()
14 SYSTEMPATH\Boot.php(67): CodeIgniter\Boot::runCodeIgniter(Object(CodeIgniter\CodeIgniter))
15 FCPATH\index.php(56): CodeIgniter\Boot::bootWeb(Object(Config\Paths))
WARNING - 2026-05-16 12:30:54 --> [DEPRECATED] htmlspecialchars(): Passing null to parameter #1 ($string) of type string is deprecated in APPPATH\Views\office.php on line 39.
 1 APPPATH\Views\office.php(39): htmlspecialchars(null, 3, 'UTF-8')
 2 SYSTEMPATH\View\View.php(224): include('C:\\xampp\\htdocs\\gscgeavotingsystem\\app\\Views\\office.php')
 3 SYSTEMPATH\View\View.php(227): CodeIgniter\View\View->{closure:CodeIgniter\View\View::render():221}()
 4 SYSTEMPATH\Common.php(1173): CodeIgniter\View\View->render('office', [], true)
 5 APPPATH\Views\main.php(204): view('office', [])
 6 SYSTEMPATH\View\View.php(224): include('C:\\xampp\\htdocs\\gscgeavotingsystem\\app\\Views\\main.php')
 7 SYSTEMPATH\View\View.php(227): CodeIgniter\View\View->{closure:CodeIgniter\View\View::render():221}()
 8 SYSTEMPATH\Common.php(1173): CodeIgniter\View\View->render('main', [], true)
 9 APPPATH\Controllers\Office.php(83): view('main', [...])
10 SYSTEMPATH\CodeIgniter.php(933): App\Controllers\Office->getIndex()
11 SYSTEMPATH\CodeIgniter.php(507): CodeIgniter\CodeIgniter->runController(Object(App\Controllers\Office))
12 SYSTEMPATH\CodeIgniter.php(354): CodeIgniter\CodeIgniter->handleRequest(null, Object(Config\Cache), false)
13 SYSTEMPATH\Boot.php(334): CodeIgniter\CodeIgniter->run()
14 SYSTEMPATH\Boot.php(67): CodeIgniter\Boot::runCodeIgniter(Object(CodeIgniter\CodeIgniter))
15 FCPATH\index.php(56): CodeIgniter\Boot::bootWeb(Object(Config\Paths))
WARNING - 2026-05-16 12:30:54 --> [DEPRECATED] htmlspecialchars(): Passing null to parameter #1 ($string) of type string is deprecated in APPPATH\Views\office.php on line 40.
 1 APPPATH\Views\office.php(40): htmlspecialchars(null, 3, 'UTF-8')
 2 SYSTEMPATH\View\View.php(224): include('C:\\xampp\\htdocs\\gscgeavotingsystem\\app\\Views\\office.php')
 3 SYSTEMPATH\View\View.php(227): CodeIgniter\View\View->{closure:CodeIgniter\View\View::render():221}()
 4 SYSTEMPATH\Common.php(1173): CodeIgniter\View\View->render('office', [], true)
 5 APPPATH\Views\main.php(204): view('office', [])
 6 SYSTEMPATH\View\View.php(224): include('C:\\xampp\\htdocs\\gscgeavotingsystem\\app\\Views\\main.php')
 7 SYSTEMPATH\View\View.php(227): CodeIgniter\View\View->{closure:CodeIgniter\View\View::render():221}()
 8 SYSTEMPATH\Common.php(1173): CodeIgniter\View\View->render('main', [], true)
 9 APPPATH\Controllers\Office.php(83): view('main', [...])
10 SYSTEMPATH\CodeIgniter.php(933): App\Controllers\Office->getIndex()
11 SYSTEMPATH\CodeIgniter.php(507): CodeIgniter\CodeIgniter->runController(Object(App\Controllers\Office))
12 SYSTEMPATH\CodeIgniter.php(354): CodeIgniter\CodeIgniter->handleRequest(null, Object(Config\Cache), false)
13 SYSTEMPATH\Boot.php(334): CodeIgniter\CodeIgniter->run()
14 SYSTEMPATH\Boot.php(67): CodeIgniter\Boot::runCodeIgniter(Object(CodeIgniter\CodeIgniter))
15 FCPATH\index.php(56): CodeIgniter\Boot::bootWeb(Object(Config\Paths))
WARNING - 2026-05-16 12:30:54 --> [DEPRECATED] htmlspecialchars(): Passing null to parameter #1 ($string) of type string is deprecated in APPPATH\Views\office.php on line 39.
 1 APPPATH\Views\office.php(39): htmlspecialchars(null, 3, 'UTF-8')
 2 SYSTEMPATH\View\View.php(224): include('C:\\xampp\\htdocs\\gscgeavotingsystem\\app\\Views\\office.php')
 3 SYSTEMPATH\View\View.php(227): CodeIgniter\View\View->{closure:CodeIgniter\View\View::render():221}()
 4 SYSTEMPATH\Common.php(1173): CodeIgniter\View\View->render('office', [], true)
 5 APPPATH\Views\main.php(204): view('office', [])
 6 SYSTEMPATH\View\View.php(224): include('C:\\xampp\\htdocs\\gscgeavotingsystem\\app\\Views\\main.php')
 7 SYSTEMPATH\View\View.php(227): CodeIgniter\View\View->{closure:CodeIgniter\View\View::render():221}()
 8 SYSTEMPATH\Common.php(1173): CodeIgniter\View\View->render('main', [], true)
 9 APPPATH\Controllers\Office.php(83): view('main', [...])
10 SYSTEMPATH\CodeIgniter.php(933): App\Controllers\Office->getIndex()
11 SYSTEMPATH\CodeIgniter.php(507): CodeIgniter\CodeIgniter->runController(Object(App\Controllers\Office))
12 SYSTEMPATH\CodeIgniter.php(354): CodeIgniter\CodeIgniter->handleRequest(null, Object(Config\Cache), false)
13 SYSTEMPATH\Boot.php(334): CodeIgniter\CodeIgniter->run()
14 SYSTEMPATH\Boot.php(67): CodeIgniter\Boot::runCodeIgniter(Object(CodeIgniter\CodeIgniter))
15 FCPATH\index.php(56): CodeIgniter\Boot::bootWeb(Object(Config\Paths))
WARNING - 2026-05-16 12:30:54 --> [DEPRECATED] htmlspecialchars(): Passing null to parameter #1 ($string) of type string is deprecated in APPPATH\Views\office.php on line 40.
 1 APPPATH\Views\office.php(40): htmlspecialchars(null, 3, 'UTF-8')
 2 SYSTEMPATH\View\View.php(224): include('C:\\xampp\\htdocs\\gscgeavotingsystem\\app\\Views\\office.php')
 3 SYSTEMPATH\View\View.php(227): CodeIgniter\View\View->{closure:CodeIgniter\View\View::render():221}()
 4 SYSTEMPATH\Common.php(1173): CodeIgniter\View\View->render('office', [], true)
 5 APPPATH\Views\main.php(204): view('office', [])
 6 SYSTEMPATH\View\View.php(224): include('C:\\xampp\\htdocs\\gscgeavotingsystem\\app\\Views\\main.php')
 7 SYSTEMPATH\View\View.php(227): CodeIgniter\View\View->{closure:CodeIgniter\View\View::render():221}()
 8 SYSTEMPATH\Common.php(1173): CodeIgniter\View\View->render('main', [], true)
 9 APPPATH\Controllers\Office.php(83): view('main', [...])
10 SYSTEMPATH\CodeIgniter.php(933): App\Controllers\Office->getIndex()
11 SYSTEMPATH\CodeIgniter.php(507): CodeIgniter\CodeIgniter->runController(Object(App\Controllers\Office))
12 SYSTEMPATH\CodeIgniter.php(354): CodeIgniter\CodeIgniter->handleRequest(null, Object(Config\Cache), false)
13 SYSTEMPATH\Boot.php(334): CodeIgniter\CodeIgniter->run()
14 SYSTEMPATH\Boot.php(67): CodeIgniter\Boot::runCodeIgniter(Object(CodeIgniter\CodeIgniter))
15 FCPATH\index.php(56): CodeIgniter\Boot::bootWeb(Object(Config\Paths))
WARNING - 2026-05-16 12:30:54 --> [DEPRECATED] htmlspecialchars(): Passing null to parameter #1 ($string) of type string is deprecated in APPPATH\Views\office.php on line 39.
 1 APPPATH\Views\office.php(39): htmlspecialchars(null, 3, 'UTF-8')
 2 SYSTEMPATH\View\View.php(224): include('C:\\xampp\\htdocs\\gscgeavotingsystem\\app\\Views\\office.php')
 3 SYSTEMPATH\View\View.php(227): CodeIgniter\View\View->{closure:CodeIgniter\View\View::render():221}()
 4 SYSTEMPATH\Common.php(1173): CodeIgniter\View\View->render('office', [], true)
 5 APPPATH\Views\main.php(204): view('office', [])
 6 SYSTEMPATH\View\View.php(224): include('C:\\xampp\\htdocs\\gscgeavotingsystem\\app\\Views\\main.php')
 7 SYSTEMPATH\View\View.php(227): CodeIgniter\View\View->{closure:CodeIgniter\View\View::render():221}()
 8 SYSTEMPATH\Common.php(1173): CodeIgniter\View\View->render('main', [], true)
 9 APPPATH\Controllers\Office.php(83): view('main', [...])
10 SYSTEMPATH\CodeIgniter.php(933): App\Controllers\Office->getIndex()
11 SYSTEMPATH\CodeIgniter.php(507): CodeIgniter\CodeIgniter->runController(Object(App\Controllers\Office))
12 SYSTEMPATH\CodeIgniter.php(354): CodeIgniter\CodeIgniter->handleRequest(null, Object(Config\Cache), false)
13 SYSTEMPATH\Boot.php(334): CodeIgniter\CodeIgniter->run()
14 SYSTEMPATH\Boot.php(67): CodeIgniter\Boot::runCodeIgniter(Object(CodeIgniter\CodeIgniter))
15 FCPATH\index.php(56): CodeIgniter\Boot::bootWeb(Object(Config\Paths))
WARNING - 2026-05-16 12:30:54 --> [DEPRECATED] htmlspecialchars(): Passing null to parameter #1 ($string) of type string is deprecated in APPPATH\Views\office.php on line 40.
 1 APPPATH\Views\office.php(40): htmlspecialchars(null, 3, 'UTF-8')
 2 SYSTEMPATH\View\View.php(224): include('C:\\xampp\\htdocs\\gscgeavotingsystem\\app\\Views\\office.php')
 3 SYSTEMPATH\View\View.php(227): CodeIgniter\View\View->{closure:CodeIgniter\View\View::render():221}()
 4 SYSTEMPATH\Common.php(1173): CodeIgniter\View\View->render('office', [], true)
 5 APPPATH\Views\main.php(204): view('office', [])
 6 SYSTEMPATH\View\View.php(224): include('C:\\xampp\\htdocs\\gscgeavotingsystem\\app\\Views\\main.php')
 7 SYSTEMPATH\View\View.php(227): CodeIgniter\View\View->{closure:CodeIgniter\View\View::render():221}()
 8 SYSTEMPATH\Common.php(1173): CodeIgniter\View\View->render('main', [], true)
 9 APPPATH\Controllers\Office.php(83): view('main', [...])
10 SYSTEMPATH\CodeIgniter.php(933): App\Controllers\Office->getIndex()
11 SYSTEMPATH\CodeIgniter.php(507): CodeIgniter\CodeIgniter->runController(Object(App\Controllers\Office))
12 SYSTEMPATH\CodeIgniter.php(354): CodeIgniter\CodeIgniter->handleRequest(null, Object(Config\Cache), false)
13 SYSTEMPATH\Boot.php(334): CodeIgniter\CodeIgniter->run()
14 SYSTEMPATH\Boot.php(67): CodeIgniter\Boot::runCodeIgniter(Object(CodeIgniter\CodeIgniter))
15 FCPATH\index.php(56): CodeIgniter\Boot::bootWeb(Object(Config\Paths))
WARNING - 2026-05-16 12:30:54 --> [DEPRECATED] htmlspecialchars(): Passing null to parameter #1 ($string) of type string is deprecated in APPPATH\Views\office.php on line 39.
 1 APPPATH\Views\office.php(39): htmlspecialchars(null, 3, 'UTF-8')
 2 SYSTEMPATH\View\View.php(224): include('C:\\xampp\\htdocs\\gscgeavotingsystem\\app\\Views\\office.php')
 3 SYSTEMPATH\View\View.php(227): CodeIgniter\View\View->{closure:CodeIgniter\View\View::render():221}()
 4 SYSTEMPATH\Common.php(1173): CodeIgniter\View\View->render('office', [], true)
 5 APPPATH\Views\main.php(204): view('office', [])
 6 SYSTEMPATH\View\View.php(224): include('C:\\xampp\\htdocs\\gscgeavotingsystem\\app\\Views\\main.php')
 7 SYSTEMPATH\View\View.php(227): CodeIgniter\View\View->{closure:CodeIgniter\View\View::render():221}()
 8 SYSTEMPATH\Common.php(1173): CodeIgniter\View\View->render('main', [], true)
 9 APPPATH\Controllers\Office.php(83): view('main', [...])
10 SYSTEMPATH\CodeIgniter.php(933): App\Controllers\Office->getIndex()
11 SYSTEMPATH\CodeIgniter.php(507): CodeIgniter\CodeIgniter->runController(Object(App\Controllers\Office))
12 SYSTEMPATH\CodeIgniter.php(354): CodeIgniter\CodeIgniter->handleRequest(null, Object(Config\Cache), false)
13 SYSTEMPATH\Boot.php(334): CodeIgniter\CodeIgniter->run()
14 SYSTEMPATH\Boot.php(67): CodeIgniter\Boot::runCodeIgniter(Object(CodeIgniter\CodeIgniter))
15 FCPATH\index.php(56): CodeIgniter\Boot::bootWeb(Object(Config\Paths))
WARNING - 2026-05-16 12:30:54 --> [DEPRECATED] htmlspecialchars(): Passing null to parameter #1 ($string) of type string is deprecated in APPPATH\Views\office.php on line 40.
 1 APPPATH\Views\office.php(40): htmlspecialchars(null, 3, 'UTF-8')
 2 SYSTEMPATH\View\View.php(224): include('C:\\xampp\\htdocs\\gscgeavotingsystem\\app\\Views\\office.php')
 3 SYSTEMPATH\View\View.php(227): CodeIgniter\View\View->{closure:CodeIgniter\View\View::render():221}()
 4 SYSTEMPATH\Common.php(1173): CodeIgniter\View\View->render('office', [], true)
 5 APPPATH\Views\main.php(204): view('office', [])
 6 SYSTEMPATH\View\View.php(224): include('C:\\xampp\\htdocs\\gscgeavotingsystem\\app\\Views\\main.php')
 7 SYSTEMPATH\View\View.php(227): CodeIgniter\View\View->{closure:CodeIgniter\View\View::render():221}()
 8 SYSTEMPATH\Common.php(1173): CodeIgniter\View\View->render('main', [], true)
 9 APPPATH\Controllers\Office.php(83): view('main', [...])
10 SYSTEMPATH\CodeIgniter.php(933): App\Controllers\Office->getIndex()
11 SYSTEMPATH\CodeIgniter.php(507): CodeIgniter\CodeIgniter->runController(Object(App\Controllers\Office))
12 SYSTEMPATH\CodeIgniter.php(354): CodeIgniter\CodeIgniter->handleRequest(null, Object(Config\Cache), false)
13 SYSTEMPATH\Boot.php(334): CodeIgniter\CodeIgniter->run()
14 SYSTEMPATH\Boot.php(67): CodeIgniter\Boot::runCodeIgniter(Object(CodeIgniter\CodeIgniter))
15 FCPATH\index.php(56): CodeIgniter\Boot::bootWeb(Object(Config\Paths))
WARNING - 2026-05-16 12:30:54 --> [DEPRECATED] htmlspecialchars(): Passing null to parameter #1 ($string) of type string is deprecated in APPPATH\Views\office.php on line 39.
 1 APPPATH\Views\office.php(39): htmlspecialchars(null, 3, 'UTF-8')
 2 SYSTEMPATH\View\View.php(224): include('C:\\xampp\\htdocs\\gscgeavotingsystem\\app\\Views\\office.php')
 3 SYSTEMPATH\View\View.php(227): CodeIgniter\View\View->{closure:CodeIgniter\View\View::render():221}()
 4 SYSTEMPATH\Common.php(1173): CodeIgniter\View\View->render('office', [], true)
 5 APPPATH\Views\main.php(204): view('office', [])
 6 SYSTEMPATH\View\View.php(224): include('C:\\xampp\\htdocs\\gscgeavotingsystem\\app\\Views\\main.php')
 7 SYSTEMPATH\View\View.php(227): CodeIgniter\View\View->{closure:CodeIgniter\View\View::render():221}()
 8 SYSTEMPATH\Common.php(1173): CodeIgniter\View\View->render('main', [], true)
 9 APPPATH\Controllers\Office.php(83): view('main', [...])
10 SYSTEMPATH\CodeIgniter.php(933): App\Controllers\Office->getIndex()
11 SYSTEMPATH\CodeIgniter.php(507): CodeIgniter\CodeIgniter->runController(Object(App\Controllers\Office))
12 SYSTEMPATH\CodeIgniter.php(354): CodeIgniter\CodeIgniter->handleRequest(null, Object(Config\Cache), false)
13 SYSTEMPATH\Boot.php(334): CodeIgniter\CodeIgniter->run()
14 SYSTEMPATH\Boot.php(67): CodeIgniter\Boot::runCodeIgniter(Object(CodeIgniter\CodeIgniter))
15 FCPATH\index.php(56): CodeIgniter\Boot::bootWeb(Object(Config\Paths))
WARNING - 2026-05-16 12:30:54 --> [DEPRECATED] htmlspecialchars(): Passing null to parameter #1 ($string) of type string is deprecated in APPPATH\Views\office.php on line 40.
 1 APPPATH\Views\office.php(40): htmlspecialchars(null, 3, 'UTF-8')
 2 SYSTEMPATH\View\View.php(224): include('C:\\xampp\\htdocs\\gscgeavotingsystem\\app\\Views\\office.php')
 3 SYSTEMPATH\View\View.php(227): CodeIgniter\View\View->{closure:CodeIgniter\View\View::render():221}()
 4 SYSTEMPATH\Common.php(1173): CodeIgniter\View\View->render('office', [], true)
 5 APPPATH\Views\main.php(204): view('office', [])
 6 SYSTEMPATH\View\View.php(224): include('C:\\xampp\\htdocs\\gscgeavotingsystem\\app\\Views\\main.php')
 7 SYSTEMPATH\View\View.php(227): CodeIgniter\View\View->{closure:CodeIgniter\View\View::render():221}()
 8 SYSTEMPATH\Common.php(1173): CodeIgniter\View\View->render('main', [], true)
 9 APPPATH\Controllers\Office.php(83): view('main', [...])
10 SYSTEMPATH\CodeIgniter.php(933): App\Controllers\Office->getIndex()
11 SYSTEMPATH\CodeIgniter.php(507): CodeIgniter\CodeIgniter->runController(Object(App\Controllers\Office))
12 SYSTEMPATH\CodeIgniter.php(354): CodeIgniter\CodeIgniter->handleRequest(null, Object(Config\Cache), false)
13 SYSTEMPATH\Boot.php(334): CodeIgniter\CodeIgniter->run()
14 SYSTEMPATH\Boot.php(67): CodeIgniter\Boot::runCodeIgniter(Object(CodeIgniter\CodeIgniter))
15 FCPATH\index.php(56): CodeIgniter\Boot::bootWeb(Object(Config\Paths))
WARNING - 2026-05-16 12:30:54 --> [DEPRECATED] htmlspecialchars(): Passing null to parameter #1 ($string) of type string is deprecated in APPPATH\Views\office.php on line 39.
 1 APPPATH\Views\office.php(39): htmlspecialchars(null, 3, 'UTF-8')
 2 SYSTEMPATH\View\View.php(224): include('C:\\xampp\\htdocs\\gscgeavotingsystem\\app\\Views\\office.php')
 3 SYSTEMPATH\View\View.php(227): CodeIgniter\View\View->{closure:CodeIgniter\View\View::render():221}()
 4 SYSTEMPATH\Common.php(1173): CodeIgniter\View\View->render('office', [], true)
 5 APPPATH\Views\main.php(204): view('office', [])
 6 SYSTEMPATH\View\View.php(224): include('C:\\xampp\\htdocs\\gscgeavotingsystem\\app\\Views\\main.php')
 7 SYSTEMPATH\View\View.php(227): CodeIgniter\View\View->{closure:CodeIgniter\View\View::render():221}()
 8 SYSTEMPATH\Common.php(1173): CodeIgniter\View\View->render('main', [], true)
 9 APPPATH\Controllers\Office.php(83): view('main', [...])
10 SYSTEMPATH\CodeIgniter.php(933): App\Controllers\Office->getIndex()
11 SYSTEMPATH\CodeIgniter.php(507): CodeIgniter\CodeIgniter->runController(Object(App\Controllers\Office))
12 SYSTEMPATH\CodeIgniter.php(354): CodeIgniter\CodeIgniter->handleRequest(null, Object(Config\Cache), false)
13 SYSTEMPATH\Boot.php(334): CodeIgniter\CodeIgniter->run()
14 SYSTEMPATH\Boot.php(67): CodeIgniter\Boot::runCodeIgniter(Object(CodeIgniter\CodeIgniter))
15 FCPATH\index.php(56): CodeIgniter\Boot::bootWeb(Object(Config\Paths))
WARNING - 2026-05-16 12:30:54 --> [DEPRECATED] htmlspecialchars(): Passing null to parameter #1 ($string) of type string is deprecated in APPPATH\Views\office.php on line 40.
 1 APPPATH\Views\office.php(40): htmlspecialchars(null, 3, 'UTF-8')
 2 SYSTEMPATH\View\View.php(224): include('C:\\xampp\\htdocs\\gscgeavotingsystem\\app\\Views\\office.php')
 3 SYSTEMPATH\View\View.php(227): CodeIgniter\View\View->{closure:CodeIgniter\View\View::render():221}()
 4 SYSTEMPATH\Common.php(1173): CodeIgniter\View\View->render('office', [], true)
 5 APPPATH\Views\main.php(204): view('office', [])
 6 SYSTEMPATH\View\View.php(224): include('C:\\xampp\\htdocs\\gscgeavotingsystem\\app\\Views\\main.php')
 7 SYSTEMPATH\View\View.php(227): CodeIgniter\View\View->{closure:CodeIgniter\View\View::render():221}()
 8 SYSTEMPATH\Common.php(1173): CodeIgniter\View\View->render('main', [], true)
 9 APPPATH\Controllers\Office.php(83): view('main', [...])
10 SYSTEMPATH\CodeIgniter.php(933): App\Controllers\Office->getIndex()
11 SYSTEMPATH\CodeIgniter.php(507): CodeIgniter\CodeIgniter->runController(Object(App\Controllers\Office))
12 SYSTEMPATH\CodeIgniter.php(354): CodeIgniter\CodeIgniter->handleRequest(null, Object(Config\Cache), false)
13 SYSTEMPATH\Boot.php(334): CodeIgniter\CodeIgniter->run()
14 SYSTEMPATH\Boot.php(67): CodeIgniter\Boot::runCodeIgniter(Object(CodeIgniter\CodeIgniter))
15 FCPATH\index.php(56): CodeIgniter\Boot::bootWeb(Object(Config\Paths))
WARNING - 2026-05-16 12:30:54 --> [DEPRECATED] htmlspecialchars(): Passing null to parameter #1 ($string) of type string is deprecated in APPPATH\Views\office.php on line 39.
 1 APPPATH\Views\office.php(39): htmlspecialchars(null, 3, 'UTF-8')
 2 SYSTEMPATH\View\View.php(224): include('C:\\xampp\\htdocs\\gscgeavotingsystem\\app\\Views\\office.php')
 3 SYSTEMPATH\View\View.php(227): CodeIgniter\View\View->{closure:CodeIgniter\View\View::render():221}()
 4 SYSTEMPATH\Common.php(1173): CodeIgniter\View\View->render('office', [], true)
 5 APPPATH\Views\main.php(204): view('office', [])
 6 SYSTEMPATH\View\View.php(224): include('C:\\xampp\\htdocs\\gscgeavotingsystem\\app\\Views\\main.php')
 7 SYSTEMPATH\View\View.php(227): CodeIgniter\View\View->{closure:CodeIgniter\View\View::render():221}()
 8 SYSTEMPATH\Common.php(1173): CodeIgniter\View\View->render('main', [], true)
 9 APPPATH\Controllers\Office.php(83): view('main', [...])
10 SYSTEMPATH\CodeIgniter.php(933): App\Controllers\Office->getIndex()
11 SYSTEMPATH\CodeIgniter.php(507): CodeIgniter\CodeIgniter->runController(Object(App\Controllers\Office))
12 SYSTEMPATH\CodeIgniter.php(354): CodeIgniter\CodeIgniter->handleRequest(null, Object(Config\Cache), false)
13 SYSTEMPATH\Boot.php(334): CodeIgniter\CodeIgniter->run()
14 SYSTEMPATH\Boot.php(67): CodeIgniter\Boot::runCodeIgniter(Object(CodeIgniter\CodeIgniter))
15 FCPATH\index.php(56): CodeIgniter\Boot::bootWeb(Object(Config\Paths))
WARNING - 2026-05-16 12:30:54 --> [DEPRECATED] htmlspecialchars(): Passing null to parameter #1 ($string) of type string is deprecated in APPPATH\Views\office.php on line 40.
 1 APPPATH\Views\office.php(40): htmlspecialchars(null, 3, 'UTF-8')
 2 SYSTEMPATH\View\View.php(224): include('C:\\xampp\\htdocs\\gscgeavotingsystem\\app\\Views\\office.php')
 3 SYSTEMPATH\View\View.php(227): CodeIgniter\View\View->{closure:CodeIgniter\View\View::render():221}()
 4 SYSTEMPATH\Common.php(1173): CodeIgniter\View\View->render('office', [], true)
 5 APPPATH\Views\main.php(204): view('office', [])
 6 SYSTEMPATH\View\View.php(224): include('C:\\xampp\\htdocs\\gscgeavotingsystem\\app\\Views\\main.php')
 7 SYSTEMPATH\View\View.php(227): CodeIgniter\View\View->{closure:CodeIgniter\View\View::render():221}()
 8 SYSTEMPATH\Common.php(1173): CodeIgniter\View\View->render('main', [], true)
 9 APPPATH\Controllers\Office.php(83): view('main', [...])
10 SYSTEMPATH\CodeIgniter.php(933): App\Controllers\Office->getIndex()
11 SYSTEMPATH\CodeIgniter.php(507): CodeIgniter\CodeIgniter->runController(Object(App\Controllers\Office))
12 SYSTEMPATH\CodeIgniter.php(354): CodeIgniter\CodeIgniter->handleRequest(null, Object(Config\Cache), false)
13 SYSTEMPATH\Boot.php(334): CodeIgniter\CodeIgniter->run()
14 SYSTEMPATH\Boot.php(67): CodeIgniter\Boot::runCodeIgniter(Object(CodeIgniter\CodeIgniter))
15 FCPATH\index.php(56): CodeIgniter\Boot::bootWeb(Object(Config\Paths))
WARNING - 2026-05-16 12:30:54 --> [DEPRECATED] htmlspecialchars(): Passing null to parameter #1 ($string) of type string is deprecated in APPPATH\Views\office.php on line 39.
 1 APPPATH\Views\office.php(39): htmlspecialchars(null, 3, 'UTF-8')
 2 SYSTEMPATH\View\View.php(224): include('C:\\xampp\\htdocs\\gscgeavotingsystem\\app\\Views\\office.php')
 3 SYSTEMPATH\View\View.php(227): CodeIgniter\View\View->{closure:CodeIgniter\View\View::render():221}()
 4 SYSTEMPATH\Common.php(1173): CodeIgniter\View\View->render('office', [], true)
 5 APPPATH\Views\main.php(204): view('office', [])
 6 SYSTEMPATH\View\View.php(224): include('C:\\xampp\\htdocs\\gscgeavotingsystem\\app\\Views\\main.php')
 7 SYSTEMPATH\View\View.php(227): CodeIgniter\View\View->{closure:CodeIgniter\View\View::render():221}()
 8 SYSTEMPATH\Common.php(1173): CodeIgniter\View\View->render('main', [], true)
 9 APPPATH\Controllers\Office.php(83): view('main', [...])
10 SYSTEMPATH\CodeIgniter.php(933): App\Controllers\Office->getIndex()
11 SYSTEMPATH\CodeIgniter.php(507): CodeIgniter\CodeIgniter->runController(Object(App\Controllers\Office))
12 SYSTEMPATH\CodeIgniter.php(354): CodeIgniter\CodeIgniter->handleRequest(null, Object(Config\Cache), false)
13 SYSTEMPATH\Boot.php(334): CodeIgniter\CodeIgniter->run()
14 SYSTEMPATH\Boot.php(67): CodeIgniter\Boot::runCodeIgniter(Object(CodeIgniter\CodeIgniter))
15 FCPATH\index.php(56): CodeIgniter\Boot::bootWeb(Object(Config\Paths))
WARNING - 2026-05-16 12:30:54 --> [DEPRECATED] htmlspecialchars(): Passing null to parameter #1 ($string) of type string is deprecated in APPPATH\Views\office.php on line 40.
 1 APPPATH\Views\office.php(40): htmlspecialchars(null, 3, 'UTF-8')
 2 SYSTEMPATH\View\View.php(224): include('C:\\xampp\\htdocs\\gscgeavotingsystem\\app\\Views\\office.php')
 3 SYSTEMPATH\View\View.php(227): CodeIgniter\View\View->{closure:CodeIgniter\View\View::render():221}()
 4 SYSTEMPATH\Common.php(1173): CodeIgniter\View\View->render('office', [], true)
 5 APPPATH\Views\main.php(204): view('office', [])
 6 SYSTEMPATH\View\View.php(224): include('C:\\xampp\\htdocs\\gscgeavotingsystem\\app\\Views\\main.php')
 7 SYSTEMPATH\View\View.php(227): CodeIgniter\View\View->{closure:CodeIgniter\View\View::render():221}()
 8 SYSTEMPATH\Common.php(1173): CodeIgniter\View\View->render('main', [], true)
 9 APPPATH\Controllers\Office.php(83): view('main', [...])
10 SYSTEMPATH\CodeIgniter.php(933): App\Controllers\Office->getIndex()
11 SYSTEMPATH\CodeIgniter.php(507): CodeIgniter\CodeIgniter->runController(Object(App\Controllers\Office))
12 SYSTEMPATH\CodeIgniter.php(354): CodeIgniter\CodeIgniter->handleRequest(null, Object(Config\Cache), false)
13 SYSTEMPATH\Boot.php(334): CodeIgniter\CodeIgniter->run()
14 SYSTEMPATH\Boot.php(67): CodeIgniter\Boot::runCodeIgniter(Object(CodeIgniter\CodeIgniter))
15 FCPATH\index.php(56): CodeIgniter\Boot::bootWeb(Object(Config\Paths))
WARNING - 2026-05-16 12:30:54 --> [DEPRECATED] htmlspecialchars(): Passing null to parameter #1 ($string) of type string is deprecated in APPPATH\Views\office.php on line 39.
 1 APPPATH\Views\office.php(39): htmlspecialchars(null, 3, 'UTF-8')
 2 SYSTEMPATH\View\View.php(224): include('C:\\xampp\\htdocs\\gscgeavotingsystem\\app\\Views\\office.php')
 3 SYSTEMPATH\View\View.php(227): CodeIgniter\View\View->{closure:CodeIgniter\View\View::render():221}()
 4 SYSTEMPATH\Common.php(1173): CodeIgniter\View\View->render('office', [], true)
 5 APPPATH\Views\main.php(204): view('office', [])
 6 SYSTEMPATH\View\View.php(224): include('C:\\xampp\\htdocs\\gscgeavotingsystem\\app\\Views\\main.php')
 7 SYSTEMPATH\View\View.php(227): CodeIgniter\View\View->{closure:CodeIgniter\View\View::render():221}()
 8 SYSTEMPATH\Common.php(1173): CodeIgniter\View\View->render('main', [], true)
 9 APPPATH\Controllers\Office.php(83): view('main', [...])
10 SYSTEMPATH\CodeIgniter.php(933): App\Controllers\Office->getIndex()
11 SYSTEMPATH\CodeIgniter.php(507): CodeIgniter\CodeIgniter->runController(Object(App\Controllers\Office))
12 SYSTEMPATH\CodeIgniter.php(354): CodeIgniter\CodeIgniter->handleRequest(null, Object(Config\Cache), false)
13 SYSTEMPATH\Boot.php(334): CodeIgniter\CodeIgniter->run()
14 SYSTEMPATH\Boot.php(67): CodeIgniter\Boot::runCodeIgniter(Object(CodeIgniter\CodeIgniter))
15 FCPATH\index.php(56): CodeIgniter\Boot::bootWeb(Object(Config\Paths))
WARNING - 2026-05-16 12:30:54 --> [DEPRECATED] htmlspecialchars(): Passing null to parameter #1 ($string) of type string is deprecated in APPPATH\Views\office.php on line 40.
 1 APPPATH\Views\office.php(40): htmlspecialchars(null, 3, 'UTF-8')
 2 SYSTEMPATH\View\View.php(224): include('C:\\xampp\\htdocs\\gscgeavotingsystem\\app\\Views\\office.php')
 3 SYSTEMPATH\View\View.php(227): CodeIgniter\View\View->{closure:CodeIgniter\View\View::render():221}()
 4 SYSTEMPATH\Common.php(1173): CodeIgniter\View\View->render('office', [], true)
 5 APPPATH\Views\main.php(204): view('office', [])
 6 SYSTEMPATH\View\View.php(224): include('C:\\xampp\\htdocs\\gscgeavotingsystem\\app\\Views\\main.php')
 7 SYSTEMPATH\View\View.php(227): CodeIgniter\View\View->{closure:CodeIgniter\View\View::render():221}()
 8 SYSTEMPATH\Common.php(1173): CodeIgniter\View\View->render('main', [], true)
 9 APPPATH\Controllers\Office.php(83): view('main', [...])
10 SYSTEMPATH\CodeIgniter.php(933): App\Controllers\Office->getIndex()
11 SYSTEMPATH\CodeIgniter.php(507): CodeIgniter\CodeIgniter->runController(Object(App\Controllers\Office))
12 SYSTEMPATH\CodeIgniter.php(354): CodeIgniter\CodeIgniter->handleRequest(null, Object(Config\Cache), false)
13 SYSTEMPATH\Boot.php(334): CodeIgniter\CodeIgniter->run()
14 SYSTEMPATH\Boot.php(67): CodeIgniter\Boot::runCodeIgniter(Object(CodeIgniter\CodeIgniter))
15 FCPATH\index.php(56): CodeIgniter\Boot::bootWeb(Object(Config\Paths))
WARNING - 2026-05-16 12:30:54 --> [DEPRECATED] htmlspecialchars(): Passing null to parameter #1 ($string) of type string is deprecated in APPPATH\Views\office.php on line 39.
 1 APPPATH\Views\office.php(39): htmlspecialchars(null, 3, 'UTF-8')
 2 SYSTEMPATH\View\View.php(224): include('C:\\xampp\\htdocs\\gscgeavotingsystem\\app\\Views\\office.php')
 3 SYSTEMPATH\View\View.php(227): CodeIgniter\View\View->{closure:CodeIgniter\View\View::render():221}()
 4 SYSTEMPATH\Common.php(1173): CodeIgniter\View\View->render('office', [], true)
 5 APPPATH\Views\main.php(204): view('office', [])
 6 SYSTEMPATH\View\View.php(224): include('C:\\xampp\\htdocs\\gscgeavotingsystem\\app\\Views\\main.php')
 7 SYSTEMPATH\View\View.php(227): CodeIgniter\View\View->{closure:CodeIgniter\View\View::render():221}()
 8 SYSTEMPATH\Common.php(1173): CodeIgniter\View\View->render('main', [], true)
 9 APPPATH\Controllers\Office.php(83): view('main', [...])
10 SYSTEMPATH\CodeIgniter.php(933): App\Controllers\Office->getIndex()
11 SYSTEMPATH\CodeIgniter.php(507): CodeIgniter\CodeIgniter->runController(Object(App\Controllers\Office))
12 SYSTEMPATH\CodeIgniter.php(354): CodeIgniter\CodeIgniter->handleRequest(null, Object(Config\Cache), false)
13 SYSTEMPATH\Boot.php(334): CodeIgniter\CodeIgniter->run()
14 SYSTEMPATH\Boot.php(67): CodeIgniter\Boot::runCodeIgniter(Object(CodeIgniter\CodeIgniter))
15 FCPATH\index.php(56): CodeIgniter\Boot::bootWeb(Object(Config\Paths))
WARNING - 2026-05-16 12:30:54 --> [DEPRECATED] htmlspecialchars(): Passing null to parameter #1 ($string) of type string is deprecated in APPPATH\Views\office.php on line 40.
 1 APPPATH\Views\office.php(40): htmlspecialchars(null, 3, 'UTF-8')
 2 SYSTEMPATH\View\View.php(224): include('C:\\xampp\\htdocs\\gscgeavotingsystem\\app\\Views\\office.php')
 3 SYSTEMPATH\View\View.php(227): CodeIgniter\View\View->{closure:CodeIgniter\View\View::render():221}()
 4 SYSTEMPATH\Common.php(1173): CodeIgniter\View\View->render('office', [], true)
 5 APPPATH\Views\main.php(204): view('office', [])
 6 SYSTEMPATH\View\View.php(224): include('C:\\xampp\\htdocs\\gscgeavotingsystem\\app\\Views\\main.php')
 7 SYSTEMPATH\View\View.php(227): CodeIgniter\View\View->{closure:CodeIgniter\View\View::render():221}()
 8 SYSTEMPATH\Common.php(1173): CodeIgniter\View\View->render('main', [], true)
 9 APPPATH\Controllers\Office.php(83): view('main', [...])
10 SYSTEMPATH\CodeIgniter.php(933): App\Controllers\Office->getIndex()
11 SYSTEMPATH\CodeIgniter.php(507): CodeIgniter\CodeIgniter->runController(Object(App\Controllers\Office))
12 SYSTEMPATH\CodeIgniter.php(354): CodeIgniter\CodeIgniter->handleRequest(null, Object(Config\Cache), false)
13 SYSTEMPATH\Boot.php(334): CodeIgniter\CodeIgniter->run()
14 SYSTEMPATH\Boot.php(67): CodeIgniter\Boot::runCodeIgniter(Object(CodeIgniter\CodeIgniter))
15 FCPATH\index.php(56): CodeIgniter\Boot::bootWeb(Object(Config\Paths))
WARNING - 2026-05-16 12:30:54 --> [DEPRECATED] htmlspecialchars(): Passing null to parameter #1 ($string) of type string is deprecated in APPPATH\Views\office.php on line 39.
 1 APPPATH\Views\office.php(39): htmlspecialchars(null, 3, 'UTF-8')
 2 SYSTEMPATH\View\View.php(224): include('C:\\xampp\\htdocs\\gscgeavotingsystem\\app\\Views\\office.php')
 3 SYSTEMPATH\View\View.php(227): CodeIgniter\View\View->{closure:CodeIgniter\View\View::render():221}()
 4 SYSTEMPATH\Common.php(1173): CodeIgniter\View\View->render('office', [], true)
 5 APPPATH\Views\main.php(204): view('office', [])
 6 SYSTEMPATH\View\View.php(224): include('C:\\xampp\\htdocs\\gscgeavotingsystem\\app\\Views\\main.php')
 7 SYSTEMPATH\View\View.php(227): CodeIgniter\View\View->{closure:CodeIgniter\View\View::render():221}()
 8 SYSTEMPATH\Common.php(1173): CodeIgniter\View\View->render('main', [], true)
 9 APPPATH\Controllers\Office.php(83): view('main', [...])
10 SYSTEMPATH\CodeIgniter.php(933): App\Controllers\Office->getIndex()
11 SYSTEMPATH\CodeIgniter.php(507): CodeIgniter\CodeIgniter->runController(Object(App\Controllers\Office))
12 SYSTEMPATH\CodeIgniter.php(354): CodeIgniter\CodeIgniter->handleRequest(null, Object(Config\Cache), false)
13 SYSTEMPATH\Boot.php(334): CodeIgniter\CodeIgniter->run()
14 SYSTEMPATH\Boot.php(67): CodeIgniter\Boot::runCodeIgniter(Object(CodeIgniter\CodeIgniter))
15 FCPATH\index.php(56): CodeIgniter\Boot::bootWeb(Object(Config\Paths))
WARNING - 2026-05-16 12:30:54 --> [DEPRECATED] htmlspecialchars(): Passing null to parameter #1 ($string) of type string is deprecated in APPPATH\Views\office.php on line 40.
 1 APPPATH\Views\office.php(40): htmlspecialchars(null, 3, 'UTF-8')
 2 SYSTEMPATH\View\View.php(224): include('C:\\xampp\\htdocs\\gscgeavotingsystem\\app\\Views\\office.php')
 3 SYSTEMPATH\View\View.php(227): CodeIgniter\View\View->{closure:CodeIgniter\View\View::render():221}()
 4 SYSTEMPATH\Common.php(1173): CodeIgniter\View\View->render('office', [], true)
 5 APPPATH\Views\main.php(204): view('office', [])
 6 SYSTEMPATH\View\View.php(224): include('C:\\xampp\\htdocs\\gscgeavotingsystem\\app\\Views\\main.php')
 7 SYSTEMPATH\View\View.php(227): CodeIgniter\View\View->{closure:CodeIgniter\View\View::render():221}()
 8 SYSTEMPATH\Common.php(1173): CodeIgniter\View\View->render('main', [], true)
 9 APPPATH\Controllers\Office.php(83): view('main', [...])
10 SYSTEMPATH\CodeIgniter.php(933): App\Controllers\Office->getIndex()
11 SYSTEMPATH\CodeIgniter.php(507): CodeIgniter\CodeIgniter->runController(Object(App\Controllers\Office))
12 SYSTEMPATH\CodeIgniter.php(354): CodeIgniter\CodeIgniter->handleRequest(null, Object(Config\Cache), false)
13 SYSTEMPATH\Boot.php(334): CodeIgniter\CodeIgniter->run()
14 SYSTEMPATH\Boot.php(67): CodeIgniter\Boot::runCodeIgniter(Object(CodeIgniter\CodeIgniter))
15 FCPATH\index.php(56): CodeIgniter\Boot::bootWeb(Object(Config\Paths))
WARNING - 2026-05-16 12:30:54 --> [DEPRECATED] htmlspecialchars(): Passing null to parameter #1 ($string) of type string is deprecated in APPPATH\Views\office.php on line 39.
 1 APPPATH\Views\office.php(39): htmlspecialchars(null, 3, 'UTF-8')
 2 SYSTEMPATH\View\View.php(224): include('C:\\xampp\\htdocs\\gscgeavotingsystem\\app\\Views\\office.php')
 3 SYSTEMPATH\View\View.php(227): CodeIgniter\View\View->{closure:CodeIgniter\View\View::render():221}()
 4 SYSTEMPATH\Common.php(1173): CodeIgniter\View\View->render('office', [], true)
 5 APPPATH\Views\main.php(204): view('office', [])
 6 SYSTEMPATH\View\View.php(224): include('C:\\xampp\\htdocs\\gscgeavotingsystem\\app\\Views\\main.php')
 7 SYSTEMPATH\View\View.php(227): CodeIgniter\View\View->{closure:CodeIgniter\View\View::render():221}()
 8 SYSTEMPATH\Common.php(1173): CodeIgniter\View\View->render('main', [], true)
 9 APPPATH\Controllers\Office.php(83): view('main', [...])
10 SYSTEMPATH\CodeIgniter.php(933): App\Controllers\Office->getIndex()
11 SYSTEMPATH\CodeIgniter.php(507): CodeIgniter\CodeIgniter->runController(Object(App\Controllers\Office))
12 SYSTEMPATH\CodeIgniter.php(354): CodeIgniter\CodeIgniter->handleRequest(null, Object(Config\Cache), false)
13 SYSTEMPATH\Boot.php(334): CodeIgniter\CodeIgniter->run()
14 SYSTEMPATH\Boot.php(67): CodeIgniter\Boot::runCodeIgniter(Object(CodeIgniter\CodeIgniter))
15 FCPATH\index.php(56): CodeIgniter\Boot::bootWeb(Object(Config\Paths))
WARNING - 2026-05-16 12:30:54 --> [DEPRECATED] htmlspecialchars(): Passing null to parameter #1 ($string) of type string is deprecated in APPPATH\Views\office.php on line 40.
 1 APPPATH\Views\office.php(40): htmlspecialchars(null, 3, 'UTF-8')
 2 SYSTEMPATH\View\View.php(224): include('C:\\xampp\\htdocs\\gscgeavotingsystem\\app\\Views\\office.php')
 3 SYSTEMPATH\View\View.php(227): CodeIgniter\View\View->{closure:CodeIgniter\View\View::render():221}()
 4 SYSTEMPATH\Common.php(1173): CodeIgniter\View\View->render('office', [], true)
 5 APPPATH\Views\main.php(204): view('office', [])
 6 SYSTEMPATH\View\View.php(224): include('C:\\xampp\\htdocs\\gscgeavotingsystem\\app\\Views\\main.php')
 7 SYSTEMPATH\View\View.php(227): CodeIgniter\View\View->{closure:CodeIgniter\View\View::render():221}()
 8 SYSTEMPATH\Common.php(1173): CodeIgniter\View\View->render('main', [], true)
 9 APPPATH\Controllers\Office.php(83): view('main', [...])
10 SYSTEMPATH\CodeIgniter.php(933): App\Controllers\Office->getIndex()
11 SYSTEMPATH\CodeIgniter.php(507): CodeIgniter\CodeIgniter->runController(Object(App\Controllers\Office))
12 SYSTEMPATH\CodeIgniter.php(354): CodeIgniter\CodeIgniter->handleRequest(null, Object(Config\Cache), false)
13 SYSTEMPATH\Boot.php(334): CodeIgniter\CodeIgniter->run()
14 SYSTEMPATH\Boot.php(67): CodeIgniter\Boot::runCodeIgniter(Object(CodeIgniter\CodeIgniter))
15 FCPATH\index.php(56): CodeIgniter\Boot::bootWeb(Object(Config\Paths))
WARNING - 2026-05-16 12:30:54 --> [DEPRECATED] htmlspecialchars(): Passing null to parameter #1 ($string) of type string is deprecated in APPPATH\Views\office.php on line 39.
 1 APPPATH\Views\office.php(39): htmlspecialchars(null, 3, 'UTF-8')
 2 SYSTEMPATH\View\View.php(224): include('C:\\xampp\\htdocs\\gscgeavotingsystem\\app\\Views\\office.php')
 3 SYSTEMPATH\View\View.php(227): CodeIgniter\View\View->{closure:CodeIgniter\View\View::render():221}()
 4 SYSTEMPATH\Common.php(1173): CodeIgniter\View\View->render('office', [], true)
 5 APPPATH\Views\main.php(204): view('office', [])
 6 SYSTEMPATH\View\View.php(224): include('C:\\xampp\\htdocs\\gscgeavotingsystem\\app\\Views\\main.php')
 7 SYSTEMPATH\View\View.php(227): CodeIgniter\View\View->{closure:CodeIgniter\View\View::render():221}()
 8 SYSTEMPATH\Common.php(1173): CodeIgniter\View\View->render('main', [], true)
 9 APPPATH\Controllers\Office.php(83): view('main', [...])
10 SYSTEMPATH\CodeIgniter.php(933): App\Controllers\Office->getIndex()
11 SYSTEMPATH\CodeIgniter.php(507): CodeIgniter\CodeIgniter->runController(Object(App\Controllers\Office))
12 SYSTEMPATH\CodeIgniter.php(354): CodeIgniter\CodeIgniter->handleRequest(null, Object(Config\Cache), false)
13 SYSTEMPATH\Boot.php(334): CodeIgniter\CodeIgniter->run()
14 SYSTEMPATH\Boot.php(67): CodeIgniter\Boot::runCodeIgniter(Object(CodeIgniter\CodeIgniter))
15 FCPATH\index.php(56): CodeIgniter\Boot::bootWeb(Object(Config\Paths))
WARNING - 2026-05-16 12:30:54 --> [DEPRECATED] htmlspecialchars(): Passing null to parameter #1 ($string) of type string is deprecated in APPPATH\Views\office.php on line 40.
 1 APPPATH\Views\office.php(40): htmlspecialchars(null, 3, 'UTF-8')
 2 SYSTEMPATH\View\View.php(224): include('C:\\xampp\\htdocs\\gscgeavotingsystem\\app\\Views\\office.php')
 3 SYSTEMPATH\View\View.php(227): CodeIgniter\View\View->{closure:CodeIgniter\View\View::render():221}()
 4 SYSTEMPATH\Common.php(1173): CodeIgniter\View\View->render('office', [], true)
 5 APPPATH\Views\main.php(204): view('office', [])
 6 SYSTEMPATH\View\View.php(224): include('C:\\xampp\\htdocs\\gscgeavotingsystem\\app\\Views\\main.php')
 7 SYSTEMPATH\View\View.php(227): CodeIgniter\View\View->{closure:CodeIgniter\View\View::render():221}()
 8 SYSTEMPATH\Common.php(1173): CodeIgniter\View\View->render('main', [], true)
 9 APPPATH\Controllers\Office.php(83): view('main', [...])
10 SYSTEMPATH\CodeIgniter.php(933): App\Controllers\Office->getIndex()
11 SYSTEMPATH\CodeIgniter.php(507): CodeIgniter\CodeIgniter->runController(Object(App\Controllers\Office))
12 SYSTEMPATH\CodeIgniter.php(354): CodeIgniter\CodeIgniter->handleRequest(null, Object(Config\Cache), false)
13 SYSTEMPATH\Boot.php(334): CodeIgniter\CodeIgniter->run()
14 SYSTEMPATH\Boot.php(67): CodeIgniter\Boot::runCodeIgniter(Object(CodeIgniter\CodeIgniter))
15 FCPATH\index.php(56): CodeIgniter\Boot::bootWeb(Object(Config\Paths))
WARNING - 2026-05-16 12:30:54 --> [DEPRECATED] htmlspecialchars(): Passing null to parameter #1 ($string) of type string is deprecated in APPPATH\Views\office.php on line 39.
 1 APPPATH\Views\office.php(39): htmlspecialchars(null, 3, 'UTF-8')
 2 SYSTEMPATH\View\View.php(224): include('C:\\xampp\\htdocs\\gscgeavotingsystem\\app\\Views\\office.php')
 3 SYSTEMPATH\View\View.php(227): CodeIgniter\View\View->{closure:CodeIgniter\View\View::render():221}()
 4 SYSTEMPATH\Common.php(1173): CodeIgniter\View\View->render('office', [], true)
 5 APPPATH\Views\main.php(204): view('office', [])
 6 SYSTEMPATH\View\View.php(224): include('C:\\xampp\\htdocs\\gscgeavotingsystem\\app\\Views\\main.php')
 7 SYSTEMPATH\View\View.php(227): CodeIgniter\View\View->{closure:CodeIgniter\View\View::render():221}()
 8 SYSTEMPATH\Common.php(1173): CodeIgniter\View\View->render('main', [], true)
 9 APPPATH\Controllers\Office.php(83): view('main', [...])
10 SYSTEMPATH\CodeIgniter.php(933): App\Controllers\Office->getIndex()
11 SYSTEMPATH\CodeIgniter.php(507): CodeIgniter\CodeIgniter->runController(Object(App\Controllers\Office))
12 SYSTEMPATH\CodeIgniter.php(354): CodeIgniter\CodeIgniter->handleRequest(null, Object(Config\Cache), false)
13 SYSTEMPATH\Boot.php(334): CodeIgniter\CodeIgniter->run()
14 SYSTEMPATH\Boot.php(67): CodeIgniter\Boot::runCodeIgniter(Object(CodeIgniter\CodeIgniter))
15 FCPATH\index.php(56): CodeIgniter\Boot::bootWeb(Object(Config\Paths))
WARNING - 2026-05-16 12:30:54 --> [DEPRECATED] htmlspecialchars(): Passing null to parameter #1 ($string) of type string is deprecated in APPPATH\Views\office.php on line 40.
 1 APPPATH\Views\office.php(40): htmlspecialchars(null, 3, 'UTF-8')
 2 SYSTEMPATH\View\View.php(224): include('C:\\xampp\\htdocs\\gscgeavotingsystem\\app\\Views\\office.php')
 3 SYSTEMPATH\View\View.php(227): CodeIgniter\View\View->{closure:CodeIgniter\View\View::render():221}()
 4 SYSTEMPATH\Common.php(1173): CodeIgniter\View\View->render('office', [], true)
 5 APPPATH\Views\main.php(204): view('office', [])
 6 SYSTEMPATH\View\View.php(224): include('C:\\xampp\\htdocs\\gscgeavotingsystem\\app\\Views\\main.php')
 7 SYSTEMPATH\View\View.php(227): CodeIgniter\View\View->{closure:CodeIgniter\View\View::render():221}()
 8 SYSTEMPATH\Common.php(1173): CodeIgniter\View\View->render('main', [], true)
 9 APPPATH\Controllers\Office.php(83): view('main', [...])
10 SYSTEMPATH\CodeIgniter.php(933): App\Controllers\Office->getIndex()
11 SYSTEMPATH\CodeIgniter.php(507): CodeIgniter\CodeIgniter->runController(Object(App\Controllers\Office))
12 SYSTEMPATH\CodeIgniter.php(354): CodeIgniter\CodeIgniter->handleRequest(null, Object(Config\Cache), false)
13 SYSTEMPATH\Boot.php(334): CodeIgniter\CodeIgniter->run()
14 SYSTEMPATH\Boot.php(67): CodeIgniter\Boot::runCodeIgniter(Object(CodeIgniter\CodeIgniter))
15 FCPATH\index.php(56): CodeIgniter\Boot::bootWeb(Object(Config\Paths))
WARNING - 2026-05-16 12:30:54 --> [DEPRECATED] htmlspecialchars(): Passing null to parameter #1 ($string) of type string is deprecated in APPPATH\Views\office.php on line 39.
 1 APPPATH\Views\office.php(39): htmlspecialchars(null, 3, 'UTF-8')
 2 SYSTEMPATH\View\View.php(224): include('C:\\xampp\\htdocs\\gscgeavotingsystem\\app\\Views\\office.php')
 3 SYSTEMPATH\View\View.php(227): CodeIgniter\View\View->{closure:CodeIgniter\View\View::render():221}()
 4 SYSTEMPATH\Common.php(1173): CodeIgniter\View\View->render('office', [], true)
 5 APPPATH\Views\main.php(204): view('office', [])
 6 SYSTEMPATH\View\View.php(224): include('C:\\xampp\\htdocs\\gscgeavotingsystem\\app\\Views\\main.php')
 7 SYSTEMPATH\View\View.php(227): CodeIgniter\View\View->{closure:CodeIgniter\View\View::render():221}()
 8 SYSTEMPATH\Common.php(1173): CodeIgniter\View\View->render('main', [], true)
 9 APPPATH\Controllers\Office.php(83): view('main', [...])
10 SYSTEMPATH\CodeIgniter.php(933): App\Controllers\Office->getIndex()
11 SYSTEMPATH\CodeIgniter.php(507): CodeIgniter\CodeIgniter->runController(Object(App\Controllers\Office))
12 SYSTEMPATH\CodeIgniter.php(354): CodeIgniter\CodeIgniter->handleRequest(null, Object(Config\Cache), false)
13 SYSTEMPATH\Boot.php(334): CodeIgniter\CodeIgniter->run()
14 SYSTEMPATH\Boot.php(67): CodeIgniter\Boot::runCodeIgniter(Object(CodeIgniter\CodeIgniter))
15 FCPATH\index.php(56): CodeIgniter\Boot::bootWeb(Object(Config\Paths))
WARNING - 2026-05-16 12:30:54 --> [DEPRECATED] htmlspecialchars(): Passing null to parameter #1 ($string) of type string is deprecated in APPPATH\Views\office.php on line 40.
 1 APPPATH\Views\office.php(40): htmlspecialchars(null, 3, 'UTF-8')
 2 SYSTEMPATH\View\View.php(224): include('C:\\xampp\\htdocs\\gscgeavotingsystem\\app\\Views\\office.php')
 3 SYSTEMPATH\View\View.php(227): CodeIgniter\View\View->{closure:CodeIgniter\View\View::render():221}()
 4 SYSTEMPATH\Common.php(1173): CodeIgniter\View\View->render('office', [], true)
 5 APPPATH\Views\main.php(204): view('office', [])
 6 SYSTEMPATH\View\View.php(224): include('C:\\xampp\\htdocs\\gscgeavotingsystem\\app\\Views\\main.php')
 7 SYSTEMPATH\View\View.php(227): CodeIgniter\View\View->{closure:CodeIgniter\View\View::render():221}()
 8 SYSTEMPATH\Common.php(1173): CodeIgniter\View\View->render('main', [], true)
 9 APPPATH\Controllers\Office.php(83): view('main', [...])
10 SYSTEMPATH\CodeIgniter.php(933): App\Controllers\Office->getIndex()
11 SYSTEMPATH\CodeIgniter.php(507): CodeIgniter\CodeIgniter->runController(Object(App\Controllers\Office))
12 SYSTEMPATH\CodeIgniter.php(354): CodeIgniter\CodeIgniter->handleRequest(null, Object(Config\Cache), false)
13 SYSTEMPATH\Boot.php(334): CodeIgniter\CodeIgniter->run()
14 SYSTEMPATH\Boot.php(67): CodeIgniter\Boot::runCodeIgniter(Object(CodeIgniter\CodeIgniter))
15 FCPATH\index.php(56): CodeIgniter\Boot::bootWeb(Object(Config\Paths))
WARNING - 2026-05-16 12:30:54 --> [DEPRECATED] htmlspecialchars(): Passing null to parameter #1 ($string) of type string is deprecated in APPPATH\Views\office.php on line 39.
 1 APPPATH\Views\office.php(39): htmlspecialchars(null, 3, 'UTF-8')
 2 SYSTEMPATH\View\View.php(224): include('C:\\xampp\\htdocs\\gscgeavotingsystem\\app\\Views\\office.php')
 3 SYSTEMPATH\View\View.php(227): CodeIgniter\View\View->{closure:CodeIgniter\View\View::render():221}()
 4 SYSTEMPATH\Common.php(1173): CodeIgniter\View\View->render('office', [], true)
 5 APPPATH\Views\main.php(204): view('office', [])
 6 SYSTEMPATH\View\View.php(224): include('C:\\xampp\\htdocs\\gscgeavotingsystem\\app\\Views\\main.php')
 7 SYSTEMPATH\View\View.php(227): CodeIgniter\View\View->{closure:CodeIgniter\View\View::render():221}()
 8 SYSTEMPATH\Common.php(1173): CodeIgniter\View\View->render('main', [], true)
 9 APPPATH\Controllers\Office.php(83): view('main', [...])
10 SYSTEMPATH\CodeIgniter.php(933): App\Controllers\Office->getIndex()
11 SYSTEMPATH\CodeIgniter.php(507): CodeIgniter\CodeIgniter->runController(Object(App\Controllers\Office))
12 SYSTEMPATH\CodeIgniter.php(354): CodeIgniter\CodeIgniter->handleRequest(null, Object(Config\Cache), false)
13 SYSTEMPATH\Boot.php(334): CodeIgniter\CodeIgniter->run()
14 SYSTEMPATH\Boot.php(67): CodeIgniter\Boot::runCodeIgniter(Object(CodeIgniter\CodeIgniter))
15 FCPATH\index.php(56): CodeIgniter\Boot::bootWeb(Object(Config\Paths))
WARNING - 2026-05-16 12:30:54 --> [DEPRECATED] htmlspecialchars(): Passing null to parameter #1 ($string) of type string is deprecated in APPPATH\Views\office.php on line 40.
 1 APPPATH\Views\office.php(40): htmlspecialchars(null, 3, 'UTF-8')
 2 SYSTEMPATH\View\View.php(224): include('C:\\xampp\\htdocs\\gscgeavotingsystem\\app\\Views\\office.php')
 3 SYSTEMPATH\View\View.php(227): CodeIgniter\View\View->{closure:CodeIgniter\View\View::render():221}()
 4 SYSTEMPATH\Common.php(1173): CodeIgniter\View\View->render('office', [], true)
 5 APPPATH\Views\main.php(204): view('office', [])
 6 SYSTEMPATH\View\View.php(224): include('C:\\xampp\\htdocs\\gscgeavotingsystem\\app\\Views\\main.php')
 7 SYSTEMPATH\View\View.php(227): CodeIgniter\View\View->{closure:CodeIgniter\View\View::render():221}()
 8 SYSTEMPATH\Common.php(1173): CodeIgniter\View\View->render('main', [], true)
 9 APPPATH\Controllers\Office.php(83): view('main', [...])
10 SYSTEMPATH\CodeIgniter.php(933): App\Controllers\Office->getIndex()
11 SYSTEMPATH\CodeIgniter.php(507): CodeIgniter\CodeIgniter->runController(Object(App\Controllers\Office))
12 SYSTEMPATH\CodeIgniter.php(354): CodeIgniter\CodeIgniter->handleRequest(null, Object(Config\Cache), false)
13 SYSTEMPATH\Boot.php(334): CodeIgniter\CodeIgniter->run()
14 SYSTEMPATH\Boot.php(67): CodeIgniter\Boot::runCodeIgniter(Object(CodeIgniter\CodeIgniter))
15 FCPATH\index.php(56): CodeIgniter\Boot::bootWeb(Object(Config\Paths))
WARNING - 2026-05-16 12:30:54 --> [DEPRECATED] htmlspecialchars(): Passing null to parameter #1 ($string) of type string is deprecated in APPPATH\Views\office.php on line 39.
 1 APPPATH\Views\office.php(39): htmlspecialchars(null, 3, 'UTF-8')
 2 SYSTEMPATH\View\View.php(224): include('C:\\xampp\\htdocs\\gscgeavotingsystem\\app\\Views\\office.php')
 3 SYSTEMPATH\View\View.php(227): CodeIgniter\View\View->{closure:CodeIgniter\View\View::render():221}()
 4 SYSTEMPATH\Common.php(1173): CodeIgniter\View\View->render('office', [], true)
 5 APPPATH\Views\main.php(204): view('office', [])
 6 SYSTEMPATH\View\View.php(224): include('C:\\xampp\\htdocs\\gscgeavotingsystem\\app\\Views\\main.php')
 7 SYSTEMPATH\View\View.php(227): CodeIgniter\View\View->{closure:CodeIgniter\View\View::render():221}()
 8 SYSTEMPATH\Common.php(1173): CodeIgniter\View\View->render('main', [], true)
 9 APPPATH\Controllers\Office.php(83): view('main', [...])
10 SYSTEMPATH\CodeIgniter.php(933): App\Controllers\Office->getIndex()
11 SYSTEMPATH\CodeIgniter.php(507): CodeIgniter\CodeIgniter->runController(Object(App\Controllers\Office))
12 SYSTEMPATH\CodeIgniter.php(354): CodeIgniter\CodeIgniter->handleRequest(null, Object(Config\Cache), false)
13 SYSTEMPATH\Boot.php(334): CodeIgniter\CodeIgniter->run()
14 SYSTEMPATH\Boot.php(67): CodeIgniter\Boot::runCodeIgniter(Object(CodeIgniter\CodeIgniter))
15 FCPATH\index.php(56): CodeIgniter\Boot::bootWeb(Object(Config\Paths))
WARNING - 2026-05-16 12:30:54 --> [DEPRECATED] htmlspecialchars(): Passing null to parameter #1 ($string) of type string is deprecated in APPPATH\Views\office.php on line 40.
 1 APPPATH\Views\office.php(40): htmlspecialchars(null, 3, 'UTF-8')
 2 SYSTEMPATH\View\View.php(224): include('C:\\xampp\\htdocs\\gscgeavotingsystem\\app\\Views\\office.php')
 3 SYSTEMPATH\View\View.php(227): CodeIgniter\View\View->{closure:CodeIgniter\View\View::render():221}()
 4 SYSTEMPATH\Common.php(1173): CodeIgniter\View\View->render('office', [], true)
 5 APPPATH\Views\main.php(204): view('office', [])
 6 SYSTEMPATH\View\View.php(224): include('C:\\xampp\\htdocs\\gscgeavotingsystem\\app\\Views\\main.php')
 7 SYSTEMPATH\View\View.php(227): CodeIgniter\View\View->{closure:CodeIgniter\View\View::render():221}()
 8 SYSTEMPATH\Common.php(1173): CodeIgniter\View\View->render('main', [], true)
 9 APPPATH\Controllers\Office.php(83): view('main', [...])
10 SYSTEMPATH\CodeIgniter.php(933): App\Controllers\Office->getIndex()
11 SYSTEMPATH\CodeIgniter.php(507): CodeIgniter\CodeIgniter->runController(Object(App\Controllers\Office))
12 SYSTEMPATH\CodeIgniter.php(354): CodeIgniter\CodeIgniter->handleRequest(null, Object(Config\Cache), false)
13 SYSTEMPATH\Boot.php(334): CodeIgniter\CodeIgniter->run()
14 SYSTEMPATH\Boot.php(67): CodeIgniter\Boot::runCodeIgniter(Object(CodeIgniter\CodeIgniter))
15 FCPATH\index.php(56): CodeIgniter\Boot::bootWeb(Object(Config\Paths))
WARNING - 2026-05-16 12:30:54 --> [DEPRECATED] htmlspecialchars(): Passing null to parameter #1 ($string) of type string is deprecated in APPPATH\Views\office.php on line 39.
 1 APPPATH\Views\office.php(39): htmlspecialchars(null, 3, 'UTF-8')
 2 SYSTEMPATH\View\View.php(224): include('C:\\xampp\\htdocs\\gscgeavotingsystem\\app\\Views\\office.php')
 3 SYSTEMPATH\View\View.php(227): CodeIgniter\View\View->{closure:CodeIgniter\View\View::render():221}()
 4 SYSTEMPATH\Common.php(1173): CodeIgniter\View\View->render('office', [], true)
 5 APPPATH\Views\main.php(204): view('office', [])
 6 SYSTEMPATH\View\View.php(224): include('C:\\xampp\\htdocs\\gscgeavotingsystem\\app\\Views\\main.php')
 7 SYSTEMPATH\View\View.php(227): CodeIgniter\View\View->{closure:CodeIgniter\View\View::render():221}()
 8 SYSTEMPATH\Common.php(1173): CodeIgniter\View\View->render('main', [], true)
 9 APPPATH\Controllers\Office.php(83): view('main', [...])
10 SYSTEMPATH\CodeIgniter.php(933): App\Controllers\Office->getIndex()
11 SYSTEMPATH\CodeIgniter.php(507): CodeIgniter\CodeIgniter->runController(Object(App\Controllers\Office))
12 SYSTEMPATH\CodeIgniter.php(354): CodeIgniter\CodeIgniter->handleRequest(null, Object(Config\Cache), false)
13 SYSTEMPATH\Boot.php(334): CodeIgniter\CodeIgniter->run()
14 SYSTEMPATH\Boot.php(67): CodeIgniter\Boot::runCodeIgniter(Object(CodeIgniter\CodeIgniter))
15 FCPATH\index.php(56): CodeIgniter\Boot::bootWeb(Object(Config\Paths))
WARNING - 2026-05-16 12:30:54 --> [DEPRECATED] htmlspecialchars(): Passing null to parameter #1 ($string) of type string is deprecated in APPPATH\Views\office.php on line 40.
 1 APPPATH\Views\office.php(40): htmlspecialchars(null, 3, 'UTF-8')
 2 SYSTEMPATH\View\View.php(224): include('C:\\xampp\\htdocs\\gscgeavotingsystem\\app\\Views\\office.php')
 3 SYSTEMPATH\View\View.php(227): CodeIgniter\View\View->{closure:CodeIgniter\View\View::render():221}()
 4 SYSTEMPATH\Common.php(1173): CodeIgniter\View\View->render('office', [], true)
 5 APPPATH\Views\main.php(204): view('office', [])
 6 SYSTEMPATH\View\View.php(224): include('C:\\xampp\\htdocs\\gscgeavotingsystem\\app\\Views\\main.php')
 7 SYSTEMPATH\View\View.php(227): CodeIgniter\View\View->{closure:CodeIgniter\View\View::render():221}()
 8 SYSTEMPATH\Common.php(1173): CodeIgniter\View\View->render('main', [], true)
 9 APPPATH\Controllers\Office.php(83): view('main', [...])
10 SYSTEMPATH\CodeIgniter.php(933): App\Controllers\Office->getIndex()
11 SYSTEMPATH\CodeIgniter.php(507): CodeIgniter\CodeIgniter->runController(Object(App\Controllers\Office))
12 SYSTEMPATH\CodeIgniter.php(354): CodeIgniter\CodeIgniter->handleRequest(null, Object(Config\Cache), false)
13 SYSTEMPATH\Boot.php(334): CodeIgniter\CodeIgniter->run()
14 SYSTEMPATH\Boot.php(67): CodeIgniter\Boot::runCodeIgniter(Object(CodeIgniter\CodeIgniter))
15 FCPATH\index.php(56): CodeIgniter\Boot::bootWeb(Object(Config\Paths))
WARNING - 2026-05-16 12:30:54 --> [DEPRECATED] htmlspecialchars(): Passing null to parameter #1 ($string) of type string is deprecated in APPPATH\Views\office.php on line 39.
 1 APPPATH\Views\office.php(39): htmlspecialchars(null, 3, 'UTF-8')
 2 SYSTEMPATH\View\View.php(224): include('C:\\xampp\\htdocs\\gscgeavotingsystem\\app\\Views\\office.php')
 3 SYSTEMPATH\View\View.php(227): CodeIgniter\View\View->{closure:CodeIgniter\View\View::render():221}()
 4 SYSTEMPATH\Common.php(1173): CodeIgniter\View\View->render('office', [], true)
 5 APPPATH\Views\main.php(204): view('office', [])
 6 SYSTEMPATH\View\View.php(224): include('C:\\xampp\\htdocs\\gscgeavotingsystem\\app\\Views\\main.php')
 7 SYSTEMPATH\View\View.php(227): CodeIgniter\View\View->{closure:CodeIgniter\View\View::render():221}()
 8 SYSTEMPATH\Common.php(1173): CodeIgniter\View\View->render('main', [], true)
 9 APPPATH\Controllers\Office.php(83): view('main', [...])
10 SYSTEMPATH\CodeIgniter.php(933): App\Controllers\Office->getIndex()
11 SYSTEMPATH\CodeIgniter.php(507): CodeIgniter\CodeIgniter->runController(Object(App\Controllers\Office))
12 SYSTEMPATH\CodeIgniter.php(354): CodeIgniter\CodeIgniter->handleRequest(null, Object(Config\Cache), false)
13 SYSTEMPATH\Boot.php(334): CodeIgniter\CodeIgniter->run()
14 SYSTEMPATH\Boot.php(67): CodeIgniter\Boot::runCodeIgniter(Object(CodeIgniter\CodeIgniter))
15 FCPATH\index.php(56): CodeIgniter\Boot::bootWeb(Object(Config\Paths))
WARNING - 2026-05-16 12:30:54 --> [DEPRECATED] htmlspecialchars(): Passing null to parameter #1 ($string) of type string is deprecated in APPPATH\Views\office.php on line 40.
 1 APPPATH\Views\office.php(40): htmlspecialchars(null, 3, 'UTF-8')
 2 SYSTEMPATH\View\View.php(224): include('C:\\xampp\\htdocs\\gscgeavotingsystem\\app\\Views\\office.php')
 3 SYSTEMPATH\View\View.php(227): CodeIgniter\View\View->{closure:CodeIgniter\View\View::render():221}()
 4 SYSTEMPATH\Common.php(1173): CodeIgniter\View\View->render('office', [], true)
 5 APPPATH\Views\main.php(204): view('office', [])
 6 SYSTEMPATH\View\View.php(224): include('C:\\xampp\\htdocs\\gscgeavotingsystem\\app\\Views\\main.php')
 7 SYSTEMPATH\View\View.php(227): CodeIgniter\View\View->{closure:CodeIgniter\View\View::render():221}()
 8 SYSTEMPATH\Common.php(1173): CodeIgniter\View\View->render('main', [], true)
 9 APPPATH\Controllers\Office.php(83): view('main', [...])
10 SYSTEMPATH\CodeIgniter.php(933): App\Controllers\Office->getIndex()
11 SYSTEMPATH\CodeIgniter.php(507): CodeIgniter\CodeIgniter->runController(Object(App\Controllers\Office))
12 SYSTEMPATH\CodeIgniter.php(354): CodeIgniter\CodeIgniter->handleRequest(null, Object(Config\Cache), false)
13 SYSTEMPATH\Boot.php(334): CodeIgniter\CodeIgniter->run()
14 SYSTEMPATH\Boot.php(67): CodeIgniter\Boot::runCodeIgniter(Object(CodeIgniter\CodeIgniter))
15 FCPATH\index.php(56): CodeIgniter\Boot::bootWeb(Object(Config\Paths))
WARNING - 2026-05-16 12:30:54 --> [DEPRECATED] htmlspecialchars(): Passing null to parameter #1 ($string) of type string is deprecated in APPPATH\Views\office.php on line 39.
 1 APPPATH\Views\office.php(39): htmlspecialchars(null, 3, 'UTF-8')
 2 SYSTEMPATH\View\View.php(224): include('C:\\xampp\\htdocs\\gscgeavotingsystem\\app\\Views\\office.php')
 3 SYSTEMPATH\View\View.php(227): CodeIgniter\View\View->{closure:CodeIgniter\View\View::render():221}()
 4 SYSTEMPATH\Common.php(1173): CodeIgniter\View\View->render('office', [], true)
 5 APPPATH\Views\main.php(204): view('office', [])
 6 SYSTEMPATH\View\View.php(224): include('C:\\xampp\\htdocs\\gscgeavotingsystem\\app\\Views\\main.php')
 7 SYSTEMPATH\View\View.php(227): CodeIgniter\View\View->{closure:CodeIgniter\View\View::render():221}()
 8 SYSTEMPATH\Common.php(1173): CodeIgniter\View\View->render('main', [], true)
 9 APPPATH\Controllers\Office.php(83): view('main', [...])
10 SYSTEMPATH\CodeIgniter.php(933): App\Controllers\Office->getIndex()
11 SYSTEMPATH\CodeIgniter.php(507): CodeIgniter\CodeIgniter->runController(Object(App\Controllers\Office))
12 SYSTEMPATH\CodeIgniter.php(354): CodeIgniter\CodeIgniter->handleRequest(null, Object(Config\Cache), false)
13 SYSTEMPATH\Boot.php(334): CodeIgniter\CodeIgniter->run()
14 SYSTEMPATH\Boot.php(67): CodeIgniter\Boot::runCodeIgniter(Object(CodeIgniter\CodeIgniter))
15 FCPATH\index.php(56): CodeIgniter\Boot::bootWeb(Object(Config\Paths))
WARNING - 2026-05-16 12:30:54 --> [DEPRECATED] htmlspecialchars(): Passing null to parameter #1 ($string) of type string is deprecated in APPPATH\Views\office.php on line 40.
 1 APPPATH\Views\office.php(40): htmlspecialchars(null, 3, 'UTF-8')
 2 SYSTEMPATH\View\View.php(224): include('C:\\xampp\\htdocs\\gscgeavotingsystem\\app\\Views\\office.php')
 3 SYSTEMPATH\View\View.php(227): CodeIgniter\View\View->{closure:CodeIgniter\View\View::render():221}()
 4 SYSTEMPATH\Common.php(1173): CodeIgniter\View\View->render('office', [], true)
 5 APPPATH\Views\main.php(204): view('office', [])
 6 SYSTEMPATH\View\View.php(224): include('C:\\xampp\\htdocs\\gscgeavotingsystem\\app\\Views\\main.php')
 7 SYSTEMPATH\View\View.php(227): CodeIgniter\View\View->{closure:CodeIgniter\View\View::render():221}()
 8 SYSTEMPATH\Common.php(1173): CodeIgniter\View\View->render('main', [], true)
 9 APPPATH\Controllers\Office.php(83): view('main', [...])
10 SYSTEMPATH\CodeIgniter.php(933): App\Controllers\Office->getIndex()
11 SYSTEMPATH\CodeIgniter.php(507): CodeIgniter\CodeIgniter->runController(Object(App\Controllers\Office))
12 SYSTEMPATH\CodeIgniter.php(354): CodeIgniter\CodeIgniter->handleRequest(null, Object(Config\Cache), false)
13 SYSTEMPATH\Boot.php(334): CodeIgniter\CodeIgniter->run()
14 SYSTEMPATH\Boot.php(67): CodeIgniter\Boot::runCodeIgniter(Object(CodeIgniter\CodeIgniter))
15 FCPATH\index.php(56): CodeIgniter\Boot::bootWeb(Object(Config\Paths))
WARNING - 2026-05-16 12:30:54 --> [DEPRECATED] htmlspecialchars(): Passing null to parameter #1 ($string) of type string is deprecated in APPPATH\Views\office.php on line 39.
 1 APPPATH\Views\office.php(39): htmlspecialchars(null, 3, 'UTF-8')
 2 SYSTEMPATH\View\View.php(224): include('C:\\xampp\\htdocs\\gscgeavotingsystem\\app\\Views\\office.php')
 3 SYSTEMPATH\View\View.php(227): CodeIgniter\View\View->{closure:CodeIgniter\View\View::render():221}()
 4 SYSTEMPATH\Common.php(1173): CodeIgniter\View\View->render('office', [], true)
 5 APPPATH\Views\main.php(204): view('office', [])
 6 SYSTEMPATH\View\View.php(224): include('C:\\xampp\\htdocs\\gscgeavotingsystem\\app\\Views\\main.php')
 7 SYSTEMPATH\View\View.php(227): CodeIgniter\View\View->{closure:CodeIgniter\View\View::render():221}()
 8 SYSTEMPATH\Common.php(1173): CodeIgniter\View\View->render('main', [], true)
 9 APPPATH\Controllers\Office.php(83): view('main', [...])
10 SYSTEMPATH\CodeIgniter.php(933): App\Controllers\Office->getIndex()
11 SYSTEMPATH\CodeIgniter.php(507): CodeIgniter\CodeIgniter->runController(Object(App\Controllers\Office))
12 SYSTEMPATH\CodeIgniter.php(354): CodeIgniter\CodeIgniter->handleRequest(null, Object(Config\Cache), false)
13 SYSTEMPATH\Boot.php(334): CodeIgniter\CodeIgniter->run()
14 SYSTEMPATH\Boot.php(67): CodeIgniter\Boot::runCodeIgniter(Object(CodeIgniter\CodeIgniter))
15 FCPATH\index.php(56): CodeIgniter\Boot::bootWeb(Object(Config\Paths))
WARNING - 2026-05-16 12:30:54 --> [DEPRECATED] htmlspecialchars(): Passing null to parameter #1 ($string) of type string is deprecated in APPPATH\Views\office.php on line 40.
 1 APPPATH\Views\office.php(40): htmlspecialchars(null, 3, 'UTF-8')
 2 SYSTEMPATH\View\View.php(224): include('C:\\xampp\\htdocs\\gscgeavotingsystem\\app\\Views\\office.php')
 3 SYSTEMPATH\View\View.php(227): CodeIgniter\View\View->{closure:CodeIgniter\View\View::render():221}()
 4 SYSTEMPATH\Common.php(1173): CodeIgniter\View\View->render('office', [], true)
 5 APPPATH\Views\main.php(204): view('office', [])
 6 SYSTEMPATH\View\View.php(224): include('C:\\xampp\\htdocs\\gscgeavotingsystem\\app\\Views\\main.php')
 7 SYSTEMPATH\View\View.php(227): CodeIgniter\View\View->{closure:CodeIgniter\View\View::render():221}()
 8 SYSTEMPATH\Common.php(1173): CodeIgniter\View\View->render('main', [], true)
 9 APPPATH\Controllers\Office.php(83): view('main', [...])
10 SYSTEMPATH\CodeIgniter.php(933): App\Controllers\Office->getIndex()
11 SYSTEMPATH\CodeIgniter.php(507): CodeIgniter\CodeIgniter->runController(Object(App\Controllers\Office))
12 SYSTEMPATH\CodeIgniter.php(354): CodeIgniter\CodeIgniter->handleRequest(null, Object(Config\Cache), false)
13 SYSTEMPATH\Boot.php(334): CodeIgniter\CodeIgniter->run()
14 SYSTEMPATH\Boot.php(67): CodeIgniter\Boot::runCodeIgniter(Object(CodeIgniter\CodeIgniter))
15 FCPATH\index.php(56): CodeIgniter\Boot::bootWeb(Object(Config\Paths))
WARNING - 2026-05-16 12:30:54 --> [DEPRECATED] htmlspecialchars(): Passing null to parameter #1 ($string) of type string is deprecated in APPPATH\Views\office.php on line 39.
 1 APPPATH\Views\office.php(39): htmlspecialchars(null, 3, 'UTF-8')
 2 SYSTEMPATH\View\View.php(224): include('C:\\xampp\\htdocs\\gscgeavotingsystem\\app\\Views\\office.php')
 3 SYSTEMPATH\View\View.php(227): CodeIgniter\View\View->{closure:CodeIgniter\View\View::render():221}()
 4 SYSTEMPATH\Common.php(1173): CodeIgniter\View\View->render('office', [], true)
 5 APPPATH\Views\main.php(204): view('office', [])
 6 SYSTEMPATH\View\View.php(224): include('C:\\xampp\\htdocs\\gscgeavotingsystem\\app\\Views\\main.php')
 7 SYSTEMPATH\View\View.php(227): CodeIgniter\View\View->{closure:CodeIgniter\View\View::render():221}()
 8 SYSTEMPATH\Common.php(1173): CodeIgniter\View\View->render('main', [], true)
 9 APPPATH\Controllers\Office.php(83): view('main', [...])
10 SYSTEMPATH\CodeIgniter.php(933): App\Controllers\Office->getIndex()
11 SYSTEMPATH\CodeIgniter.php(507): CodeIgniter\CodeIgniter->runController(Object(App\Controllers\Office))
12 SYSTEMPATH\CodeIgniter.php(354): CodeIgniter\CodeIgniter->handleRequest(null, Object(Config\Cache), false)
13 SYSTEMPATH\Boot.php(334): CodeIgniter\CodeIgniter->run()
14 SYSTEMPATH\Boot.php(67): CodeIgniter\Boot::runCodeIgniter(Object(CodeIgniter\CodeIgniter))
15 FCPATH\index.php(56): CodeIgniter\Boot::bootWeb(Object(Config\Paths))
WARNING - 2026-05-16 12:30:54 --> [DEPRECATED] htmlspecialchars(): Passing null to parameter #1 ($string) of type string is deprecated in APPPATH\Views\office.php on line 40.
 1 APPPATH\Views\office.php(40): htmlspecialchars(null, 3, 'UTF-8')
 2 SYSTEMPATH\View\View.php(224): include('C:\\xampp\\htdocs\\gscgeavotingsystem\\app\\Views\\office.php')
 3 SYSTEMPATH\View\View.php(227): CodeIgniter\View\View->{closure:CodeIgniter\View\View::render():221}()
 4 SYSTEMPATH\Common.php(1173): CodeIgniter\View\View->render('office', [], true)
 5 APPPATH\Views\main.php(204): view('office', [])
 6 SYSTEMPATH\View\View.php(224): include('C:\\xampp\\htdocs\\gscgeavotingsystem\\app\\Views\\main.php')
 7 SYSTEMPATH\View\View.php(227): CodeIgniter\View\View->{closure:CodeIgniter\View\View::render():221}()
 8 SYSTEMPATH\Common.php(1173): CodeIgniter\View\View->render('main', [], true)
 9 APPPATH\Controllers\Office.php(83): view('main', [...])
10 SYSTEMPATH\CodeIgniter.php(933): App\Controllers\Office->getIndex()
11 SYSTEMPATH\CodeIgniter.php(507): CodeIgniter\CodeIgniter->runController(Object(App\Controllers\Office))
12 SYSTEMPATH\CodeIgniter.php(354): CodeIgniter\CodeIgniter->handleRequest(null, Object(Config\Cache), false)
13 SYSTEMPATH\Boot.php(334): CodeIgniter\CodeIgniter->run()
14 SYSTEMPATH\Boot.php(67): CodeIgniter\Boot::runCodeIgniter(Object(CodeIgniter\CodeIgniter))
15 FCPATH\index.php(56): CodeIgniter\Boot::bootWeb(Object(Config\Paths))
WARNING - 2026-05-16 12:30:54 --> [DEPRECATED] htmlspecialchars(): Passing null to parameter #1 ($string) of type string is deprecated in APPPATH\Views\office.php on line 39.
 1 APPPATH\Views\office.php(39): htmlspecialchars(null, 3, 'UTF-8')
 2 SYSTEMPATH\View\View.php(224): include('C:\\xampp\\htdocs\\gscgeavotingsystem\\app\\Views\\office.php')
 3 SYSTEMPATH\View\View.php(227): CodeIgniter\View\View->{closure:CodeIgniter\View\View::render():221}()
 4 SYSTEMPATH\Common.php(1173): CodeIgniter\View\View->render('office', [], true)
 5 APPPATH\Views\main.php(204): view('office', [])
 6 SYSTEMPATH\View\View.php(224): include('C:\\xampp\\htdocs\\gscgeavotingsystem\\app\\Views\\main.php')
 7 SYSTEMPATH\View\View.php(227): CodeIgniter\View\View->{closure:CodeIgniter\View\View::render():221}()
 8 SYSTEMPATH\Common.php(1173): CodeIgniter\View\View->render('main', [], true)
 9 APPPATH\Controllers\Office.php(83): view('main', [...])
10 SYSTEMPATH\CodeIgniter.php(933): App\Controllers\Office->getIndex()
11 SYSTEMPATH\CodeIgniter.php(507): CodeIgniter\CodeIgniter->runController(Object(App\Controllers\Office))
12 SYSTEMPATH\CodeIgniter.php(354): CodeIgniter\CodeIgniter->handleRequest(null, Object(Config\Cache), false)
13 SYSTEMPATH\Boot.php(334): CodeIgniter\CodeIgniter->run()
14 SYSTEMPATH\Boot.php(67): CodeIgniter\Boot::runCodeIgniter(Object(CodeIgniter\CodeIgniter))
15 FCPATH\index.php(56): CodeIgniter\Boot::bootWeb(Object(Config\Paths))
WARNING - 2026-05-16 12:30:54 --> [DEPRECATED] htmlspecialchars(): Passing null to parameter #1 ($string) of type string is deprecated in APPPATH\Views\office.php on line 40.
 1 APPPATH\Views\office.php(40): htmlspecialchars(null, 3, 'UTF-8')
 2 SYSTEMPATH\View\View.php(224): include('C:\\xampp\\htdocs\\gscgeavotingsystem\\app\\Views\\office.php')
 3 SYSTEMPATH\View\View.php(227): CodeIgniter\View\View->{closure:CodeIgniter\View\View::render():221}()
 4 SYSTEMPATH\Common.php(1173): CodeIgniter\View\View->render('office', [], true)
 5 APPPATH\Views\main.php(204): view('office', [])
 6 SYSTEMPATH\View\View.php(224): include('C:\\xampp\\htdocs\\gscgeavotingsystem\\app\\Views\\main.php')
 7 SYSTEMPATH\View\View.php(227): CodeIgniter\View\View->{closure:CodeIgniter\View\View::render():221}()
 8 SYSTEMPATH\Common.php(1173): CodeIgniter\View\View->render('main', [], true)
 9 APPPATH\Controllers\Office.php(83): view('main', [...])
10 SYSTEMPATH\CodeIgniter.php(933): App\Controllers\Office->getIndex()
11 SYSTEMPATH\CodeIgniter.php(507): CodeIgniter\CodeIgniter->runController(Object(App\Controllers\Office))
12 SYSTEMPATH\CodeIgniter.php(354): CodeIgniter\CodeIgniter->handleRequest(null, Object(Config\Cache), false)
13 SYSTEMPATH\Boot.php(334): CodeIgniter\CodeIgniter->run()
14 SYSTEMPATH\Boot.php(67): CodeIgniter\Boot::runCodeIgniter(Object(CodeIgniter\CodeIgniter))
15 FCPATH\index.php(56): CodeIgniter\Boot::bootWeb(Object(Config\Paths))
WARNING - 2026-05-16 12:30:54 --> [DEPRECATED] htmlspecialchars(): Passing null to parameter #1 ($string) of type string is deprecated in APPPATH\Views\office.php on line 39.
 1 APPPATH\Views\office.php(39): htmlspecialchars(null, 3, 'UTF-8')
 2 SYSTEMPATH\View\View.php(224): include('C:\\xampp\\htdocs\\gscgeavotingsystem\\app\\Views\\office.php')
 3 SYSTEMPATH\View\View.php(227): CodeIgniter\View\View->{closure:CodeIgniter\View\View::render():221}()
 4 SYSTEMPATH\Common.php(1173): CodeIgniter\View\View->render('office', [], true)
 5 APPPATH\Views\main.php(204): view('office', [])
 6 SYSTEMPATH\View\View.php(224): include('C:\\xampp\\htdocs\\gscgeavotingsystem\\app\\Views\\main.php')
 7 SYSTEMPATH\View\View.php(227): CodeIgniter\View\View->{closure:CodeIgniter\View\View::render():221}()
 8 SYSTEMPATH\Common.php(1173): CodeIgniter\View\View->render('main', [], true)
 9 APPPATH\Controllers\Office.php(83): view('main', [...])
10 SYSTEMPATH\CodeIgniter.php(933): App\Controllers\Office->getIndex()
11 SYSTEMPATH\CodeIgniter.php(507): CodeIgniter\CodeIgniter->runController(Object(App\Controllers\Office))
12 SYSTEMPATH\CodeIgniter.php(354): CodeIgniter\CodeIgniter->handleRequest(null, Object(Config\Cache), false)
13 SYSTEMPATH\Boot.php(334): CodeIgniter\CodeIgniter->run()
14 SYSTEMPATH\Boot.php(67): CodeIgniter\Boot::runCodeIgniter(Object(CodeIgniter\CodeIgniter))
15 FCPATH\index.php(56): CodeIgniter\Boot::bootWeb(Object(Config\Paths))
WARNING - 2026-05-16 12:30:54 --> [DEPRECATED] htmlspecialchars(): Passing null to parameter #1 ($string) of type string is deprecated in APPPATH\Views\office.php on line 40.
 1 APPPATH\Views\office.php(40): htmlspecialchars(null, 3, 'UTF-8')
 2 SYSTEMPATH\View\View.php(224): include('C:\\xampp\\htdocs\\gscgeavotingsystem\\app\\Views\\office.php')
 3 SYSTEMPATH\View\View.php(227): CodeIgniter\View\View->{closure:CodeIgniter\View\View::render():221}()
 4 SYSTEMPATH\Common.php(1173): CodeIgniter\View\View->render('office', [], true)
 5 APPPATH\Views\main.php(204): view('office', [])
 6 SYSTEMPATH\View\View.php(224): include('C:\\xampp\\htdocs\\gscgeavotingsystem\\app\\Views\\main.php')
 7 SYSTEMPATH\View\View.php(227): CodeIgniter\View\View->{closure:CodeIgniter\View\View::render():221}()
 8 SYSTEMPATH\Common.php(1173): CodeIgniter\View\View->render('main', [], true)
 9 APPPATH\Controllers\Office.php(83): view('main', [...])
10 SYSTEMPATH\CodeIgniter.php(933): App\Controllers\Office->getIndex()
11 SYSTEMPATH\CodeIgniter.php(507): CodeIgniter\CodeIgniter->runController(Object(App\Controllers\Office))
12 SYSTEMPATH\CodeIgniter.php(354): CodeIgniter\CodeIgniter->handleRequest(null, Object(Config\Cache), false)
13 SYSTEMPATH\Boot.php(334): CodeIgniter\CodeIgniter->run()
14 SYSTEMPATH\Boot.php(67): CodeIgniter\Boot::runCodeIgniter(Object(CodeIgniter\CodeIgniter))
15 FCPATH\index.php(56): CodeIgniter\Boot::bootWeb(Object(Config\Paths))
WARNING - 2026-05-16 12:30:54 --> [DEPRECATED] htmlspecialchars(): Passing null to parameter #1 ($string) of type string is deprecated in APPPATH\Views\office.php on line 39.
 1 APPPATH\Views\office.php(39): htmlspecialchars(null, 3, 'UTF-8')
 2 SYSTEMPATH\View\View.php(224): include('C:\\xampp\\htdocs\\gscgeavotingsystem\\app\\Views\\office.php')
 3 SYSTEMPATH\View\View.php(227): CodeIgniter\View\View->{closure:CodeIgniter\View\View::render():221}()
 4 SYSTEMPATH\Common.php(1173): CodeIgniter\View\View->render('office', [], true)
 5 APPPATH\Views\main.php(204): view('office', [])
 6 SYSTEMPATH\View\View.php(224): include('C:\\xampp\\htdocs\\gscgeavotingsystem\\app\\Views\\main.php')
 7 SYSTEMPATH\View\View.php(227): CodeIgniter\View\View->{closure:CodeIgniter\View\View::render():221}()
 8 SYSTEMPATH\Common.php(1173): CodeIgniter\View\View->render('main', [], true)
 9 APPPATH\Controllers\Office.php(83): view('main', [...])
10 SYSTEMPATH\CodeIgniter.php(933): App\Controllers\Office->getIndex()
11 SYSTEMPATH\CodeIgniter.php(507): CodeIgniter\CodeIgniter->runController(Object(App\Controllers\Office))
12 SYSTEMPATH\CodeIgniter.php(354): CodeIgniter\CodeIgniter->handleRequest(null, Object(Config\Cache), false)
13 SYSTEMPATH\Boot.php(334): CodeIgniter\CodeIgniter->run()
14 SYSTEMPATH\Boot.php(67): CodeIgniter\Boot::runCodeIgniter(Object(CodeIgniter\CodeIgniter))
15 FCPATH\index.php(56): CodeIgniter\Boot::bootWeb(Object(Config\Paths))
WARNING - 2026-05-16 12:30:54 --> [DEPRECATED] htmlspecialchars(): Passing null to parameter #1 ($string) of type string is deprecated in APPPATH\Views\office.php on line 40.
 1 APPPATH\Views\office.php(40): htmlspecialchars(null, 3, 'UTF-8')
 2 SYSTEMPATH\View\View.php(224): include('C:\\xampp\\htdocs\\gscgeavotingsystem\\app\\Views\\office.php')
 3 SYSTEMPATH\View\View.php(227): CodeIgniter\View\View->{closure:CodeIgniter\View\View::render():221}()
 4 SYSTEMPATH\Common.php(1173): CodeIgniter\View\View->render('office', [], true)
 5 APPPATH\Views\main.php(204): view('office', [])
 6 SYSTEMPATH\View\View.php(224): include('C:\\xampp\\htdocs\\gscgeavotingsystem\\app\\Views\\main.php')
 7 SYSTEMPATH\View\View.php(227): CodeIgniter\View\View->{closure:CodeIgniter\View\View::render():221}()
 8 SYSTEMPATH\Common.php(1173): CodeIgniter\View\View->render('main', [], true)
 9 APPPATH\Controllers\Office.php(83): view('main', [...])
10 SYSTEMPATH\CodeIgniter.php(933): App\Controllers\Office->getIndex()
11 SYSTEMPATH\CodeIgniter.php(507): CodeIgniter\CodeIgniter->runController(Object(App\Controllers\Office))
12 SYSTEMPATH\CodeIgniter.php(354): CodeIgniter\CodeIgniter->handleRequest(null, Object(Config\Cache), false)
13 SYSTEMPATH\Boot.php(334): CodeIgniter\CodeIgniter->run()
14 SYSTEMPATH\Boot.php(67): CodeIgniter\Boot::runCodeIgniter(Object(CodeIgniter\CodeIgniter))
15 FCPATH\index.php(56): CodeIgniter\Boot::bootWeb(Object(Config\Paths))
WARNING - 2026-05-16 12:30:54 --> [DEPRECATED] htmlspecialchars(): Passing null to parameter #1 ($string) of type string is deprecated in APPPATH\Views\office.php on line 39.
 1 APPPATH\Views\office.php(39): htmlspecialchars(null, 3, 'UTF-8')
 2 SYSTEMPATH\View\View.php(224): include('C:\\xampp\\htdocs\\gscgeavotingsystem\\app\\Views\\office.php')
 3 SYSTEMPATH\View\View.php(227): CodeIgniter\View\View->{closure:CodeIgniter\View\View::render():221}()
 4 SYSTEMPATH\Common.php(1173): CodeIgniter\View\View->render('office', [], true)
 5 APPPATH\Views\main.php(204): view('office', [])
 6 SYSTEMPATH\View\View.php(224): include('C:\\xampp\\htdocs\\gscgeavotingsystem\\app\\Views\\main.php')
 7 SYSTEMPATH\View\View.php(227): CodeIgniter\View\View->{closure:CodeIgniter\View\View::render():221}()
 8 SYSTEMPATH\Common.php(1173): CodeIgniter\View\View->render('main', [], true)
 9 APPPATH\Controllers\Office.php(83): view('main', [...])
10 SYSTEMPATH\CodeIgniter.php(933): App\Controllers\Office->getIndex()
11 SYSTEMPATH\CodeIgniter.php(507): CodeIgniter\CodeIgniter->runController(Object(App\Controllers\Office))
12 SYSTEMPATH\CodeIgniter.php(354): CodeIgniter\CodeIgniter->handleRequest(null, Object(Config\Cache), false)
13 SYSTEMPATH\Boot.php(334): CodeIgniter\CodeIgniter->run()
14 SYSTEMPATH\Boot.php(67): CodeIgniter\Boot::runCodeIgniter(Object(CodeIgniter\CodeIgniter))
15 FCPATH\index.php(56): CodeIgniter\Boot::bootWeb(Object(Config\Paths))
WARNING - 2026-05-16 12:30:54 --> [DEPRECATED] htmlspecialchars(): Passing null to parameter #1 ($string) of type string is deprecated in APPPATH\Views\office.php on line 40.
 1 APPPATH\Views\office.php(40): htmlspecialchars(null, 3, 'UTF-8')
 2 SYSTEMPATH\View\View.php(224): include('C:\\xampp\\htdocs\\gscgeavotingsystem\\app\\Views\\office.php')
 3 SYSTEMPATH\View\View.php(227): CodeIgniter\View\View->{closure:CodeIgniter\View\View::render():221}()
 4 SYSTEMPATH\Common.php(1173): CodeIgniter\View\View->render('office', [], true)
 5 APPPATH\Views\main.php(204): view('office', [])
 6 SYSTEMPATH\View\View.php(224): include('C:\\xampp\\htdocs\\gscgeavotingsystem\\app\\Views\\main.php')
 7 SYSTEMPATH\View\View.php(227): CodeIgniter\View\View->{closure:CodeIgniter\View\View::render():221}()
 8 SYSTEMPATH\Common.php(1173): CodeIgniter\View\View->render('main', [], true)
 9 APPPATH\Controllers\Office.php(83): view('main', [...])
10 SYSTEMPATH\CodeIgniter.php(933): App\Controllers\Office->getIndex()
11 SYSTEMPATH\CodeIgniter.php(507): CodeIgniter\CodeIgniter->runController(Object(App\Controllers\Office))
12 SYSTEMPATH\CodeIgniter.php(354): CodeIgniter\CodeIgniter->handleRequest(null, Object(Config\Cache), false)
13 SYSTEMPATH\Boot.php(334): CodeIgniter\CodeIgniter->run()
14 SYSTEMPATH\Boot.php(67): CodeIgniter\Boot::runCodeIgniter(Object(CodeIgniter\CodeIgniter))
15 FCPATH\index.php(56): CodeIgniter\Boot::bootWeb(Object(Config\Paths))
WARNING - 2026-05-16 12:30:54 --> [DEPRECATED] htmlspecialchars(): Passing null to parameter #1 ($string) of type string is deprecated in APPPATH\Views\office.php on line 39.
 1 APPPATH\Views\office.php(39): htmlspecialchars(null, 3, 'UTF-8')
 2 SYSTEMPATH\View\View.php(224): include('C:\\xampp\\htdocs\\gscgeavotingsystem\\app\\Views\\office.php')
 3 SYSTEMPATH\View\View.php(227): CodeIgniter\View\View->{closure:CodeIgniter\View\View::render():221}()
 4 SYSTEMPATH\Common.php(1173): CodeIgniter\View\View->render('office', [], true)
 5 APPPATH\Views\main.php(204): view('office', [])
 6 SYSTEMPATH\View\View.php(224): include('C:\\xampp\\htdocs\\gscgeavotingsystem\\app\\Views\\main.php')
 7 SYSTEMPATH\View\View.php(227): CodeIgniter\View\View->{closure:CodeIgniter\View\View::render():221}()
 8 SYSTEMPATH\Common.php(1173): CodeIgniter\View\View->render('main', [], true)
 9 APPPATH\Controllers\Office.php(83): view('main', [...])
10 SYSTEMPATH\CodeIgniter.php(933): App\Controllers\Office->getIndex()
11 SYSTEMPATH\CodeIgniter.php(507): CodeIgniter\CodeIgniter->runController(Object(App\Controllers\Office))
12 SYSTEMPATH\CodeIgniter.php(354): CodeIgniter\CodeIgniter->handleRequest(null, Object(Config\Cache), false)
13 SYSTEMPATH\Boot.php(334): CodeIgniter\CodeIgniter->run()
14 SYSTEMPATH\Boot.php(67): CodeIgniter\Boot::runCodeIgniter(Object(CodeIgniter\CodeIgniter))
15 FCPATH\index.php(56): CodeIgniter\Boot::bootWeb(Object(Config\Paths))
WARNING - 2026-05-16 12:30:54 --> [DEPRECATED] htmlspecialchars(): Passing null to parameter #1 ($string) of type string is deprecated in APPPATH\Views\office.php on line 40.
 1 APPPATH\Views\office.php(40): htmlspecialchars(null, 3, 'UTF-8')
 2 SYSTEMPATH\View\View.php(224): include('C:\\xampp\\htdocs\\gscgeavotingsystem\\app\\Views\\office.php')
 3 SYSTEMPATH\View\View.php(227): CodeIgniter\View\View->{closure:CodeIgniter\View\View::render():221}()
 4 SYSTEMPATH\Common.php(1173): CodeIgniter\View\View->render('office', [], true)
 5 APPPATH\Views\main.php(204): view('office', [])
 6 SYSTEMPATH\View\View.php(224): include('C:\\xampp\\htdocs\\gscgeavotingsystem\\app\\Views\\main.php')
 7 SYSTEMPATH\View\View.php(227): CodeIgniter\View\View->{closure:CodeIgniter\View\View::render():221}()
 8 SYSTEMPATH\Common.php(1173): CodeIgniter\View\View->render('main', [], true)
 9 APPPATH\Controllers\Office.php(83): view('main', [...])
10 SYSTEMPATH\CodeIgniter.php(933): App\Controllers\Office->getIndex()
11 SYSTEMPATH\CodeIgniter.php(507): CodeIgniter\CodeIgniter->runController(Object(App\Controllers\Office))
12 SYSTEMPATH\CodeIgniter.php(354): CodeIgniter\CodeIgniter->handleRequest(null, Object(Config\Cache), false)
13 SYSTEMPATH\Boot.php(334): CodeIgniter\CodeIgniter->run()
14 SYSTEMPATH\Boot.php(67): CodeIgniter\Boot::runCodeIgniter(Object(CodeIgniter\CodeIgniter))
15 FCPATH\index.php(56): CodeIgniter\Boot::bootWeb(Object(Config\Paths))
WARNING - 2026-05-16 12:30:54 --> [DEPRECATED] htmlspecialchars(): Passing null to parameter #1 ($string) of type string is deprecated in APPPATH\Views\office.php on line 39.
 1 APPPATH\Views\office.php(39): htmlspecialchars(null, 3, 'UTF-8')
 2 SYSTEMPATH\View\View.php(224): include('C:\\xampp\\htdocs\\gscgeavotingsystem\\app\\Views\\office.php')
 3 SYSTEMPATH\View\View.php(227): CodeIgniter\View\View->{closure:CodeIgniter\View\View::render():221}()
 4 SYSTEMPATH\Common.php(1173): CodeIgniter\View\View->render('office', [], true)
 5 APPPATH\Views\main.php(204): view('office', [])
 6 SYSTEMPATH\View\View.php(224): include('C:\\xampp\\htdocs\\gscgeavotingsystem\\app\\Views\\main.php')
 7 SYSTEMPATH\View\View.php(227): CodeIgniter\View\View->{closure:CodeIgniter\View\View::render():221}()
 8 SYSTEMPATH\Common.php(1173): CodeIgniter\View\View->render('main', [], true)
 9 APPPATH\Controllers\Office.php(83): view('main', [...])
10 SYSTEMPATH\CodeIgniter.php(933): App\Controllers\Office->getIndex()
11 SYSTEMPATH\CodeIgniter.php(507): CodeIgniter\CodeIgniter->runController(Object(App\Controllers\Office))
12 SYSTEMPATH\CodeIgniter.php(354): CodeIgniter\CodeIgniter->handleRequest(null, Object(Config\Cache), false)
13 SYSTEMPATH\Boot.php(334): CodeIgniter\CodeIgniter->run()
14 SYSTEMPATH\Boot.php(67): CodeIgniter\Boot::runCodeIgniter(Object(CodeIgniter\CodeIgniter))
15 FCPATH\index.php(56): CodeIgniter\Boot::bootWeb(Object(Config\Paths))
WARNING - 2026-05-16 12:30:54 --> [DEPRECATED] htmlspecialchars(): Passing null to parameter #1 ($string) of type string is deprecated in APPPATH\Views\office.php on line 40.
 1 APPPATH\Views\office.php(40): htmlspecialchars(null, 3, 'UTF-8')
 2 SYSTEMPATH\View\View.php(224): include('C:\\xampp\\htdocs\\gscgeavotingsystem\\app\\Views\\office.php')
 3 SYSTEMPATH\View\View.php(227): CodeIgniter\View\View->{closure:CodeIgniter\View\View::render():221}()
 4 SYSTEMPATH\Common.php(1173): CodeIgniter\View\View->render('office', [], true)
 5 APPPATH\Views\main.php(204): view('office', [])
 6 SYSTEMPATH\View\View.php(224): include('C:\\xampp\\htdocs\\gscgeavotingsystem\\app\\Views\\main.php')
 7 SYSTEMPATH\View\View.php(227): CodeIgniter\View\View->{closure:CodeIgniter\View\View::render():221}()
 8 SYSTEMPATH\Common.php(1173): CodeIgniter\View\View->render('main', [], true)
 9 APPPATH\Controllers\Office.php(83): view('main', [...])
10 SYSTEMPATH\CodeIgniter.php(933): App\Controllers\Office->getIndex()
11 SYSTEMPATH\CodeIgniter.php(507): CodeIgniter\CodeIgniter->runController(Object(App\Controllers\Office))
12 SYSTEMPATH\CodeIgniter.php(354): CodeIgniter\CodeIgniter->handleRequest(null, Object(Config\Cache), false)
13 SYSTEMPATH\Boot.php(334): CodeIgniter\CodeIgniter->run()
14 SYSTEMPATH\Boot.php(67): CodeIgniter\Boot::runCodeIgniter(Object(CodeIgniter\CodeIgniter))
15 FCPATH\index.php(56): CodeIgniter\Boot::bootWeb(Object(Config\Paths))
WARNING - 2026-05-16 12:30:54 --> [DEPRECATED] htmlspecialchars(): Passing null to parameter #1 ($string) of type string is deprecated in APPPATH\Views\office.php on line 39.
 1 APPPATH\Views\office.php(39): htmlspecialchars(null, 3, 'UTF-8')
 2 SYSTEMPATH\View\View.php(224): include('C:\\xampp\\htdocs\\gscgeavotingsystem\\app\\Views\\office.php')
 3 SYSTEMPATH\View\View.php(227): CodeIgniter\View\View->{closure:CodeIgniter\View\View::render():221}()
 4 SYSTEMPATH\Common.php(1173): CodeIgniter\View\View->render('office', [], true)
 5 APPPATH\Views\main.php(204): view('office', [])
 6 SYSTEMPATH\View\View.php(224): include('C:\\xampp\\htdocs\\gscgeavotingsystem\\app\\Views\\main.php')
 7 SYSTEMPATH\View\View.php(227): CodeIgniter\View\View->{closure:CodeIgniter\View\View::render():221}()
 8 SYSTEMPATH\Common.php(1173): CodeIgniter\View\View->render('main', [], true)
 9 APPPATH\Controllers\Office.php(83): view('main', [...])
10 SYSTEMPATH\CodeIgniter.php(933): App\Controllers\Office->getIndex()
11 SYSTEMPATH\CodeIgniter.php(507): CodeIgniter\CodeIgniter->runController(Object(App\Controllers\Office))
12 SYSTEMPATH\CodeIgniter.php(354): CodeIgniter\CodeIgniter->handleRequest(null, Object(Config\Cache), false)
13 SYSTEMPATH\Boot.php(334): CodeIgniter\CodeIgniter->run()
14 SYSTEMPATH\Boot.php(67): CodeIgniter\Boot::runCodeIgniter(Object(CodeIgniter\CodeIgniter))
15 FCPATH\index.php(56): CodeIgniter\Boot::bootWeb(Object(Config\Paths))
WARNING - 2026-05-16 12:30:54 --> [DEPRECATED] htmlspecialchars(): Passing null to parameter #1 ($string) of type string is deprecated in APPPATH\Views\office.php on line 40.
 1 APPPATH\Views\office.php(40): htmlspecialchars(null, 3, 'UTF-8')
 2 SYSTEMPATH\View\View.php(224): include('C:\\xampp\\htdocs\\gscgeavotingsystem\\app\\Views\\office.php')
 3 SYSTEMPATH\View\View.php(227): CodeIgniter\View\View->{closure:CodeIgniter\View\View::render():221}()
 4 SYSTEMPATH\Common.php(1173): CodeIgniter\View\View->render('office', [], true)
 5 APPPATH\Views\main.php(204): view('office', [])
 6 SYSTEMPATH\View\View.php(224): include('C:\\xampp\\htdocs\\gscgeavotingsystem\\app\\Views\\main.php')
 7 SYSTEMPATH\View\View.php(227): CodeIgniter\View\View->{closure:CodeIgniter\View\View::render():221}()
 8 SYSTEMPATH\Common.php(1173): CodeIgniter\View\View->render('main', [], true)
 9 APPPATH\Controllers\Office.php(83): view('main', [...])
10 SYSTEMPATH\CodeIgniter.php(933): App\Controllers\Office->getIndex()
11 SYSTEMPATH\CodeIgniter.php(507): CodeIgniter\CodeIgniter->runController(Object(App\Controllers\Office))
12 SYSTEMPATH\CodeIgniter.php(354): CodeIgniter\CodeIgniter->handleRequest(null, Object(Config\Cache), false)
13 SYSTEMPATH\Boot.php(334): CodeIgniter\CodeIgniter->run()
14 SYSTEMPATH\Boot.php(67): CodeIgniter\Boot::runCodeIgniter(Object(CodeIgniter\CodeIgniter))
15 FCPATH\index.php(56): CodeIgniter\Boot::bootWeb(Object(Config\Paths))
WARNING - 2026-05-16 12:30:54 --> [DEPRECATED] htmlspecialchars(): Passing null to parameter #1 ($string) of type string is deprecated in APPPATH\Views\office.php on line 39.
 1 APPPATH\Views\office.php(39): htmlspecialchars(null, 3, 'UTF-8')
 2 SYSTEMPATH\View\View.php(224): include('C:\\xampp\\htdocs\\gscgeavotingsystem\\app\\Views\\office.php')
 3 SYSTEMPATH\View\View.php(227): CodeIgniter\View\View->{closure:CodeIgniter\View\View::render():221}()
 4 SYSTEMPATH\Common.php(1173): CodeIgniter\View\View->render('office', [], true)
 5 APPPATH\Views\main.php(204): view('office', [])
 6 SYSTEMPATH\View\View.php(224): include('C:\\xampp\\htdocs\\gscgeavotingsystem\\app\\Views\\main.php')
 7 SYSTEMPATH\View\View.php(227): CodeIgniter\View\View->{closure:CodeIgniter\View\View::render():221}()
 8 SYSTEMPATH\Common.php(1173): CodeIgniter\View\View->render('main', [], true)
 9 APPPATH\Controllers\Office.php(83): view('main', [...])
10 SYSTEMPATH\CodeIgniter.php(933): App\Controllers\Office->getIndex()
11 SYSTEMPATH\CodeIgniter.php(507): CodeIgniter\CodeIgniter->runController(Object(App\Controllers\Office))
12 SYSTEMPATH\CodeIgniter.php(354): CodeIgniter\CodeIgniter->handleRequest(null, Object(Config\Cache), false)
13 SYSTEMPATH\Boot.php(334): CodeIgniter\CodeIgniter->run()
14 SYSTEMPATH\Boot.php(67): CodeIgniter\Boot::runCodeIgniter(Object(CodeIgniter\CodeIgniter))
15 FCPATH\index.php(56): CodeIgniter\Boot::bootWeb(Object(Config\Paths))
WARNING - 2026-05-16 12:30:54 --> [DEPRECATED] htmlspecialchars(): Passing null to parameter #1 ($string) of type string is deprecated in APPPATH\Views\office.php on line 40.
 1 APPPATH\Views\office.php(40): htmlspecialchars(null, 3, 'UTF-8')
 2 SYSTEMPATH\View\View.php(224): include('C:\\xampp\\htdocs\\gscgeavotingsystem\\app\\Views\\office.php')
 3 SYSTEMPATH\View\View.php(227): CodeIgniter\View\View->{closure:CodeIgniter\View\View::render():221}()
 4 SYSTEMPATH\Common.php(1173): CodeIgniter\View\View->render('office', [], true)
 5 APPPATH\Views\main.php(204): view('office', [])
 6 SYSTEMPATH\View\View.php(224): include('C:\\xampp\\htdocs\\gscgeavotingsystem\\app\\Views\\main.php')
 7 SYSTEMPATH\View\View.php(227): CodeIgniter\View\View->{closure:CodeIgniter\View\View::render():221}()
 8 SYSTEMPATH\Common.php(1173): CodeIgniter\View\View->render('main', [], true)
 9 APPPATH\Controllers\Office.php(83): view('main', [...])
10 SYSTEMPATH\CodeIgniter.php(933): App\Controllers\Office->getIndex()
11 SYSTEMPATH\CodeIgniter.php(507): CodeIgniter\CodeIgniter->runController(Object(App\Controllers\Office))
12 SYSTEMPATH\CodeIgniter.php(354): CodeIgniter\CodeIgniter->handleRequest(null, Object(Config\Cache), false)
13 SYSTEMPATH\Boot.php(334): CodeIgniter\CodeIgniter->run()
14 SYSTEMPATH\Boot.php(67): CodeIgniter\Boot::runCodeIgniter(Object(CodeIgniter\CodeIgniter))
15 FCPATH\index.php(56): CodeIgniter\Boot::bootWeb(Object(Config\Paths))
WARNING - 2026-05-16 12:30:54 --> [DEPRECATED] htmlspecialchars(): Passing null to parameter #1 ($string) of type string is deprecated in APPPATH\Views\office.php on line 39.
 1 APPPATH\Views\office.php(39): htmlspecialchars(null, 3, 'UTF-8')
 2 SYSTEMPATH\View\View.php(224): include('C:\\xampp\\htdocs\\gscgeavotingsystem\\app\\Views\\office.php')
 3 SYSTEMPATH\View\View.php(227): CodeIgniter\View\View->{closure:CodeIgniter\View\View::render():221}()
 4 SYSTEMPATH\Common.php(1173): CodeIgniter\View\View->render('office', [], true)
 5 APPPATH\Views\main.php(204): view('office', [])
 6 SYSTEMPATH\View\View.php(224): include('C:\\xampp\\htdocs\\gscgeavotingsystem\\app\\Views\\main.php')
 7 SYSTEMPATH\View\View.php(227): CodeIgniter\View\View->{closure:CodeIgniter\View\View::render():221}()
 8 SYSTEMPATH\Common.php(1173): CodeIgniter\View\View->render('main', [], true)
 9 APPPATH\Controllers\Office.php(83): view('main', [...])
10 SYSTEMPATH\CodeIgniter.php(933): App\Controllers\Office->getIndex()
11 SYSTEMPATH\CodeIgniter.php(507): CodeIgniter\CodeIgniter->runController(Object(App\Controllers\Office))
12 SYSTEMPATH\CodeIgniter.php(354): CodeIgniter\CodeIgniter->handleRequest(null, Object(Config\Cache), false)
13 SYSTEMPATH\Boot.php(334): CodeIgniter\CodeIgniter->run()
14 SYSTEMPATH\Boot.php(67): CodeIgniter\Boot::runCodeIgniter(Object(CodeIgniter\CodeIgniter))
15 FCPATH\index.php(56): CodeIgniter\Boot::bootWeb(Object(Config\Paths))
WARNING - 2026-05-16 12:30:54 --> [DEPRECATED] htmlspecialchars(): Passing null to parameter #1 ($string) of type string is deprecated in APPPATH\Views\office.php on line 40.
 1 APPPATH\Views\office.php(40): htmlspecialchars(null, 3, 'UTF-8')
 2 SYSTEMPATH\View\View.php(224): include('C:\\xampp\\htdocs\\gscgeavotingsystem\\app\\Views\\office.php')
 3 SYSTEMPATH\View\View.php(227): CodeIgniter\View\View->{closure:CodeIgniter\View\View::render():221}()
 4 SYSTEMPATH\Common.php(1173): CodeIgniter\View\View->render('office', [], true)
 5 APPPATH\Views\main.php(204): view('office', [])
 6 SYSTEMPATH\View\View.php(224): include('C:\\xampp\\htdocs\\gscgeavotingsystem\\app\\Views\\main.php')
 7 SYSTEMPATH\View\View.php(227): CodeIgniter\View\View->{closure:CodeIgniter\View\View::render():221}()
 8 SYSTEMPATH\Common.php(1173): CodeIgniter\View\View->render('main', [], true)
 9 APPPATH\Controllers\Office.php(83): view('main', [...])
10 SYSTEMPATH\CodeIgniter.php(933): App\Controllers\Office->getIndex()
11 SYSTEMPATH\CodeIgniter.php(507): CodeIgniter\CodeIgniter->runController(Object(App\Controllers\Office))
12 SYSTEMPATH\CodeIgniter.php(354): CodeIgniter\CodeIgniter->handleRequest(null, Object(Config\Cache), false)
13 SYSTEMPATH\Boot.php(334): CodeIgniter\CodeIgniter->run()
14 SYSTEMPATH\Boot.php(67): CodeIgniter\Boot::runCodeIgniter(Object(CodeIgniter\CodeIgniter))
15 FCPATH\index.php(56): CodeIgniter\Boot::bootWeb(Object(Config\Paths))
WARNING - 2026-05-16 12:30:54 --> [DEPRECATED] htmlspecialchars(): Passing null to parameter #1 ($string) of type string is deprecated in APPPATH\Views\office.php on line 39.
 1 APPPATH\Views\office.php(39): htmlspecialchars(null, 3, 'UTF-8')
 2 SYSTEMPATH\View\View.php(224): include('C:\\xampp\\htdocs\\gscgeavotingsystem\\app\\Views\\office.php')
 3 SYSTEMPATH\View\View.php(227): CodeIgniter\View\View->{closure:CodeIgniter\View\View::render():221}()
 4 SYSTEMPATH\Common.php(1173): CodeIgniter\View\View->render('office', [], true)
 5 APPPATH\Views\main.php(204): view('office', [])
 6 SYSTEMPATH\View\View.php(224): include('C:\\xampp\\htdocs\\gscgeavotingsystem\\app\\Views\\main.php')
 7 SYSTEMPATH\View\View.php(227): CodeIgniter\View\View->{closure:CodeIgniter\View\View::render():221}()
 8 SYSTEMPATH\Common.php(1173): CodeIgniter\View\View->render('main', [], true)
 9 APPPATH\Controllers\Office.php(83): view('main', [...])
10 SYSTEMPATH\CodeIgniter.php(933): App\Controllers\Office->getIndex()
11 SYSTEMPATH\CodeIgniter.php(507): CodeIgniter\CodeIgniter->runController(Object(App\Controllers\Office))
12 SYSTEMPATH\CodeIgniter.php(354): CodeIgniter\CodeIgniter->handleRequest(null, Object(Config\Cache), false)
13 SYSTEMPATH\Boot.php(334): CodeIgniter\CodeIgniter->run()
14 SYSTEMPATH\Boot.php(67): CodeIgniter\Boot::runCodeIgniter(Object(CodeIgniter\CodeIgniter))
15 FCPATH\index.php(56): CodeIgniter\Boot::bootWeb(Object(Config\Paths))
WARNING - 2026-05-16 12:30:54 --> [DEPRECATED] htmlspecialchars(): Passing null to parameter #1 ($string) of type string is deprecated in APPPATH\Views\office.php on line 40.
 1 APPPATH\Views\office.php(40): htmlspecialchars(null, 3, 'UTF-8')
 2 SYSTEMPATH\View\View.php(224): include('C:\\xampp\\htdocs\\gscgeavotingsystem\\app\\Views\\office.php')
 3 SYSTEMPATH\View\View.php(227): CodeIgniter\View\View->{closure:CodeIgniter\View\View::render():221}()
 4 SYSTEMPATH\Common.php(1173): CodeIgniter\View\View->render('office', [], true)
 5 APPPATH\Views\main.php(204): view('office', [])
 6 SYSTEMPATH\View\View.php(224): include('C:\\xampp\\htdocs\\gscgeavotingsystem\\app\\Views\\main.php')
 7 SYSTEMPATH\View\View.php(227): CodeIgniter\View\View->{closure:CodeIgniter\View\View::render():221}()
 8 SYSTEMPATH\Common.php(1173): CodeIgniter\View\View->render('main', [], true)
 9 APPPATH\Controllers\Office.php(83): view('main', [...])
10 SYSTEMPATH\CodeIgniter.php(933): App\Controllers\Office->getIndex()
11 SYSTEMPATH\CodeIgniter.php(507): CodeIgniter\CodeIgniter->runController(Object(App\Controllers\Office))
12 SYSTEMPATH\CodeIgniter.php(354): CodeIgniter\CodeIgniter->handleRequest(null, Object(Config\Cache), false)
13 SYSTEMPATH\Boot.php(334): CodeIgniter\CodeIgniter->run()
14 SYSTEMPATH\Boot.php(67): CodeIgniter\Boot::runCodeIgniter(Object(CodeIgniter\CodeIgniter))
15 FCPATH\index.php(56): CodeIgniter\Boot::bootWeb(Object(Config\Paths))
WARNING - 2026-05-16 12:30:54 --> [DEPRECATED] htmlspecialchars(): Passing null to parameter #1 ($string) of type string is deprecated in APPPATH\Views\office.php on line 39.
 1 APPPATH\Views\office.php(39): htmlspecialchars(null, 3, 'UTF-8')
 2 SYSTEMPATH\View\View.php(224): include('C:\\xampp\\htdocs\\gscgeavotingsystem\\app\\Views\\office.php')
 3 SYSTEMPATH\View\View.php(227): CodeIgniter\View\View->{closure:CodeIgniter\View\View::render():221}()
 4 SYSTEMPATH\Common.php(1173): CodeIgniter\View\View->render('office', [], true)
 5 APPPATH\Views\main.php(204): view('office', [])
 6 SYSTEMPATH\View\View.php(224): include('C:\\xampp\\htdocs\\gscgeavotingsystem\\app\\Views\\main.php')
 7 SYSTEMPATH\View\View.php(227): CodeIgniter\View\View->{closure:CodeIgniter\View\View::render():221}()
 8 SYSTEMPATH\Common.php(1173): CodeIgniter\View\View->render('main', [], true)
 9 APPPATH\Controllers\Office.php(83): view('main', [...])
10 SYSTEMPATH\CodeIgniter.php(933): App\Controllers\Office->getIndex()
11 SYSTEMPATH\CodeIgniter.php(507): CodeIgniter\CodeIgniter->runController(Object(App\Controllers\Office))
12 SYSTEMPATH\CodeIgniter.php(354): CodeIgniter\CodeIgniter->handleRequest(null, Object(Config\Cache), false)
13 SYSTEMPATH\Boot.php(334): CodeIgniter\CodeIgniter->run()
14 SYSTEMPATH\Boot.php(67): CodeIgniter\Boot::runCodeIgniter(Object(CodeIgniter\CodeIgniter))
15 FCPATH\index.php(56): CodeIgniter\Boot::bootWeb(Object(Config\Paths))
WARNING - 2026-05-16 12:30:54 --> [DEPRECATED] htmlspecialchars(): Passing null to parameter #1 ($string) of type string is deprecated in APPPATH\Views\office.php on line 40.
 1 APPPATH\Views\office.php(40): htmlspecialchars(null, 3, 'UTF-8')
 2 SYSTEMPATH\View\View.php(224): include('C:\\xampp\\htdocs\\gscgeavotingsystem\\app\\Views\\office.php')
 3 SYSTEMPATH\View\View.php(227): CodeIgniter\View\View->{closure:CodeIgniter\View\View::render():221}()
 4 SYSTEMPATH\Common.php(1173): CodeIgniter\View\View->render('office', [], true)
 5 APPPATH\Views\main.php(204): view('office', [])
 6 SYSTEMPATH\View\View.php(224): include('C:\\xampp\\htdocs\\gscgeavotingsystem\\app\\Views\\main.php')
 7 SYSTEMPATH\View\View.php(227): CodeIgniter\View\View->{closure:CodeIgniter\View\View::render():221}()
 8 SYSTEMPATH\Common.php(1173): CodeIgniter\View\View->render('main', [], true)
 9 APPPATH\Controllers\Office.php(83): view('main', [...])
10 SYSTEMPATH\CodeIgniter.php(933): App\Controllers\Office->getIndex()
11 SYSTEMPATH\CodeIgniter.php(507): CodeIgniter\CodeIgniter->runController(Object(App\Controllers\Office))
12 SYSTEMPATH\CodeIgniter.php(354): CodeIgniter\CodeIgniter->handleRequest(null, Object(Config\Cache), false)
13 SYSTEMPATH\Boot.php(334): CodeIgniter\CodeIgniter->run()
14 SYSTEMPATH\Boot.php(67): CodeIgniter\Boot::runCodeIgniter(Object(CodeIgniter\CodeIgniter))
15 FCPATH\index.php(56): CodeIgniter\Boot::bootWeb(Object(Config\Paths))
WARNING - 2026-05-16 12:30:54 --> [DEPRECATED] htmlspecialchars(): Passing null to parameter #1 ($string) of type string is deprecated in APPPATH\Views\office.php on line 39.
 1 APPPATH\Views\office.php(39): htmlspecialchars(null, 3, 'UTF-8')
 2 SYSTEMPATH\View\View.php(224): include('C:\\xampp\\htdocs\\gscgeavotingsystem\\app\\Views\\office.php')
 3 SYSTEMPATH\View\View.php(227): CodeIgniter\View\View->{closure:CodeIgniter\View\View::render():221}()
 4 SYSTEMPATH\Common.php(1173): CodeIgniter\View\View->render('office', [], true)
 5 APPPATH\Views\main.php(204): view('office', [])
 6 SYSTEMPATH\View\View.php(224): include('C:\\xampp\\htdocs\\gscgeavotingsystem\\app\\Views\\main.php')
 7 SYSTEMPATH\View\View.php(227): CodeIgniter\View\View->{closure:CodeIgniter\View\View::render():221}()
 8 SYSTEMPATH\Common.php(1173): CodeIgniter\View\View->render('main', [], true)
 9 APPPATH\Controllers\Office.php(83): view('main', [...])
10 SYSTEMPATH\CodeIgniter.php(933): App\Controllers\Office->getIndex()
11 SYSTEMPATH\CodeIgniter.php(507): CodeIgniter\CodeIgniter->runController(Object(App\Controllers\Office))
12 SYSTEMPATH\CodeIgniter.php(354): CodeIgniter\CodeIgniter->handleRequest(null, Object(Config\Cache), false)
13 SYSTEMPATH\Boot.php(334): CodeIgniter\CodeIgniter->run()
14 SYSTEMPATH\Boot.php(67): CodeIgniter\Boot::runCodeIgniter(Object(CodeIgniter\CodeIgniter))
15 FCPATH\index.php(56): CodeIgniter\Boot::bootWeb(Object(Config\Paths))
WARNING - 2026-05-16 12:30:54 --> [DEPRECATED] htmlspecialchars(): Passing null to parameter #1 ($string) of type string is deprecated in APPPATH\Views\office.php on line 40.
 1 APPPATH\Views\office.php(40): htmlspecialchars(null, 3, 'UTF-8')
 2 SYSTEMPATH\View\View.php(224): include('C:\\xampp\\htdocs\\gscgeavotingsystem\\app\\Views\\office.php')
 3 SYSTEMPATH\View\View.php(227): CodeIgniter\View\View->{closure:CodeIgniter\View\View::render():221}()
 4 SYSTEMPATH\Common.php(1173): CodeIgniter\View\View->render('office', [], true)
 5 APPPATH\Views\main.php(204): view('office', [])
 6 SYSTEMPATH\View\View.php(224): include('C:\\xampp\\htdocs\\gscgeavotingsystem\\app\\Views\\main.php')
 7 SYSTEMPATH\View\View.php(227): CodeIgniter\View\View->{closure:CodeIgniter\View\View::render():221}()
 8 SYSTEMPATH\Common.php(1173): CodeIgniter\View\View->render('main', [], true)
 9 APPPATH\Controllers\Office.php(83): view('main', [...])
10 SYSTEMPATH\CodeIgniter.php(933): App\Controllers\Office->getIndex()
11 SYSTEMPATH\CodeIgniter.php(507): CodeIgniter\CodeIgniter->runController(Object(App\Controllers\Office))
12 SYSTEMPATH\CodeIgniter.php(354): CodeIgniter\CodeIgniter->handleRequest(null, Object(Config\Cache), false)
13 SYSTEMPATH\Boot.php(334): CodeIgniter\CodeIgniter->run()
14 SYSTEMPATH\Boot.php(67): CodeIgniter\Boot::runCodeIgniter(Object(CodeIgniter\CodeIgniter))
15 FCPATH\index.php(56): CodeIgniter\Boot::bootWeb(Object(Config\Paths))
WARNING - 2026-05-16 12:30:54 --> [DEPRECATED] htmlspecialchars(): Passing null to parameter #1 ($string) of type string is deprecated in APPPATH\Views\office.php on line 39.
 1 APPPATH\Views\office.php(39): htmlspecialchars(null, 3, 'UTF-8')
 2 SYSTEMPATH\View\View.php(224): include('C:\\xampp\\htdocs\\gscgeavotingsystem\\app\\Views\\office.php')
 3 SYSTEMPATH\View\View.php(227): CodeIgniter\View\View->{closure:CodeIgniter\View\View::render():221}()
 4 SYSTEMPATH\Common.php(1173): CodeIgniter\View\View->render('office', [], true)
 5 APPPATH\Views\main.php(204): view('office', [])
 6 SYSTEMPATH\View\View.php(224): include('C:\\xampp\\htdocs\\gscgeavotingsystem\\app\\Views\\main.php')
 7 SYSTEMPATH\View\View.php(227): CodeIgniter\View\View->{closure:CodeIgniter\View\View::render():221}()
 8 SYSTEMPATH\Common.php(1173): CodeIgniter\View\View->render('main', [], true)
 9 APPPATH\Controllers\Office.php(83): view('main', [...])
10 SYSTEMPATH\CodeIgniter.php(933): App\Controllers\Office->getIndex()
11 SYSTEMPATH\CodeIgniter.php(507): CodeIgniter\CodeIgniter->runController(Object(App\Controllers\Office))
12 SYSTEMPATH\CodeIgniter.php(354): CodeIgniter\CodeIgniter->handleRequest(null, Object(Config\Cache), false)
13 SYSTEMPATH\Boot.php(334): CodeIgniter\CodeIgniter->run()
14 SYSTEMPATH\Boot.php(67): CodeIgniter\Boot::runCodeIgniter(Object(CodeIgniter\CodeIgniter))
15 FCPATH\index.php(56): CodeIgniter\Boot::bootWeb(Object(Config\Paths))
WARNING - 2026-05-16 12:30:54 --> [DEPRECATED] htmlspecialchars(): Passing null to parameter #1 ($string) of type string is deprecated in APPPATH\Views\office.php on line 40.
 1 APPPATH\Views\office.php(40): htmlspecialchars(null, 3, 'UTF-8')
 2 SYSTEMPATH\View\View.php(224): include('C:\\xampp\\htdocs\\gscgeavotingsystem\\app\\Views\\office.php')
 3 SYSTEMPATH\View\View.php(227): CodeIgniter\View\View->{closure:CodeIgniter\View\View::render():221}()
 4 SYSTEMPATH\Common.php(1173): CodeIgniter\View\View->render('office', [], true)
 5 APPPATH\Views\main.php(204): view('office', [])
 6 SYSTEMPATH\View\View.php(224): include('C:\\xampp\\htdocs\\gscgeavotingsystem\\app\\Views\\main.php')
 7 SYSTEMPATH\View\View.php(227): CodeIgniter\View\View->{closure:CodeIgniter\View\View::render():221}()
 8 SYSTEMPATH\Common.php(1173): CodeIgniter\View\View->render('main', [], true)
 9 APPPATH\Controllers\Office.php(83): view('main', [...])
10 SYSTEMPATH\CodeIgniter.php(933): App\Controllers\Office->getIndex()
11 SYSTEMPATH\CodeIgniter.php(507): CodeIgniter\CodeIgniter->runController(Object(App\Controllers\Office))
12 SYSTEMPATH\CodeIgniter.php(354): CodeIgniter\CodeIgniter->handleRequest(null, Object(Config\Cache), false)
13 SYSTEMPATH\Boot.php(334): CodeIgniter\CodeIgniter->run()
14 SYSTEMPATH\Boot.php(67): CodeIgniter\Boot::runCodeIgniter(Object(CodeIgniter\CodeIgniter))
15 FCPATH\index.php(56): CodeIgniter\Boot::bootWeb(Object(Config\Paths))
WARNING - 2026-05-16 12:30:54 --> [DEPRECATED] htmlspecialchars(): Passing null to parameter #1 ($string) of type string is deprecated in APPPATH\Views\office.php on line 39.
 1 APPPATH\Views\office.php(39): htmlspecialchars(null, 3, 'UTF-8')
 2 SYSTEMPATH\View\View.php(224): include('C:\\xampp\\htdocs\\gscgeavotingsystem\\app\\Views\\office.php')
 3 SYSTEMPATH\View\View.php(227): CodeIgniter\View\View->{closure:CodeIgniter\View\View::render():221}()
 4 SYSTEMPATH\Common.php(1173): CodeIgniter\View\View->render('office', [], true)
 5 APPPATH\Views\main.php(204): view('office', [])
 6 SYSTEMPATH\View\View.php(224): include('C:\\xampp\\htdocs\\gscgeavotingsystem\\app\\Views\\main.php')
 7 SYSTEMPATH\View\View.php(227): CodeIgniter\View\View->{closure:CodeIgniter\View\View::render():221}()
 8 SYSTEMPATH\Common.php(1173): CodeIgniter\View\View->render('main', [], true)
 9 APPPATH\Controllers\Office.php(83): view('main', [...])
10 SYSTEMPATH\CodeIgniter.php(933): App\Controllers\Office->getIndex()
11 SYSTEMPATH\CodeIgniter.php(507): CodeIgniter\CodeIgniter->runController(Object(App\Controllers\Office))
12 SYSTEMPATH\CodeIgniter.php(354): CodeIgniter\CodeIgniter->handleRequest(null, Object(Config\Cache), false)
13 SYSTEMPATH\Boot.php(334): CodeIgniter\CodeIgniter->run()
14 SYSTEMPATH\Boot.php(67): CodeIgniter\Boot::runCodeIgniter(Object(CodeIgniter\CodeIgniter))
15 FCPATH\index.php(56): CodeIgniter\Boot::bootWeb(Object(Config\Paths))
WARNING - 2026-05-16 12:30:54 --> [DEPRECATED] htmlspecialchars(): Passing null to parameter #1 ($string) of type string is deprecated in APPPATH\Views\office.php on line 40.
 1 APPPATH\Views\office.php(40): htmlspecialchars(null, 3, 'UTF-8')
 2 SYSTEMPATH\View\View.php(224): include('C:\\xampp\\htdocs\\gscgeavotingsystem\\app\\Views\\office.php')
 3 SYSTEMPATH\View\View.php(227): CodeIgniter\View\View->{closure:CodeIgniter\View\View::render():221}()
 4 SYSTEMPATH\Common.php(1173): CodeIgniter\View\View->render('office', [], true)
 5 APPPATH\Views\main.php(204): view('office', [])
 6 SYSTEMPATH\View\View.php(224): include('C:\\xampp\\htdocs\\gscgeavotingsystem\\app\\Views\\main.php')
 7 SYSTEMPATH\View\View.php(227): CodeIgniter\View\View->{closure:CodeIgniter\View\View::render():221}()
 8 SYSTEMPATH\Common.php(1173): CodeIgniter\View\View->render('main', [], true)
 9 APPPATH\Controllers\Office.php(83): view('main', [...])
10 SYSTEMPATH\CodeIgniter.php(933): App\Controllers\Office->getIndex()
11 SYSTEMPATH\CodeIgniter.php(507): CodeIgniter\CodeIgniter->runController(Object(App\Controllers\Office))
12 SYSTEMPATH\CodeIgniter.php(354): CodeIgniter\CodeIgniter->handleRequest(null, Object(Config\Cache), false)
13 SYSTEMPATH\Boot.php(334): CodeIgniter\CodeIgniter->run()
14 SYSTEMPATH\Boot.php(67): CodeIgniter\Boot::runCodeIgniter(Object(CodeIgniter\CodeIgniter))
15 FCPATH\index.php(56): CodeIgniter\Boot::bootWeb(Object(Config\Paths))
WARNING - 2026-05-16 12:30:54 --> [DEPRECATED] htmlspecialchars(): Passing null to parameter #1 ($string) of type string is deprecated in APPPATH\Views\office.php on line 39.
 1 APPPATH\Views\office.php(39): htmlspecialchars(null, 3, 'UTF-8')
 2 SYSTEMPATH\View\View.php(224): include('C:\\xampp\\htdocs\\gscgeavotingsystem\\app\\Views\\office.php')
 3 SYSTEMPATH\View\View.php(227): CodeIgniter\View\View->{closure:CodeIgniter\View\View::render():221}()
 4 SYSTEMPATH\Common.php(1173): CodeIgniter\View\View->render('office', [], true)
 5 APPPATH\Views\main.php(204): view('office', [])
 6 SYSTEMPATH\View\View.php(224): include('C:\\xampp\\htdocs\\gscgeavotingsystem\\app\\Views\\main.php')
 7 SYSTEMPATH\View\View.php(227): CodeIgniter\View\View->{closure:CodeIgniter\View\View::render():221}()
 8 SYSTEMPATH\Common.php(1173): CodeIgniter\View\View->render('main', [], true)
 9 APPPATH\Controllers\Office.php(83): view('main', [...])
10 SYSTEMPATH\CodeIgniter.php(933): App\Controllers\Office->getIndex()
11 SYSTEMPATH\CodeIgniter.php(507): CodeIgniter\CodeIgniter->runController(Object(App\Controllers\Office))
12 SYSTEMPATH\CodeIgniter.php(354): CodeIgniter\CodeIgniter->handleRequest(null, Object(Config\Cache), false)
13 SYSTEMPATH\Boot.php(334): CodeIgniter\CodeIgniter->run()
14 SYSTEMPATH\Boot.php(67): CodeIgniter\Boot::runCodeIgniter(Object(CodeIgniter\CodeIgniter))
15 FCPATH\index.php(56): CodeIgniter\Boot::bootWeb(Object(Config\Paths))
WARNING - 2026-05-16 12:30:54 --> [DEPRECATED] htmlspecialchars(): Passing null to parameter #1 ($string) of type string is deprecated in APPPATH\Views\office.php on line 40.
 1 APPPATH\Views\office.php(40): htmlspecialchars(null, 3, 'UTF-8')
 2 SYSTEMPATH\View\View.php(224): include('C:\\xampp\\htdocs\\gscgeavotingsystem\\app\\Views\\office.php')
 3 SYSTEMPATH\View\View.php(227): CodeIgniter\View\View->{closure:CodeIgniter\View\View::render():221}()
 4 SYSTEMPATH\Common.php(1173): CodeIgniter\View\View->render('office', [], true)
 5 APPPATH\Views\main.php(204): view('office', [])
 6 SYSTEMPATH\View\View.php(224): include('C:\\xampp\\htdocs\\gscgeavotingsystem\\app\\Views\\main.php')
 7 SYSTEMPATH\View\View.php(227): CodeIgniter\View\View->{closure:CodeIgniter\View\View::render():221}()
 8 SYSTEMPATH\Common.php(1173): CodeIgniter\View\View->render('main', [], true)
 9 APPPATH\Controllers\Office.php(83): view('main', [...])
10 SYSTEMPATH\CodeIgniter.php(933): App\Controllers\Office->getIndex()
11 SYSTEMPATH\CodeIgniter.php(507): CodeIgniter\CodeIgniter->runController(Object(App\Controllers\Office))
12 SYSTEMPATH\CodeIgniter.php(354): CodeIgniter\CodeIgniter->handleRequest(null, Object(Config\Cache), false)
13 SYSTEMPATH\Boot.php(334): CodeIgniter\CodeIgniter->run()
14 SYSTEMPATH\Boot.php(67): CodeIgniter\Boot::runCodeIgniter(Object(CodeIgniter\CodeIgniter))
15 FCPATH\index.php(56): CodeIgniter\Boot::bootWeb(Object(Config\Paths))
WARNING - 2026-05-16 12:30:54 --> [DEPRECATED] htmlspecialchars(): Passing null to parameter #1 ($string) of type string is deprecated in APPPATH\Views\office.php on line 39.
 1 APPPATH\Views\office.php(39): htmlspecialchars(null, 3, 'UTF-8')
 2 SYSTEMPATH\View\View.php(224): include('C:\\xampp\\htdocs\\gscgeavotingsystem\\app\\Views\\office.php')
 3 SYSTEMPATH\View\View.php(227): CodeIgniter\View\View->{closure:CodeIgniter\View\View::render():221}()
 4 SYSTEMPATH\Common.php(1173): CodeIgniter\View\View->render('office', [], true)
 5 APPPATH\Views\main.php(204): view('office', [])
 6 SYSTEMPATH\View\View.php(224): include('C:\\xampp\\htdocs\\gscgeavotingsystem\\app\\Views\\main.php')
 7 SYSTEMPATH\View\View.php(227): CodeIgniter\View\View->{closure:CodeIgniter\View\View::render():221}()
 8 SYSTEMPATH\Common.php(1173): CodeIgniter\View\View->render('main', [], true)
 9 APPPATH\Controllers\Office.php(83): view('main', [...])
10 SYSTEMPATH\CodeIgniter.php(933): App\Controllers\Office->getIndex()
11 SYSTEMPATH\CodeIgniter.php(507): CodeIgniter\CodeIgniter->runController(Object(App\Controllers\Office))
12 SYSTEMPATH\CodeIgniter.php(354): CodeIgniter\CodeIgniter->handleRequest(null, Object(Config\Cache), false)
13 SYSTEMPATH\Boot.php(334): CodeIgniter\CodeIgniter->run()
14 SYSTEMPATH\Boot.php(67): CodeIgniter\Boot::runCodeIgniter(Object(CodeIgniter\CodeIgniter))
15 FCPATH\index.php(56): CodeIgniter\Boot::bootWeb(Object(Config\Paths))
WARNING - 2026-05-16 12:30:54 --> [DEPRECATED] htmlspecialchars(): Passing null to parameter #1 ($string) of type string is deprecated in APPPATH\Views\office.php on line 40.
 1 APPPATH\Views\office.php(40): htmlspecialchars(null, 3, 'UTF-8')
 2 SYSTEMPATH\View\View.php(224): include('C:\\xampp\\htdocs\\gscgeavotingsystem\\app\\Views\\office.php')
 3 SYSTEMPATH\View\View.php(227): CodeIgniter\View\View->{closure:CodeIgniter\View\View::render():221}()
 4 SYSTEMPATH\Common.php(1173): CodeIgniter\View\View->render('office', [], true)
 5 APPPATH\Views\main.php(204): view('office', [])
 6 SYSTEMPATH\View\View.php(224): include('C:\\xampp\\htdocs\\gscgeavotingsystem\\app\\Views\\main.php')
 7 SYSTEMPATH\View\View.php(227): CodeIgniter\View\View->{closure:CodeIgniter\View\View::render():221}()
 8 SYSTEMPATH\Common.php(1173): CodeIgniter\View\View->render('main', [], true)
 9 APPPATH\Controllers\Office.php(83): view('main', [...])
10 SYSTEMPATH\CodeIgniter.php(933): App\Controllers\Office->getIndex()
11 SYSTEMPATH\CodeIgniter.php(507): CodeIgniter\CodeIgniter->runController(Object(App\Controllers\Office))
12 SYSTEMPATH\CodeIgniter.php(354): CodeIgniter\CodeIgniter->handleRequest(null, Object(Config\Cache), false)
13 SYSTEMPATH\Boot.php(334): CodeIgniter\CodeIgniter->run()
14 SYSTEMPATH\Boot.php(67): CodeIgniter\Boot::runCodeIgniter(Object(CodeIgniter\CodeIgniter))
15 FCPATH\index.php(56): CodeIgniter\Boot::bootWeb(Object(Config\Paths))
WARNING - 2026-05-16 12:30:54 --> [DEPRECATED] htmlspecialchars(): Passing null to parameter #1 ($string) of type string is deprecated in APPPATH\Views\office.php on line 39.
 1 APPPATH\Views\office.php(39): htmlspecialchars(null, 3, 'UTF-8')
 2 SYSTEMPATH\View\View.php(224): include('C:\\xampp\\htdocs\\gscgeavotingsystem\\app\\Views\\office.php')
 3 SYSTEMPATH\View\View.php(227): CodeIgniter\View\View->{closure:CodeIgniter\View\View::render():221}()
 4 SYSTEMPATH\Common.php(1173): CodeIgniter\View\View->render('office', [], true)
 5 APPPATH\Views\main.php(204): view('office', [])
 6 SYSTEMPATH\View\View.php(224): include('C:\\xampp\\htdocs\\gscgeavotingsystem\\app\\Views\\main.php')
 7 SYSTEMPATH\View\View.php(227): CodeIgniter\View\View->{closure:CodeIgniter\View\View::render():221}()
 8 SYSTEMPATH\Common.php(1173): CodeIgniter\View\View->render('main', [], true)
 9 APPPATH\Controllers\Office.php(83): view('main', [...])
10 SYSTEMPATH\CodeIgniter.php(933): App\Controllers\Office->getIndex()
11 SYSTEMPATH\CodeIgniter.php(507): CodeIgniter\CodeIgniter->runController(Object(App\Controllers\Office))
12 SYSTEMPATH\CodeIgniter.php(354): CodeIgniter\CodeIgniter->handleRequest(null, Object(Config\Cache), false)
13 SYSTEMPATH\Boot.php(334): CodeIgniter\CodeIgniter->run()
14 SYSTEMPATH\Boot.php(67): CodeIgniter\Boot::runCodeIgniter(Object(CodeIgniter\CodeIgniter))
15 FCPATH\index.php(56): CodeIgniter\Boot::bootWeb(Object(Config\Paths))
WARNING - 2026-05-16 12:30:54 --> [DEPRECATED] htmlspecialchars(): Passing null to parameter #1 ($string) of type string is deprecated in APPPATH\Views\office.php on line 40.
 1 APPPATH\Views\office.php(40): htmlspecialchars(null, 3, 'UTF-8')
 2 SYSTEMPATH\View\View.php(224): include('C:\\xampp\\htdocs\\gscgeavotingsystem\\app\\Views\\office.php')
 3 SYSTEMPATH\View\View.php(227): CodeIgniter\View\View->{closure:CodeIgniter\View\View::render():221}()
 4 SYSTEMPATH\Common.php(1173): CodeIgniter\View\View->render('office', [], true)
 5 APPPATH\Views\main.php(204): view('office', [])
 6 SYSTEMPATH\View\View.php(224): include('C:\\xampp\\htdocs\\gscgeavotingsystem\\app\\Views\\main.php')
 7 SYSTEMPATH\View\View.php(227): CodeIgniter\View\View->{closure:CodeIgniter\View\View::render():221}()
 8 SYSTEMPATH\Common.php(1173): CodeIgniter\View\View->render('main', [], true)
 9 APPPATH\Controllers\Office.php(83): view('main', [...])
10 SYSTEMPATH\CodeIgniter.php(933): App\Controllers\Office->getIndex()
11 SYSTEMPATH\CodeIgniter.php(507): CodeIgniter\CodeIgniter->runController(Object(App\Controllers\Office))
12 SYSTEMPATH\CodeIgniter.php(354): CodeIgniter\CodeIgniter->handleRequest(null, Object(Config\Cache), false)
13 SYSTEMPATH\Boot.php(334): CodeIgniter\CodeIgniter->run()
14 SYSTEMPATH\Boot.php(67): CodeIgniter\Boot::runCodeIgniter(Object(CodeIgniter\CodeIgniter))
15 FCPATH\index.php(56): CodeIgniter\Boot::bootWeb(Object(Config\Paths))
WARNING - 2026-05-16 12:30:54 --> [DEPRECATED] htmlspecialchars(): Passing null to parameter #1 ($string) of type string is deprecated in APPPATH\Views\office.php on line 39.
 1 APPPATH\Views\office.php(39): htmlspecialchars(null, 3, 'UTF-8')
 2 SYSTEMPATH\View\View.php(224): include('C:\\xampp\\htdocs\\gscgeavotingsystem\\app\\Views\\office.php')
 3 SYSTEMPATH\View\View.php(227): CodeIgniter\View\View->{closure:CodeIgniter\View\View::render():221}()
 4 SYSTEMPATH\Common.php(1173): CodeIgniter\View\View->render('office', [], true)
 5 APPPATH\Views\main.php(204): view('office', [])
 6 SYSTEMPATH\View\View.php(224): include('C:\\xampp\\htdocs\\gscgeavotingsystem\\app\\Views\\main.php')
 7 SYSTEMPATH\View\View.php(227): CodeIgniter\View\View->{closure:CodeIgniter\View\View::render():221}()
 8 SYSTEMPATH\Common.php(1173): CodeIgniter\View\View->render('main', [], true)
 9 APPPATH\Controllers\Office.php(83): view('main', [...])
10 SYSTEMPATH\CodeIgniter.php(933): App\Controllers\Office->getIndex()
11 SYSTEMPATH\CodeIgniter.php(507): CodeIgniter\CodeIgniter->runController(Object(App\Controllers\Office))
12 SYSTEMPATH\CodeIgniter.php(354): CodeIgniter\CodeIgniter->handleRequest(null, Object(Config\Cache), false)
13 SYSTEMPATH\Boot.php(334): CodeIgniter\CodeIgniter->run()
14 SYSTEMPATH\Boot.php(67): CodeIgniter\Boot::runCodeIgniter(Object(CodeIgniter\CodeIgniter))
15 FCPATH\index.php(56): CodeIgniter\Boot::bootWeb(Object(Config\Paths))
WARNING - 2026-05-16 12:30:54 --> [DEPRECATED] htmlspecialchars(): Passing null to parameter #1 ($string) of type string is deprecated in APPPATH\Views\office.php on line 40.
 1 APPPATH\Views\office.php(40): htmlspecialchars(null, 3, 'UTF-8')
 2 SYSTEMPATH\View\View.php(224): include('C:\\xampp\\htdocs\\gscgeavotingsystem\\app\\Views\\office.php')
 3 SYSTEMPATH\View\View.php(227): CodeIgniter\View\View->{closure:CodeIgniter\View\View::render():221}()
 4 SYSTEMPATH\Common.php(1173): CodeIgniter\View\View->render('office', [], true)
 5 APPPATH\Views\main.php(204): view('office', [])
 6 SYSTEMPATH\View\View.php(224): include('C:\\xampp\\htdocs\\gscgeavotingsystem\\app\\Views\\main.php')
 7 SYSTEMPATH\View\View.php(227): CodeIgniter\View\View->{closure:CodeIgniter\View\View::render():221}()
 8 SYSTEMPATH\Common.php(1173): CodeIgniter\View\View->render('main', [], true)
 9 APPPATH\Controllers\Office.php(83): view('main', [...])
10 SYSTEMPATH\CodeIgniter.php(933): App\Controllers\Office->getIndex()
11 SYSTEMPATH\CodeIgniter.php(507): CodeIgniter\CodeIgniter->runController(Object(App\Controllers\Office))
12 SYSTEMPATH\CodeIgniter.php(354): CodeIgniter\CodeIgniter->handleRequest(null, Object(Config\Cache), false)
13 SYSTEMPATH\Boot.php(334): CodeIgniter\CodeIgniter->run()
14 SYSTEMPATH\Boot.php(67): CodeIgniter\Boot::runCodeIgniter(Object(CodeIgniter\CodeIgniter))
15 FCPATH\index.php(56): CodeIgniter\Boot::bootWeb(Object(Config\Paths))
WARNING - 2026-05-16 12:30:54 --> [DEPRECATED] htmlspecialchars(): Passing null to parameter #1 ($string) of type string is deprecated in APPPATH\Views\office.php on line 39.
 1 APPPATH\Views\office.php(39): htmlspecialchars(null, 3, 'UTF-8')
 2 SYSTEMPATH\View\View.php(224): include('C:\\xampp\\htdocs\\gscgeavotingsystem\\app\\Views\\office.php')
 3 SYSTEMPATH\View\View.php(227): CodeIgniter\View\View->{closure:CodeIgniter\View\View::render():221}()
 4 SYSTEMPATH\Common.php(1173): CodeIgniter\View\View->render('office', [], true)
 5 APPPATH\Views\main.php(204): view('office', [])
 6 SYSTEMPATH\View\View.php(224): include('C:\\xampp\\htdocs\\gscgeavotingsystem\\app\\Views\\main.php')
 7 SYSTEMPATH\View\View.php(227): CodeIgniter\View\View->{closure:CodeIgniter\View\View::render():221}()
 8 SYSTEMPATH\Common.php(1173): CodeIgniter\View\View->render('main', [], true)
 9 APPPATH\Controllers\Office.php(83): view('main', [...])
10 SYSTEMPATH\CodeIgniter.php(933): App\Controllers\Office->getIndex()
11 SYSTEMPATH\CodeIgniter.php(507): CodeIgniter\CodeIgniter->runController(Object(App\Controllers\Office))
12 SYSTEMPATH\CodeIgniter.php(354): CodeIgniter\CodeIgniter->handleRequest(null, Object(Config\Cache), false)
13 SYSTEMPATH\Boot.php(334): CodeIgniter\CodeIgniter->run()
14 SYSTEMPATH\Boot.php(67): CodeIgniter\Boot::runCodeIgniter(Object(CodeIgniter\CodeIgniter))
15 FCPATH\index.php(56): CodeIgniter\Boot::bootWeb(Object(Config\Paths))
WARNING - 2026-05-16 12:30:54 --> [DEPRECATED] htmlspecialchars(): Passing null to parameter #1 ($string) of type string is deprecated in APPPATH\Views\office.php on line 40.
 1 APPPATH\Views\office.php(40): htmlspecialchars(null, 3, 'UTF-8')
 2 SYSTEMPATH\View\View.php(224): include('C:\\xampp\\htdocs\\gscgeavotingsystem\\app\\Views\\office.php')
 3 SYSTEMPATH\View\View.php(227): CodeIgniter\View\View->{closure:CodeIgniter\View\View::render():221}()
 4 SYSTEMPATH\Common.php(1173): CodeIgniter\View\View->render('office', [], true)
 5 APPPATH\Views\main.php(204): view('office', [])
 6 SYSTEMPATH\View\View.php(224): include('C:\\xampp\\htdocs\\gscgeavotingsystem\\app\\Views\\main.php')
 7 SYSTEMPATH\View\View.php(227): CodeIgniter\View\View->{closure:CodeIgniter\View\View::render():221}()
 8 SYSTEMPATH\Common.php(1173): CodeIgniter\View\View->render('main', [], true)
 9 APPPATH\Controllers\Office.php(83): view('main', [...])
10 SYSTEMPATH\CodeIgniter.php(933): App\Controllers\Office->getIndex()
11 SYSTEMPATH\CodeIgniter.php(507): CodeIgniter\CodeIgniter->runController(Object(App\Controllers\Office))
12 SYSTEMPATH\CodeIgniter.php(354): CodeIgniter\CodeIgniter->handleRequest(null, Object(Config\Cache), false)
13 SYSTEMPATH\Boot.php(334): CodeIgniter\CodeIgniter->run()
14 SYSTEMPATH\Boot.php(67): CodeIgniter\Boot::runCodeIgniter(Object(CodeIgniter\CodeIgniter))
15 FCPATH\index.php(56): CodeIgniter\Boot::bootWeb(Object(Config\Paths))
WARNING - 2026-05-16 12:30:54 --> [DEPRECATED] htmlspecialchars(): Passing null to parameter #1 ($string) of type string is deprecated in APPPATH\Views\office.php on line 39.
 1 APPPATH\Views\office.php(39): htmlspecialchars(null, 3, 'UTF-8')
 2 SYSTEMPATH\View\View.php(224): include('C:\\xampp\\htdocs\\gscgeavotingsystem\\app\\Views\\office.php')
 3 SYSTEMPATH\View\View.php(227): CodeIgniter\View\View->{closure:CodeIgniter\View\View::render():221}()
 4 SYSTEMPATH\Common.php(1173): CodeIgniter\View\View->render('office', [], true)
 5 APPPATH\Views\main.php(204): view('office', [])
 6 SYSTEMPATH\View\View.php(224): include('C:\\xampp\\htdocs\\gscgeavotingsystem\\app\\Views\\main.php')
 7 SYSTEMPATH\View\View.php(227): CodeIgniter\View\View->{closure:CodeIgniter\View\View::render():221}()
 8 SYSTEMPATH\Common.php(1173): CodeIgniter\View\View->render('main', [], true)
 9 APPPATH\Controllers\Office.php(83): view('main', [...])
10 SYSTEMPATH\CodeIgniter.php(933): App\Controllers\Office->getIndex()
11 SYSTEMPATH\CodeIgniter.php(507): CodeIgniter\CodeIgniter->runController(Object(App\Controllers\Office))
12 SYSTEMPATH\CodeIgniter.php(354): CodeIgniter\CodeIgniter->handleRequest(null, Object(Config\Cache), false)
13 SYSTEMPATH\Boot.php(334): CodeIgniter\CodeIgniter->run()
14 SYSTEMPATH\Boot.php(67): CodeIgniter\Boot::runCodeIgniter(Object(CodeIgniter\CodeIgniter))
15 FCPATH\index.php(56): CodeIgniter\Boot::bootWeb(Object(Config\Paths))
WARNING - 2026-05-16 12:30:54 --> [DEPRECATED] htmlspecialchars(): Passing null to parameter #1 ($string) of type string is deprecated in APPPATH\Views\office.php on line 40.
 1 APPPATH\Views\office.php(40): htmlspecialchars(null, 3, 'UTF-8')
 2 SYSTEMPATH\View\View.php(224): include('C:\\xampp\\htdocs\\gscgeavotingsystem\\app\\Views\\office.php')
 3 SYSTEMPATH\View\View.php(227): CodeIgniter\View\View->{closure:CodeIgniter\View\View::render():221}()
 4 SYSTEMPATH\Common.php(1173): CodeIgniter\View\View->render('office', [], true)
 5 APPPATH\Views\main.php(204): view('office', [])
 6 SYSTEMPATH\View\View.php(224): include('C:\\xampp\\htdocs\\gscgeavotingsystem\\app\\Views\\main.php')
 7 SYSTEMPATH\View\View.php(227): CodeIgniter\View\View->{closure:CodeIgniter\View\View::render():221}()
 8 SYSTEMPATH\Common.php(1173): CodeIgniter\View\View->render('main', [], true)
 9 APPPATH\Controllers\Office.php(83): view('main', [...])
10 SYSTEMPATH\CodeIgniter.php(933): App\Controllers\Office->getIndex()
11 SYSTEMPATH\CodeIgniter.php(507): CodeIgniter\CodeIgniter->runController(Object(App\Controllers\Office))
12 SYSTEMPATH\CodeIgniter.php(354): CodeIgniter\CodeIgniter->handleRequest(null, Object(Config\Cache), false)
13 SYSTEMPATH\Boot.php(334): CodeIgniter\CodeIgniter->run()
14 SYSTEMPATH\Boot.php(67): CodeIgniter\Boot::runCodeIgniter(Object(CodeIgniter\CodeIgniter))
15 FCPATH\index.php(56): CodeIgniter\Boot::bootWeb(Object(Config\Paths))
WARNING - 2026-05-16 12:30:54 --> [DEPRECATED] htmlspecialchars(): Passing null to parameter #1 ($string) of type string is deprecated in APPPATH\Views\office.php on line 39.
 1 APPPATH\Views\office.php(39): htmlspecialchars(null, 3, 'UTF-8')
 2 SYSTEMPATH\View\View.php(224): include('C:\\xampp\\htdocs\\gscgeavotingsystem\\app\\Views\\office.php')
 3 SYSTEMPATH\View\View.php(227): CodeIgniter\View\View->{closure:CodeIgniter\View\View::render():221}()
 4 SYSTEMPATH\Common.php(1173): CodeIgniter\View\View->render('office', [], true)
 5 APPPATH\Views\main.php(204): view('office', [])
 6 SYSTEMPATH\View\View.php(224): include('C:\\xampp\\htdocs\\gscgeavotingsystem\\app\\Views\\main.php')
 7 SYSTEMPATH\View\View.php(227): CodeIgniter\View\View->{closure:CodeIgniter\View\View::render():221}()
 8 SYSTEMPATH\Common.php(1173): CodeIgniter\View\View->render('main', [], true)
 9 APPPATH\Controllers\Office.php(83): view('main', [...])
10 SYSTEMPATH\CodeIgniter.php(933): App\Controllers\Office->getIndex()
11 SYSTEMPATH\CodeIgniter.php(507): CodeIgniter\CodeIgniter->runController(Object(App\Controllers\Office))
12 SYSTEMPATH\CodeIgniter.php(354): CodeIgniter\CodeIgniter->handleRequest(null, Object(Config\Cache), false)
13 SYSTEMPATH\Boot.php(334): CodeIgniter\CodeIgniter->run()
14 SYSTEMPATH\Boot.php(67): CodeIgniter\Boot::runCodeIgniter(Object(CodeIgniter\CodeIgniter))
15 FCPATH\index.php(56): CodeIgniter\Boot::bootWeb(Object(Config\Paths))
WARNING - 2026-05-16 12:30:54 --> [DEPRECATED] htmlspecialchars(): Passing null to parameter #1 ($string) of type string is deprecated in APPPATH\Views\office.php on line 40.
 1 APPPATH\Views\office.php(40): htmlspecialchars(null, 3, 'UTF-8')
 2 SYSTEMPATH\View\View.php(224): include('C:\\xampp\\htdocs\\gscgeavotingsystem\\app\\Views\\office.php')
 3 SYSTEMPATH\View\View.php(227): CodeIgniter\View\View->{closure:CodeIgniter\View\View::render():221}()
 4 SYSTEMPATH\Common.php(1173): CodeIgniter\View\View->render('office', [], true)
 5 APPPATH\Views\main.php(204): view('office', [])
 6 SYSTEMPATH\View\View.php(224): include('C:\\xampp\\htdocs\\gscgeavotingsystem\\app\\Views\\main.php')
 7 SYSTEMPATH\View\View.php(227): CodeIgniter\View\View->{closure:CodeIgniter\View\View::render():221}()
 8 SYSTEMPATH\Common.php(1173): CodeIgniter\View\View->render('main', [], true)
 9 APPPATH\Controllers\Office.php(83): view('main', [...])
10 SYSTEMPATH\CodeIgniter.php(933): App\Controllers\Office->getIndex()
11 SYSTEMPATH\CodeIgniter.php(507): CodeIgniter\CodeIgniter->runController(Object(App\Controllers\Office))
12 SYSTEMPATH\CodeIgniter.php(354): CodeIgniter\CodeIgniter->handleRequest(null, Object(Config\Cache), false)
13 SYSTEMPATH\Boot.php(334): CodeIgniter\CodeIgniter->run()
14 SYSTEMPATH\Boot.php(67): CodeIgniter\Boot::runCodeIgniter(Object(CodeIgniter\CodeIgniter))
15 FCPATH\index.php(56): CodeIgniter\Boot::bootWeb(Object(Config\Paths))
WARNING - 2026-05-16 12:30:54 --> [DEPRECATED] htmlspecialchars(): Passing null to parameter #1 ($string) of type string is deprecated in APPPATH\Views\office.php on line 39.
 1 APPPATH\Views\office.php(39): htmlspecialchars(null, 3, 'UTF-8')
 2 SYSTEMPATH\View\View.php(224): include('C:\\xampp\\htdocs\\gscgeavotingsystem\\app\\Views\\office.php')
 3 SYSTEMPATH\View\View.php(227): CodeIgniter\View\View->{closure:CodeIgniter\View\View::render():221}()
 4 SYSTEMPATH\Common.php(1173): CodeIgniter\View\View->render('office', [], true)
 5 APPPATH\Views\main.php(204): view('office', [])
 6 SYSTEMPATH\View\View.php(224): include('C:\\xampp\\htdocs\\gscgeavotingsystem\\app\\Views\\main.php')
 7 SYSTEMPATH\View\View.php(227): CodeIgniter\View\View->{closure:CodeIgniter\View\View::render():221}()
 8 SYSTEMPATH\Common.php(1173): CodeIgniter\View\View->render('main', [], true)
 9 APPPATH\Controllers\Office.php(83): view('main', [...])
10 SYSTEMPATH\CodeIgniter.php(933): App\Controllers\Office->getIndex()
11 SYSTEMPATH\CodeIgniter.php(507): CodeIgniter\CodeIgniter->runController(Object(App\Controllers\Office))
12 SYSTEMPATH\CodeIgniter.php(354): CodeIgniter\CodeIgniter->handleRequest(null, Object(Config\Cache), false)
13 SYSTEMPATH\Boot.php(334): CodeIgniter\CodeIgniter->run()
14 SYSTEMPATH\Boot.php(67): CodeIgniter\Boot::runCodeIgniter(Object(CodeIgniter\CodeIgniter))
15 FCPATH\index.php(56): CodeIgniter\Boot::bootWeb(Object(Config\Paths))
WARNING - 2026-05-16 12:30:54 --> [DEPRECATED] htmlspecialchars(): Passing null to parameter #1 ($string) of type string is deprecated in APPPATH\Views\office.php on line 40.
 1 APPPATH\Views\office.php(40): htmlspecialchars(null, 3, 'UTF-8')
 2 SYSTEMPATH\View\View.php(224): include('C:\\xampp\\htdocs\\gscgeavotingsystem\\app\\Views\\office.php')
 3 SYSTEMPATH\View\View.php(227): CodeIgniter\View\View->{closure:CodeIgniter\View\View::render():221}()
 4 SYSTEMPATH\Common.php(1173): CodeIgniter\View\View->render('office', [], true)
 5 APPPATH\Views\main.php(204): view('office', [])
 6 SYSTEMPATH\View\View.php(224): include('C:\\xampp\\htdocs\\gscgeavotingsystem\\app\\Views\\main.php')
 7 SYSTEMPATH\View\View.php(227): CodeIgniter\View\View->{closure:CodeIgniter\View\View::render():221}()
 8 SYSTEMPATH\Common.php(1173): CodeIgniter\View\View->render('main', [], true)
 9 APPPATH\Controllers\Office.php(83): view('main', [...])
10 SYSTEMPATH\CodeIgniter.php(933): App\Controllers\Office->getIndex()
11 SYSTEMPATH\CodeIgniter.php(507): CodeIgniter\CodeIgniter->runController(Object(App\Controllers\Office))
12 SYSTEMPATH\CodeIgniter.php(354): CodeIgniter\CodeIgniter->handleRequest(null, Object(Config\Cache), false)
13 SYSTEMPATH\Boot.php(334): CodeIgniter\CodeIgniter->run()
14 SYSTEMPATH\Boot.php(67): CodeIgniter\Boot::runCodeIgniter(Object(CodeIgniter\CodeIgniter))
15 FCPATH\index.php(56): CodeIgniter\Boot::bootWeb(Object(Config\Paths))
WARNING - 2026-05-16 12:30:54 --> [DEPRECATED] htmlspecialchars(): Passing null to parameter #1 ($string) of type string is deprecated in APPPATH\Views\office.php on line 39.
 1 APPPATH\Views\office.php(39): htmlspecialchars(null, 3, 'UTF-8')
 2 SYSTEMPATH\View\View.php(224): include('C:\\xampp\\htdocs\\gscgeavotingsystem\\app\\Views\\office.php')
 3 SYSTEMPATH\View\View.php(227): CodeIgniter\View\View->{closure:CodeIgniter\View\View::render():221}()
 4 SYSTEMPATH\Common.php(1173): CodeIgniter\View\View->render('office', [], true)
 5 APPPATH\Views\main.php(204): view('office', [])
 6 SYSTEMPATH\View\View.php(224): include('C:\\xampp\\htdocs\\gscgeavotingsystem\\app\\Views\\main.php')
 7 SYSTEMPATH\View\View.php(227): CodeIgniter\View\View->{closure:CodeIgniter\View\View::render():221}()
 8 SYSTEMPATH\Common.php(1173): CodeIgniter\View\View->render('main', [], true)
 9 APPPATH\Controllers\Office.php(83): view('main', [...])
10 SYSTEMPATH\CodeIgniter.php(933): App\Controllers\Office->getIndex()
11 SYSTEMPATH\CodeIgniter.php(507): CodeIgniter\CodeIgniter->runController(Object(App\Controllers\Office))
12 SYSTEMPATH\CodeIgniter.php(354): CodeIgniter\CodeIgniter->handleRequest(null, Object(Config\Cache), false)
13 SYSTEMPATH\Boot.php(334): CodeIgniter\CodeIgniter->run()
14 SYSTEMPATH\Boot.php(67): CodeIgniter\Boot::runCodeIgniter(Object(CodeIgniter\CodeIgniter))
15 FCPATH\index.php(56): CodeIgniter\Boot::bootWeb(Object(Config\Paths))
WARNING - 2026-05-16 12:30:54 --> [DEPRECATED] htmlspecialchars(): Passing null to parameter #1 ($string) of type string is deprecated in APPPATH\Views\office.php on line 40.
 1 APPPATH\Views\office.php(40): htmlspecialchars(null, 3, 'UTF-8')
 2 SYSTEMPATH\View\View.php(224): include('C:\\xampp\\htdocs\\gscgeavotingsystem\\app\\Views\\office.php')
 3 SYSTEMPATH\View\View.php(227): CodeIgniter\View\View->{closure:CodeIgniter\View\View::render():221}()
 4 SYSTEMPATH\Common.php(1173): CodeIgniter\View\View->render('office', [], true)
 5 APPPATH\Views\main.php(204): view('office', [])
 6 SYSTEMPATH\View\View.php(224): include('C:\\xampp\\htdocs\\gscgeavotingsystem\\app\\Views\\main.php')
 7 SYSTEMPATH\View\View.php(227): CodeIgniter\View\View->{closure:CodeIgniter\View\View::render():221}()
 8 SYSTEMPATH\Common.php(1173): CodeIgniter\View\View->render('main', [], true)
 9 APPPATH\Controllers\Office.php(83): view('main', [...])
10 SYSTEMPATH\CodeIgniter.php(933): App\Controllers\Office->getIndex()
11 SYSTEMPATH\CodeIgniter.php(507): CodeIgniter\CodeIgniter->runController(Object(App\Controllers\Office))
12 SYSTEMPATH\CodeIgniter.php(354): CodeIgniter\CodeIgniter->handleRequest(null, Object(Config\Cache), false)
13 SYSTEMPATH\Boot.php(334): CodeIgniter\CodeIgniter->run()
14 SYSTEMPATH\Boot.php(67): CodeIgniter\Boot::runCodeIgniter(Object(CodeIgniter\CodeIgniter))
15 FCPATH\index.php(56): CodeIgniter\Boot::bootWeb(Object(Config\Paths))
WARNING - 2026-05-16 12:30:54 --> [DEPRECATED] htmlspecialchars(): Passing null to parameter #1 ($string) of type string is deprecated in APPPATH\Views\office.php on line 39.
 1 APPPATH\Views\office.php(39): htmlspecialchars(null, 3, 'UTF-8')
 2 SYSTEMPATH\View\View.php(224): include('C:\\xampp\\htdocs\\gscgeavotingsystem\\app\\Views\\office.php')
 3 SYSTEMPATH\View\View.php(227): CodeIgniter\View\View->{closure:CodeIgniter\View\View::render():221}()
 4 SYSTEMPATH\Common.php(1173): CodeIgniter\View\View->render('office', [], true)
 5 APPPATH\Views\main.php(204): view('office', [])
 6 SYSTEMPATH\View\View.php(224): include('C:\\xampp\\htdocs\\gscgeavotingsystem\\app\\Views\\main.php')
 7 SYSTEMPATH\View\View.php(227): CodeIgniter\View\View->{closure:CodeIgniter\View\View::render():221}()
 8 SYSTEMPATH\Common.php(1173): CodeIgniter\View\View->render('main', [], true)
 9 APPPATH\Controllers\Office.php(83): view('main', [...])
10 SYSTEMPATH\CodeIgniter.php(933): App\Controllers\Office->getIndex()
11 SYSTEMPATH\CodeIgniter.php(507): CodeIgniter\CodeIgniter->runController(Object(App\Controllers\Office))
12 SYSTEMPATH\CodeIgniter.php(354): CodeIgniter\CodeIgniter->handleRequest(null, Object(Config\Cache), false)
13 SYSTEMPATH\Boot.php(334): CodeIgniter\CodeIgniter->run()
14 SYSTEMPATH\Boot.php(67): CodeIgniter\Boot::runCodeIgniter(Object(CodeIgniter\CodeIgniter))
15 FCPATH\index.php(56): CodeIgniter\Boot::bootWeb(Object(Config\Paths))
WARNING - 2026-05-16 12:30:54 --> [DEPRECATED] htmlspecialchars(): Passing null to parameter #1 ($string) of type string is deprecated in APPPATH\Views\office.php on line 40.
 1 APPPATH\Views\office.php(40): htmlspecialchars(null, 3, 'UTF-8')
 2 SYSTEMPATH\View\View.php(224): include('C:\\xampp\\htdocs\\gscgeavotingsystem\\app\\Views\\office.php')
 3 SYSTEMPATH\View\View.php(227): CodeIgniter\View\View->{closure:CodeIgniter\View\View::render():221}()
 4 SYSTEMPATH\Common.php(1173): CodeIgniter\View\View->render('office', [], true)
 5 APPPATH\Views\main.php(204): view('office', [])
 6 SYSTEMPATH\View\View.php(224): include('C:\\xampp\\htdocs\\gscgeavotingsystem\\app\\Views\\main.php')
 7 SYSTEMPATH\View\View.php(227): CodeIgniter\View\View->{closure:CodeIgniter\View\View::render():221}()
 8 SYSTEMPATH\Common.php(1173): CodeIgniter\View\View->render('main', [], true)
 9 APPPATH\Controllers\Office.php(83): view('main', [...])
10 SYSTEMPATH\CodeIgniter.php(933): App\Controllers\Office->getIndex()
11 SYSTEMPATH\CodeIgniter.php(507): CodeIgniter\CodeIgniter->runController(Object(App\Controllers\Office))
12 SYSTEMPATH\CodeIgniter.php(354): CodeIgniter\CodeIgniter->handleRequest(null, Object(Config\Cache), false)
13 SYSTEMPATH\Boot.php(334): CodeIgniter\CodeIgniter->run()
14 SYSTEMPATH\Boot.php(67): CodeIgniter\Boot::runCodeIgniter(Object(CodeIgniter\CodeIgniter))
15 FCPATH\index.php(56): CodeIgniter\Boot::bootWeb(Object(Config\Paths))
WARNING - 2026-05-16 12:30:54 --> [DEPRECATED] htmlspecialchars(): Passing null to parameter #1 ($string) of type string is deprecated in APPPATH\Views\office.php on line 39.
 1 APPPATH\Views\office.php(39): htmlspecialchars(null, 3, 'UTF-8')
 2 SYSTEMPATH\View\View.php(224): include('C:\\xampp\\htdocs\\gscgeavotingsystem\\app\\Views\\office.php')
 3 SYSTEMPATH\View\View.php(227): CodeIgniter\View\View->{closure:CodeIgniter\View\View::render():221}()
 4 SYSTEMPATH\Common.php(1173): CodeIgniter\View\View->render('office', [], true)
 5 APPPATH\Views\main.php(204): view('office', [])
 6 SYSTEMPATH\View\View.php(224): include('C:\\xampp\\htdocs\\gscgeavotingsystem\\app\\Views\\main.php')
 7 SYSTEMPATH\View\View.php(227): CodeIgniter\View\View->{closure:CodeIgniter\View\View::render():221}()
 8 SYSTEMPATH\Common.php(1173): CodeIgniter\View\View->render('main', [], true)
 9 APPPATH\Controllers\Office.php(83): view('main', [...])
10 SYSTEMPATH\CodeIgniter.php(933): App\Controllers\Office->getIndex()
11 SYSTEMPATH\CodeIgniter.php(507): CodeIgniter\CodeIgniter->runController(Object(App\Controllers\Office))
12 SYSTEMPATH\CodeIgniter.php(354): CodeIgniter\CodeIgniter->handleRequest(null, Object(Config\Cache), false)
13 SYSTEMPATH\Boot.php(334): CodeIgniter\CodeIgniter->run()
14 SYSTEMPATH\Boot.php(67): CodeIgniter\Boot::runCodeIgniter(Object(CodeIgniter\CodeIgniter))
15 FCPATH\index.php(56): CodeIgniter\Boot::bootWeb(Object(Config\Paths))
WARNING - 2026-05-16 12:30:54 --> [DEPRECATED] htmlspecialchars(): Passing null to parameter #1 ($string) of type string is deprecated in APPPATH\Views\office.php on line 40.
 1 APPPATH\Views\office.php(40): htmlspecialchars(null, 3, 'UTF-8')
 2 SYSTEMPATH\View\View.php(224): include('C:\\xampp\\htdocs\\gscgeavotingsystem\\app\\Views\\office.php')
 3 SYSTEMPATH\View\View.php(227): CodeIgniter\View\View->{closure:CodeIgniter\View\View::render():221}()
 4 SYSTEMPATH\Common.php(1173): CodeIgniter\View\View->render('office', [], true)
 5 APPPATH\Views\main.php(204): view('office', [])
 6 SYSTEMPATH\View\View.php(224): include('C:\\xampp\\htdocs\\gscgeavotingsystem\\app\\Views\\main.php')
 7 SYSTEMPATH\View\View.php(227): CodeIgniter\View\View->{closure:CodeIgniter\View\View::render():221}()
 8 SYSTEMPATH\Common.php(1173): CodeIgniter\View\View->render('main', [], true)
 9 APPPATH\Controllers\Office.php(83): view('main', [...])
10 SYSTEMPATH\CodeIgniter.php(933): App\Controllers\Office->getIndex()
11 SYSTEMPATH\CodeIgniter.php(507): CodeIgniter\CodeIgniter->runController(Object(App\Controllers\Office))
12 SYSTEMPATH\CodeIgniter.php(354): CodeIgniter\CodeIgniter->handleRequest(null, Object(Config\Cache), false)
13 SYSTEMPATH\Boot.php(334): CodeIgniter\CodeIgniter->run()
14 SYSTEMPATH\Boot.php(67): CodeIgniter\Boot::runCodeIgniter(Object(CodeIgniter\CodeIgniter))
15 FCPATH\index.php(56): CodeIgniter\Boot::bootWeb(Object(Config\Paths))
WARNING - 2026-05-16 12:30:54 --> [DEPRECATED] htmlspecialchars(): Passing null to parameter #1 ($string) of type string is deprecated in APPPATH\Views\office.php on line 39.
 1 APPPATH\Views\office.php(39): htmlspecialchars(null, 3, 'UTF-8')
 2 SYSTEMPATH\View\View.php(224): include('C:\\xampp\\htdocs\\gscgeavotingsystem\\app\\Views\\office.php')
 3 SYSTEMPATH\View\View.php(227): CodeIgniter\View\View->{closure:CodeIgniter\View\View::render():221}()
 4 SYSTEMPATH\Common.php(1173): CodeIgniter\View\View->render('office', [], true)
 5 APPPATH\Views\main.php(204): view('office', [])
 6 SYSTEMPATH\View\View.php(224): include('C:\\xampp\\htdocs\\gscgeavotingsystem\\app\\Views\\main.php')
 7 SYSTEMPATH\View\View.php(227): CodeIgniter\View\View->{closure:CodeIgniter\View\View::render():221}()
 8 SYSTEMPATH\Common.php(1173): CodeIgniter\View\View->render('main', [], true)
 9 APPPATH\Controllers\Office.php(83): view('main', [...])
10 SYSTEMPATH\CodeIgniter.php(933): App\Controllers\Office->getIndex()
11 SYSTEMPATH\CodeIgniter.php(507): CodeIgniter\CodeIgniter->runController(Object(App\Controllers\Office))
12 SYSTEMPATH\CodeIgniter.php(354): CodeIgniter\CodeIgniter->handleRequest(null, Object(Config\Cache), false)
13 SYSTEMPATH\Boot.php(334): CodeIgniter\CodeIgniter->run()
14 SYSTEMPATH\Boot.php(67): CodeIgniter\Boot::runCodeIgniter(Object(CodeIgniter\CodeIgniter))
15 FCPATH\index.php(56): CodeIgniter\Boot::bootWeb(Object(Config\Paths))
WARNING - 2026-05-16 12:30:54 --> [DEPRECATED] htmlspecialchars(): Passing null to parameter #1 ($string) of type string is deprecated in APPPATH\Views\office.php on line 40.
 1 APPPATH\Views\office.php(40): htmlspecialchars(null, 3, 'UTF-8')
 2 SYSTEMPATH\View\View.php(224): include('C:\\xampp\\htdocs\\gscgeavotingsystem\\app\\Views\\office.php')
 3 SYSTEMPATH\View\View.php(227): CodeIgniter\View\View->{closure:CodeIgniter\View\View::render():221}()
 4 SYSTEMPATH\Common.php(1173): CodeIgniter\View\View->render('office', [], true)
 5 APPPATH\Views\main.php(204): view('office', [])
 6 SYSTEMPATH\View\View.php(224): include('C:\\xampp\\htdocs\\gscgeavotingsystem\\app\\Views\\main.php')
 7 SYSTEMPATH\View\View.php(227): CodeIgniter\View\View->{closure:CodeIgniter\View\View::render():221}()
 8 SYSTEMPATH\Common.php(1173): CodeIgniter\View\View->render('main', [], true)
 9 APPPATH\Controllers\Office.php(83): view('main', [...])
10 SYSTEMPATH\CodeIgniter.php(933): App\Controllers\Office->getIndex()
11 SYSTEMPATH\CodeIgniter.php(507): CodeIgniter\CodeIgniter->runController(Object(App\Controllers\Office))
12 SYSTEMPATH\CodeIgniter.php(354): CodeIgniter\CodeIgniter->handleRequest(null, Object(Config\Cache), false)
13 SYSTEMPATH\Boot.php(334): CodeIgniter\CodeIgniter->run()
14 SYSTEMPATH\Boot.php(67): CodeIgniter\Boot::runCodeIgniter(Object(CodeIgniter\CodeIgniter))
15 FCPATH\index.php(56): CodeIgniter\Boot::bootWeb(Object(Config\Paths))
WARNING - 2026-05-16 12:30:54 --> [DEPRECATED] htmlspecialchars(): Passing null to parameter #1 ($string) of type string is deprecated in APPPATH\Views\office.php on line 39.
 1 APPPATH\Views\office.php(39): htmlspecialchars(null, 3, 'UTF-8')
 2 SYSTEMPATH\View\View.php(224): include('C:\\xampp\\htdocs\\gscgeavotingsystem\\app\\Views\\office.php')
 3 SYSTEMPATH\View\View.php(227): CodeIgniter\View\View->{closure:CodeIgniter\View\View::render():221}()
 4 SYSTEMPATH\Common.php(1173): CodeIgniter\View\View->render('office', [], true)
 5 APPPATH\Views\main.php(204): view('office', [])
 6 SYSTEMPATH\View\View.php(224): include('C:\\xampp\\htdocs\\gscgeavotingsystem\\app\\Views\\main.php')
 7 SYSTEMPATH\View\View.php(227): CodeIgniter\View\View->{closure:CodeIgniter\View\View::render():221}()
 8 SYSTEMPATH\Common.php(1173): CodeIgniter\View\View->render('main', [], true)
 9 APPPATH\Controllers\Office.php(83): view('main', [...])
10 SYSTEMPATH\CodeIgniter.php(933): App\Controllers\Office->getIndex()
11 SYSTEMPATH\CodeIgniter.php(507): CodeIgniter\CodeIgniter->runController(Object(App\Controllers\Office))
12 SYSTEMPATH\CodeIgniter.php(354): CodeIgniter\CodeIgniter->handleRequest(null, Object(Config\Cache), false)
13 SYSTEMPATH\Boot.php(334): CodeIgniter\CodeIgniter->run()
14 SYSTEMPATH\Boot.php(67): CodeIgniter\Boot::runCodeIgniter(Object(CodeIgniter\CodeIgniter))
15 FCPATH\index.php(56): CodeIgniter\Boot::bootWeb(Object(Config\Paths))
WARNING - 2026-05-16 12:30:54 --> [DEPRECATED] htmlspecialchars(): Passing null to parameter #1 ($string) of type string is deprecated in APPPATH\Views\office.php on line 40.
 1 APPPATH\Views\office.php(40): htmlspecialchars(null, 3, 'UTF-8')
 2 SYSTEMPATH\View\View.php(224): include('C:\\xampp\\htdocs\\gscgeavotingsystem\\app\\Views\\office.php')
 3 SYSTEMPATH\View\View.php(227): CodeIgniter\View\View->{closure:CodeIgniter\View\View::render():221}()
 4 SYSTEMPATH\Common.php(1173): CodeIgniter\View\View->render('office', [], true)
 5 APPPATH\Views\main.php(204): view('office', [])
 6 SYSTEMPATH\View\View.php(224): include('C:\\xampp\\htdocs\\gscgeavotingsystem\\app\\Views\\main.php')
 7 SYSTEMPATH\View\View.php(227): CodeIgniter\View\View->{closure:CodeIgniter\View\View::render():221}()
 8 SYSTEMPATH\Common.php(1173): CodeIgniter\View\View->render('main', [], true)
 9 APPPATH\Controllers\Office.php(83): view('main', [...])
10 SYSTEMPATH\CodeIgniter.php(933): App\Controllers\Office->getIndex()
11 SYSTEMPATH\CodeIgniter.php(507): CodeIgniter\CodeIgniter->runController(Object(App\Controllers\Office))
12 SYSTEMPATH\CodeIgniter.php(354): CodeIgniter\CodeIgniter->handleRequest(null, Object(Config\Cache), false)
13 SYSTEMPATH\Boot.php(334): CodeIgniter\CodeIgniter->run()
14 SYSTEMPATH\Boot.php(67): CodeIgniter\Boot::runCodeIgniter(Object(CodeIgniter\CodeIgniter))
15 FCPATH\index.php(56): CodeIgniter\Boot::bootWeb(Object(Config\Paths))
WARNING - 2026-05-16 12:30:54 --> [DEPRECATED] htmlspecialchars(): Passing null to parameter #1 ($string) of type string is deprecated in APPPATH\Views\office.php on line 39.
 1 APPPATH\Views\office.php(39): htmlspecialchars(null, 3, 'UTF-8')
 2 SYSTEMPATH\View\View.php(224): include('C:\\xampp\\htdocs\\gscgeavotingsystem\\app\\Views\\office.php')
 3 SYSTEMPATH\View\View.php(227): CodeIgniter\View\View->{closure:CodeIgniter\View\View::render():221}()
 4 SYSTEMPATH\Common.php(1173): CodeIgniter\View\View->render('office', [], true)
 5 APPPATH\Views\main.php(204): view('office', [])
 6 SYSTEMPATH\View\View.php(224): include('C:\\xampp\\htdocs\\gscgeavotingsystem\\app\\Views\\main.php')
 7 SYSTEMPATH\View\View.php(227): CodeIgniter\View\View->{closure:CodeIgniter\View\View::render():221}()
 8 SYSTEMPATH\Common.php(1173): CodeIgniter\View\View->render('main', [], true)
 9 APPPATH\Controllers\Office.php(83): view('main', [...])
10 SYSTEMPATH\CodeIgniter.php(933): App\Controllers\Office->getIndex()
11 SYSTEMPATH\CodeIgniter.php(507): CodeIgniter\CodeIgniter->runController(Object(App\Controllers\Office))
12 SYSTEMPATH\CodeIgniter.php(354): CodeIgniter\CodeIgniter->handleRequest(null, Object(Config\Cache), false)
13 SYSTEMPATH\Boot.php(334): CodeIgniter\CodeIgniter->run()
14 SYSTEMPATH\Boot.php(67): CodeIgniter\Boot::runCodeIgniter(Object(CodeIgniter\CodeIgniter))
15 FCPATH\index.php(56): CodeIgniter\Boot::bootWeb(Object(Config\Paths))
WARNING - 2026-05-16 12:30:54 --> [DEPRECATED] htmlspecialchars(): Passing null to parameter #1 ($string) of type string is deprecated in APPPATH\Views\office.php on line 40.
 1 APPPATH\Views\office.php(40): htmlspecialchars(null, 3, 'UTF-8')
 2 SYSTEMPATH\View\View.php(224): include('C:\\xampp\\htdocs\\gscgeavotingsystem\\app\\Views\\office.php')
 3 SYSTEMPATH\View\View.php(227): CodeIgniter\View\View->{closure:CodeIgniter\View\View::render():221}()
 4 SYSTEMPATH\Common.php(1173): CodeIgniter\View\View->render('office', [], true)
 5 APPPATH\Views\main.php(204): view('office', [])
 6 SYSTEMPATH\View\View.php(224): include('C:\\xampp\\htdocs\\gscgeavotingsystem\\app\\Views\\main.php')
 7 SYSTEMPATH\View\View.php(227): CodeIgniter\View\View->{closure:CodeIgniter\View\View::render():221}()
 8 SYSTEMPATH\Common.php(1173): CodeIgniter\View\View->render('main', [], true)
 9 APPPATH\Controllers\Office.php(83): view('main', [...])
10 SYSTEMPATH\CodeIgniter.php(933): App\Controllers\Office->getIndex()
11 SYSTEMPATH\CodeIgniter.php(507): CodeIgniter\CodeIgniter->runController(Object(App\Controllers\Office))
12 SYSTEMPATH\CodeIgniter.php(354): CodeIgniter\CodeIgniter->handleRequest(null, Object(Config\Cache), false)
13 SYSTEMPATH\Boot.php(334): CodeIgniter\CodeIgniter->run()
14 SYSTEMPATH\Boot.php(67): CodeIgniter\Boot::runCodeIgniter(Object(CodeIgniter\CodeIgniter))
15 FCPATH\index.php(56): CodeIgniter\Boot::bootWeb(Object(Config\Paths))
WARNING - 2026-05-16 12:30:54 --> [DEPRECATED] htmlspecialchars(): Passing null to parameter #1 ($string) of type string is deprecated in APPPATH\Views\office.php on line 39.
 1 APPPATH\Views\office.php(39): htmlspecialchars(null, 3, 'UTF-8')
 2 SYSTEMPATH\View\View.php(224): include('C:\\xampp\\htdocs\\gscgeavotingsystem\\app\\Views\\office.php')
 3 SYSTEMPATH\View\View.php(227): CodeIgniter\View\View->{closure:CodeIgniter\View\View::render():221}()
 4 SYSTEMPATH\Common.php(1173): CodeIgniter\View\View->render('office', [], true)
 5 APPPATH\Views\main.php(204): view('office', [])
 6 SYSTEMPATH\View\View.php(224): include('C:\\xampp\\htdocs\\gscgeavotingsystem\\app\\Views\\main.php')
 7 SYSTEMPATH\View\View.php(227): CodeIgniter\View\View->{closure:CodeIgniter\View\View::render():221}()
 8 SYSTEMPATH\Common.php(1173): CodeIgniter\View\View->render('main', [], true)
 9 APPPATH\Controllers\Office.php(83): view('main', [...])
10 SYSTEMPATH\CodeIgniter.php(933): App\Controllers\Office->getIndex()
11 SYSTEMPATH\CodeIgniter.php(507): CodeIgniter\CodeIgniter->runController(Object(App\Controllers\Office))
12 SYSTEMPATH\CodeIgniter.php(354): CodeIgniter\CodeIgniter->handleRequest(null, Object(Config\Cache), false)
13 SYSTEMPATH\Boot.php(334): CodeIgniter\CodeIgniter->run()
14 SYSTEMPATH\Boot.php(67): CodeIgniter\Boot::runCodeIgniter(Object(CodeIgniter\CodeIgniter))
15 FCPATH\index.php(56): CodeIgniter\Boot::bootWeb(Object(Config\Paths))
WARNING - 2026-05-16 12:30:54 --> [DEPRECATED] htmlspecialchars(): Passing null to parameter #1 ($string) of type string is deprecated in APPPATH\Views\office.php on line 40.
 1 APPPATH\Views\office.php(40): htmlspecialchars(null, 3, 'UTF-8')
 2 SYSTEMPATH\View\View.php(224): include('C:\\xampp\\htdocs\\gscgeavotingsystem\\app\\Views\\office.php')
 3 SYSTEMPATH\View\View.php(227): CodeIgniter\View\View->{closure:CodeIgniter\View\View::render():221}()
 4 SYSTEMPATH\Common.php(1173): CodeIgniter\View\View->render('office', [], true)
 5 APPPATH\Views\main.php(204): view('office', [])
 6 SYSTEMPATH\View\View.php(224): include('C:\\xampp\\htdocs\\gscgeavotingsystem\\app\\Views\\main.php')
 7 SYSTEMPATH\View\View.php(227): CodeIgniter\View\View->{closure:CodeIgniter\View\View::render():221}()
 8 SYSTEMPATH\Common.php(1173): CodeIgniter\View\View->render('main', [], true)
 9 APPPATH\Controllers\Office.php(83): view('main', [...])
10 SYSTEMPATH\CodeIgniter.php(933): App\Controllers\Office->getIndex()
11 SYSTEMPATH\CodeIgniter.php(507): CodeIgniter\CodeIgniter->runController(Object(App\Controllers\Office))
12 SYSTEMPATH\CodeIgniter.php(354): CodeIgniter\CodeIgniter->handleRequest(null, Object(Config\Cache), false)
13 SYSTEMPATH\Boot.php(334): CodeIgniter\CodeIgniter->run()
14 SYSTEMPATH\Boot.php(67): CodeIgniter\Boot::runCodeIgniter(Object(CodeIgniter\CodeIgniter))
15 FCPATH\index.php(56): CodeIgniter\Boot::bootWeb(Object(Config\Paths))
WARNING - 2026-05-16 12:30:54 --> [DEPRECATED] htmlspecialchars(): Passing null to parameter #1 ($string) of type string is deprecated in APPPATH\Views\office.php on line 39.
 1 APPPATH\Views\office.php(39): htmlspecialchars(null, 3, 'UTF-8')
 2 SYSTEMPATH\View\View.php(224): include('C:\\xampp\\htdocs\\gscgeavotingsystem\\app\\Views\\office.php')
 3 SYSTEMPATH\View\View.php(227): CodeIgniter\View\View->{closure:CodeIgniter\View\View::render():221}()
 4 SYSTEMPATH\Common.php(1173): CodeIgniter\View\View->render('office', [], true)
 5 APPPATH\Views\main.php(204): view('office', [])
 6 SYSTEMPATH\View\View.php(224): include('C:\\xampp\\htdocs\\gscgeavotingsystem\\app\\Views\\main.php')
 7 SYSTEMPATH\View\View.php(227): CodeIgniter\View\View->{closure:CodeIgniter\View\View::render():221}()
 8 SYSTEMPATH\Common.php(1173): CodeIgniter\View\View->render('main', [], true)
 9 APPPATH\Controllers\Office.php(83): view('main', [...])
10 SYSTEMPATH\CodeIgniter.php(933): App\Controllers\Office->getIndex()
11 SYSTEMPATH\CodeIgniter.php(507): CodeIgniter\CodeIgniter->runController(Object(App\Controllers\Office))
12 SYSTEMPATH\CodeIgniter.php(354): CodeIgniter\CodeIgniter->handleRequest(null, Object(Config\Cache), false)
13 SYSTEMPATH\Boot.php(334): CodeIgniter\CodeIgniter->run()
14 SYSTEMPATH\Boot.php(67): CodeIgniter\Boot::runCodeIgniter(Object(CodeIgniter\CodeIgniter))
15 FCPATH\index.php(56): CodeIgniter\Boot::bootWeb(Object(Config\Paths))
WARNING - 2026-05-16 12:30:54 --> [DEPRECATED] htmlspecialchars(): Passing null to parameter #1 ($string) of type string is deprecated in APPPATH\Views\office.php on line 40.
 1 APPPATH\Views\office.php(40): htmlspecialchars(null, 3, 'UTF-8')
 2 SYSTEMPATH\View\View.php(224): include('C:\\xampp\\htdocs\\gscgeavotingsystem\\app\\Views\\office.php')
 3 SYSTEMPATH\View\View.php(227): CodeIgniter\View\View->{closure:CodeIgniter\View\View::render():221}()
 4 SYSTEMPATH\Common.php(1173): CodeIgniter\View\View->render('office', [], true)
 5 APPPATH\Views\main.php(204): view('office', [])
 6 SYSTEMPATH\View\View.php(224): include('C:\\xampp\\htdocs\\gscgeavotingsystem\\app\\Views\\main.php')
 7 SYSTEMPATH\View\View.php(227): CodeIgniter\View\View->{closure:CodeIgniter\View\View::render():221}()
 8 SYSTEMPATH\Common.php(1173): CodeIgniter\View\View->render('main', [], true)
 9 APPPATH\Controllers\Office.php(83): view('main', [...])
10 SYSTEMPATH\CodeIgniter.php(933): App\Controllers\Office->getIndex()
11 SYSTEMPATH\CodeIgniter.php(507): CodeIgniter\CodeIgniter->runController(Object(App\Controllers\Office))
12 SYSTEMPATH\CodeIgniter.php(354): CodeIgniter\CodeIgniter->handleRequest(null, Object(Config\Cache), false)
13 SYSTEMPATH\Boot.php(334): CodeIgniter\CodeIgniter->run()
14 SYSTEMPATH\Boot.php(67): CodeIgniter\Boot::runCodeIgniter(Object(CodeIgniter\CodeIgniter))
15 FCPATH\index.php(56): CodeIgniter\Boot::bootWeb(Object(Config\Paths))
WARNING - 2026-05-16 12:30:54 --> [DEPRECATED] htmlspecialchars(): Passing null to parameter #1 ($string) of type string is deprecated in APPPATH\Views\office.php on line 39.
 1 APPPATH\Views\office.php(39): htmlspecialchars(null, 3, 'UTF-8')
 2 SYSTEMPATH\View\View.php(224): include('C:\\xampp\\htdocs\\gscgeavotingsystem\\app\\Views\\office.php')
 3 SYSTEMPATH\View\View.php(227): CodeIgniter\View\View->{closure:CodeIgniter\View\View::render():221}()
 4 SYSTEMPATH\Common.php(1173): CodeIgniter\View\View->render('office', [], true)
 5 APPPATH\Views\main.php(204): view('office', [])
 6 SYSTEMPATH\View\View.php(224): include('C:\\xampp\\htdocs\\gscgeavotingsystem\\app\\Views\\main.php')
 7 SYSTEMPATH\View\View.php(227): CodeIgniter\View\View->{closure:CodeIgniter\View\View::render():221}()
 8 SYSTEMPATH\Common.php(1173): CodeIgniter\View\View->render('main', [], true)
 9 APPPATH\Controllers\Office.php(83): view('main', [...])
10 SYSTEMPATH\CodeIgniter.php(933): App\Controllers\Office->getIndex()
11 SYSTEMPATH\CodeIgniter.php(507): CodeIgniter\CodeIgniter->runController(Object(App\Controllers\Office))
12 SYSTEMPATH\CodeIgniter.php(354): CodeIgniter\CodeIgniter->handleRequest(null, Object(Config\Cache), false)
13 SYSTEMPATH\Boot.php(334): CodeIgniter\CodeIgniter->run()
14 SYSTEMPATH\Boot.php(67): CodeIgniter\Boot::runCodeIgniter(Object(CodeIgniter\CodeIgniter))
15 FCPATH\index.php(56): CodeIgniter\Boot::bootWeb(Object(Config\Paths))
WARNING - 2026-05-16 12:30:54 --> [DEPRECATED] htmlspecialchars(): Passing null to parameter #1 ($string) of type string is deprecated in APPPATH\Views\office.php on line 40.
 1 APPPATH\Views\office.php(40): htmlspecialchars(null, 3, 'UTF-8')
 2 SYSTEMPATH\View\View.php(224): include('C:\\xampp\\htdocs\\gscgeavotingsystem\\app\\Views\\office.php')
 3 SYSTEMPATH\View\View.php(227): CodeIgniter\View\View->{closure:CodeIgniter\View\View::render():221}()
 4 SYSTEMPATH\Common.php(1173): CodeIgniter\View\View->render('office', [], true)
 5 APPPATH\Views\main.php(204): view('office', [])
 6 SYSTEMPATH\View\View.php(224): include('C:\\xampp\\htdocs\\gscgeavotingsystem\\app\\Views\\main.php')
 7 SYSTEMPATH\View\View.php(227): CodeIgniter\View\View->{closure:CodeIgniter\View\View::render():221}()
 8 SYSTEMPATH\Common.php(1173): CodeIgniter\View\View->render('main', [], true)
 9 APPPATH\Controllers\Office.php(83): view('main', [...])
10 SYSTEMPATH\CodeIgniter.php(933): App\Controllers\Office->getIndex()
11 SYSTEMPATH\CodeIgniter.php(507): CodeIgniter\CodeIgniter->runController(Object(App\Controllers\Office))
12 SYSTEMPATH\CodeIgniter.php(354): CodeIgniter\CodeIgniter->handleRequest(null, Object(Config\Cache), false)
13 SYSTEMPATH\Boot.php(334): CodeIgniter\CodeIgniter->run()
14 SYSTEMPATH\Boot.php(67): CodeIgniter\Boot::runCodeIgniter(Object(CodeIgniter\CodeIgniter))
15 FCPATH\index.php(56): CodeIgniter\Boot::bootWeb(Object(Config\Paths))
WARNING - 2026-05-16 12:30:54 --> [DEPRECATED] htmlspecialchars(): Passing null to parameter #1 ($string) of type string is deprecated in APPPATH\Views\office.php on line 39.
 1 APPPATH\Views\office.php(39): htmlspecialchars(null, 3, 'UTF-8')
 2 SYSTEMPATH\View\View.php(224): include('C:\\xampp\\htdocs\\gscgeavotingsystem\\app\\Views\\office.php')
 3 SYSTEMPATH\View\View.php(227): CodeIgniter\View\View->{closure:CodeIgniter\View\View::render():221}()
 4 SYSTEMPATH\Common.php(1173): CodeIgniter\View\View->render('office', [], true)
 5 APPPATH\Views\main.php(204): view('office', [])
 6 SYSTEMPATH\View\View.php(224): include('C:\\xampp\\htdocs\\gscgeavotingsystem\\app\\Views\\main.php')
 7 SYSTEMPATH\View\View.php(227): CodeIgniter\View\View->{closure:CodeIgniter\View\View::render():221}()
 8 SYSTEMPATH\Common.php(1173): CodeIgniter\View\View->render('main', [], true)
 9 APPPATH\Controllers\Office.php(83): view('main', [...])
10 SYSTEMPATH\CodeIgniter.php(933): App\Controllers\Office->getIndex()
11 SYSTEMPATH\CodeIgniter.php(507): CodeIgniter\CodeIgniter->runController(Object(App\Controllers\Office))
12 SYSTEMPATH\CodeIgniter.php(354): CodeIgniter\CodeIgniter->handleRequest(null, Object(Config\Cache), false)
13 SYSTEMPATH\Boot.php(334): CodeIgniter\CodeIgniter->run()
14 SYSTEMPATH\Boot.php(67): CodeIgniter\Boot::runCodeIgniter(Object(CodeIgniter\CodeIgniter))
15 FCPATH\index.php(56): CodeIgniter\Boot::bootWeb(Object(Config\Paths))
WARNING - 2026-05-16 12:30:54 --> [DEPRECATED] htmlspecialchars(): Passing null to parameter #1 ($string) of type string is deprecated in APPPATH\Views\office.php on line 40.
 1 APPPATH\Views\office.php(40): htmlspecialchars(null, 3, 'UTF-8')
 2 SYSTEMPATH\View\View.php(224): include('C:\\xampp\\htdocs\\gscgeavotingsystem\\app\\Views\\office.php')
 3 SYSTEMPATH\View\View.php(227): CodeIgniter\View\View->{closure:CodeIgniter\View\View::render():221}()
 4 SYSTEMPATH\Common.php(1173): CodeIgniter\View\View->render('office', [], true)
 5 APPPATH\Views\main.php(204): view('office', [])
 6 SYSTEMPATH\View\View.php(224): include('C:\\xampp\\htdocs\\gscgeavotingsystem\\app\\Views\\main.php')
 7 SYSTEMPATH\View\View.php(227): CodeIgniter\View\View->{closure:CodeIgniter\View\View::render():221}()
 8 SYSTEMPATH\Common.php(1173): CodeIgniter\View\View->render('main', [], true)
 9 APPPATH\Controllers\Office.php(83): view('main', [...])
10 SYSTEMPATH\CodeIgniter.php(933): App\Controllers\Office->getIndex()
11 SYSTEMPATH\CodeIgniter.php(507): CodeIgniter\CodeIgniter->runController(Object(App\Controllers\Office))
12 SYSTEMPATH\CodeIgniter.php(354): CodeIgniter\CodeIgniter->handleRequest(null, Object(Config\Cache), false)
13 SYSTEMPATH\Boot.php(334): CodeIgniter\CodeIgniter->run()
14 SYSTEMPATH\Boot.php(67): CodeIgniter\Boot::runCodeIgniter(Object(CodeIgniter\CodeIgniter))
15 FCPATH\index.php(56): CodeIgniter\Boot::bootWeb(Object(Config\Paths))
WARNING - 2026-05-16 12:30:54 --> [DEPRECATED] htmlspecialchars(): Passing null to parameter #1 ($string) of type string is deprecated in APPPATH\Views\office.php on line 39.
 1 APPPATH\Views\office.php(39): htmlspecialchars(null, 3, 'UTF-8')
 2 SYSTEMPATH\View\View.php(224): include('C:\\xampp\\htdocs\\gscgeavotingsystem\\app\\Views\\office.php')
 3 SYSTEMPATH\View\View.php(227): CodeIgniter\View\View->{closure:CodeIgniter\View\View::render():221}()
 4 SYSTEMPATH\Common.php(1173): CodeIgniter\View\View->render('office', [], true)
 5 APPPATH\Views\main.php(204): view('office', [])
 6 SYSTEMPATH\View\View.php(224): include('C:\\xampp\\htdocs\\gscgeavotingsystem\\app\\Views\\main.php')
 7 SYSTEMPATH\View\View.php(227): CodeIgniter\View\View->{closure:CodeIgniter\View\View::render():221}()
 8 SYSTEMPATH\Common.php(1173): CodeIgniter\View\View->render('main', [], true)
 9 APPPATH\Controllers\Office.php(83): view('main', [...])
10 SYSTEMPATH\CodeIgniter.php(933): App\Controllers\Office->getIndex()
11 SYSTEMPATH\CodeIgniter.php(507): CodeIgniter\CodeIgniter->runController(Object(App\Controllers\Office))
12 SYSTEMPATH\CodeIgniter.php(354): CodeIgniter\CodeIgniter->handleRequest(null, Object(Config\Cache), false)
13 SYSTEMPATH\Boot.php(334): CodeIgniter\CodeIgniter->run()
14 SYSTEMPATH\Boot.php(67): CodeIgniter\Boot::runCodeIgniter(Object(CodeIgniter\CodeIgniter))
15 FCPATH\index.php(56): CodeIgniter\Boot::bootWeb(Object(Config\Paths))
WARNING - 2026-05-16 12:30:54 --> [DEPRECATED] htmlspecialchars(): Passing null to parameter #1 ($string) of type string is deprecated in APPPATH\Views\office.php on line 40.
 1 APPPATH\Views\office.php(40): htmlspecialchars(null, 3, 'UTF-8')
 2 SYSTEMPATH\View\View.php(224): include('C:\\xampp\\htdocs\\gscgeavotingsystem\\app\\Views\\office.php')
 3 SYSTEMPATH\View\View.php(227): CodeIgniter\View\View->{closure:CodeIgniter\View\View::render():221}()
 4 SYSTEMPATH\Common.php(1173): CodeIgniter\View\View->render('office', [], true)
 5 APPPATH\Views\main.php(204): view('office', [])
 6 SYSTEMPATH\View\View.php(224): include('C:\\xampp\\htdocs\\gscgeavotingsystem\\app\\Views\\main.php')
 7 SYSTEMPATH\View\View.php(227): CodeIgniter\View\View->{closure:CodeIgniter\View\View::render():221}()
 8 SYSTEMPATH\Common.php(1173): CodeIgniter\View\View->render('main', [], true)
 9 APPPATH\Controllers\Office.php(83): view('main', [...])
10 SYSTEMPATH\CodeIgniter.php(933): App\Controllers\Office->getIndex()
11 SYSTEMPATH\CodeIgniter.php(507): CodeIgniter\CodeIgniter->runController(Object(App\Controllers\Office))
12 SYSTEMPATH\CodeIgniter.php(354): CodeIgniter\CodeIgniter->handleRequest(null, Object(Config\Cache), false)
13 SYSTEMPATH\Boot.php(334): CodeIgniter\CodeIgniter->run()
14 SYSTEMPATH\Boot.php(67): CodeIgniter\Boot::runCodeIgniter(Object(CodeIgniter\CodeIgniter))
15 FCPATH\index.php(56): CodeIgniter\Boot::bootWeb(Object(Config\Paths))
WARNING - 2026-05-16 12:30:54 --> [DEPRECATED] htmlspecialchars(): Passing null to parameter #1 ($string) of type string is deprecated in APPPATH\Views\office.php on line 39.
 1 APPPATH\Views\office.php(39): htmlspecialchars(null, 3, 'UTF-8')
 2 SYSTEMPATH\View\View.php(224): include('C:\\xampp\\htdocs\\gscgeavotingsystem\\app\\Views\\office.php')
 3 SYSTEMPATH\View\View.php(227): CodeIgniter\View\View->{closure:CodeIgniter\View\View::render():221}()
 4 SYSTEMPATH\Common.php(1173): CodeIgniter\View\View->render('office', [], true)
 5 APPPATH\Views\main.php(204): view('office', [])
 6 SYSTEMPATH\View\View.php(224): include('C:\\xampp\\htdocs\\gscgeavotingsystem\\app\\Views\\main.php')
 7 SYSTEMPATH\View\View.php(227): CodeIgniter\View\View->{closure:CodeIgniter\View\View::render():221}()
 8 SYSTEMPATH\Common.php(1173): CodeIgniter\View\View->render('main', [], true)
 9 APPPATH\Controllers\Office.php(83): view('main', [...])
10 SYSTEMPATH\CodeIgniter.php(933): App\Controllers\Office->getIndex()
11 SYSTEMPATH\CodeIgniter.php(507): CodeIgniter\CodeIgniter->runController(Object(App\Controllers\Office))
12 SYSTEMPATH\CodeIgniter.php(354): CodeIgniter\CodeIgniter->handleRequest(null, Object(Config\Cache), false)
13 SYSTEMPATH\Boot.php(334): CodeIgniter\CodeIgniter->run()
14 SYSTEMPATH\Boot.php(67): CodeIgniter\Boot::runCodeIgniter(Object(CodeIgniter\CodeIgniter))
15 FCPATH\index.php(56): CodeIgniter\Boot::bootWeb(Object(Config\Paths))
WARNING - 2026-05-16 12:30:54 --> [DEPRECATED] htmlspecialchars(): Passing null to parameter #1 ($string) of type string is deprecated in APPPATH\Views\office.php on line 40.
 1 APPPATH\Views\office.php(40): htmlspecialchars(null, 3, 'UTF-8')
 2 SYSTEMPATH\View\View.php(224): include('C:\\xampp\\htdocs\\gscgeavotingsystem\\app\\Views\\office.php')
 3 SYSTEMPATH\View\View.php(227): CodeIgniter\View\View->{closure:CodeIgniter\View\View::render():221}()
 4 SYSTEMPATH\Common.php(1173): CodeIgniter\View\View->render('office', [], true)
 5 APPPATH\Views\main.php(204): view('office', [])
 6 SYSTEMPATH\View\View.php(224): include('C:\\xampp\\htdocs\\gscgeavotingsystem\\app\\Views\\main.php')
 7 SYSTEMPATH\View\View.php(227): CodeIgniter\View\View->{closure:CodeIgniter\View\View::render():221}()
 8 SYSTEMPATH\Common.php(1173): CodeIgniter\View\View->render('main', [], true)
 9 APPPATH\Controllers\Office.php(83): view('main', [...])
10 SYSTEMPATH\CodeIgniter.php(933): App\Controllers\Office->getIndex()
11 SYSTEMPATH\CodeIgniter.php(507): CodeIgniter\CodeIgniter->runController(Object(App\Controllers\Office))
12 SYSTEMPATH\CodeIgniter.php(354): CodeIgniter\CodeIgniter->handleRequest(null, Object(Config\Cache), false)
13 SYSTEMPATH\Boot.php(334): CodeIgniter\CodeIgniter->run()
14 SYSTEMPATH\Boot.php(67): CodeIgniter\Boot::runCodeIgniter(Object(CodeIgniter\CodeIgniter))
15 FCPATH\index.php(56): CodeIgniter\Boot::bootWeb(Object(Config\Paths))
WARNING - 2026-05-16 12:30:54 --> [DEPRECATED] htmlspecialchars(): Passing null to parameter #1 ($string) of type string is deprecated in APPPATH\Views\office.php on line 39.
 1 APPPATH\Views\office.php(39): htmlspecialchars(null, 3, 'UTF-8')
 2 SYSTEMPATH\View\View.php(224): include('C:\\xampp\\htdocs\\gscgeavotingsystem\\app\\Views\\office.php')
 3 SYSTEMPATH\View\View.php(227): CodeIgniter\View\View->{closure:CodeIgniter\View\View::render():221}()
 4 SYSTEMPATH\Common.php(1173): CodeIgniter\View\View->render('office', [], true)
 5 APPPATH\Views\main.php(204): view('office', [])
 6 SYSTEMPATH\View\View.php(224): include('C:\\xampp\\htdocs\\gscgeavotingsystem\\app\\Views\\main.php')
 7 SYSTEMPATH\View\View.php(227): CodeIgniter\View\View->{closure:CodeIgniter\View\View::render():221}()
 8 SYSTEMPATH\Common.php(1173): CodeIgniter\View\View->render('main', [], true)
 9 APPPATH\Controllers\Office.php(83): view('main', [...])
10 SYSTEMPATH\CodeIgniter.php(933): App\Controllers\Office->getIndex()
11 SYSTEMPATH\CodeIgniter.php(507): CodeIgniter\CodeIgniter->runController(Object(App\Controllers\Office))
12 SYSTEMPATH\CodeIgniter.php(354): CodeIgniter\CodeIgniter->handleRequest(null, Object(Config\Cache), false)
13 SYSTEMPATH\Boot.php(334): CodeIgniter\CodeIgniter->run()
14 SYSTEMPATH\Boot.php(67): CodeIgniter\Boot::runCodeIgniter(Object(CodeIgniter\CodeIgniter))
15 FCPATH\index.php(56): CodeIgniter\Boot::bootWeb(Object(Config\Paths))
WARNING - 2026-05-16 12:30:54 --> [DEPRECATED] htmlspecialchars(): Passing null to parameter #1 ($string) of type string is deprecated in APPPATH\Views\office.php on line 40.
 1 APPPATH\Views\office.php(40): htmlspecialchars(null, 3, 'UTF-8')
 2 SYSTEMPATH\View\View.php(224): include('C:\\xampp\\htdocs\\gscgeavotingsystem\\app\\Views\\office.php')
 3 SYSTEMPATH\View\View.php(227): CodeIgniter\View\View->{closure:CodeIgniter\View\View::render():221}()
 4 SYSTEMPATH\Common.php(1173): CodeIgniter\View\View->render('office', [], true)
 5 APPPATH\Views\main.php(204): view('office', [])
 6 SYSTEMPATH\View\View.php(224): include('C:\\xampp\\htdocs\\gscgeavotingsystem\\app\\Views\\main.php')
 7 SYSTEMPATH\View\View.php(227): CodeIgniter\View\View->{closure:CodeIgniter\View\View::render():221}()
 8 SYSTEMPATH\Common.php(1173): CodeIgniter\View\View->render('main', [], true)
 9 APPPATH\Controllers\Office.php(83): view('main', [...])
10 SYSTEMPATH\CodeIgniter.php(933): App\Controllers\Office->getIndex()
11 SYSTEMPATH\CodeIgniter.php(507): CodeIgniter\CodeIgniter->runController(Object(App\Controllers\Office))
12 SYSTEMPATH\CodeIgniter.php(354): CodeIgniter\CodeIgniter->handleRequest(null, Object(Config\Cache), false)
13 SYSTEMPATH\Boot.php(334): CodeIgniter\CodeIgniter->run()
14 SYSTEMPATH\Boot.php(67): CodeIgniter\Boot::runCodeIgniter(Object(CodeIgniter\CodeIgniter))
15 FCPATH\index.php(56): CodeIgniter\Boot::bootWeb(Object(Config\Paths))
WARNING - 2026-05-16 12:30:54 --> [DEPRECATED] htmlspecialchars(): Passing null to parameter #1 ($string) of type string is deprecated in APPPATH\Views\office.php on line 39.
 1 APPPATH\Views\office.php(39): htmlspecialchars(null, 3, 'UTF-8')
 2 SYSTEMPATH\View\View.php(224): include('C:\\xampp\\htdocs\\gscgeavotingsystem\\app\\Views\\office.php')
 3 SYSTEMPATH\View\View.php(227): CodeIgniter\View\View->{closure:CodeIgniter\View\View::render():221}()
 4 SYSTEMPATH\Common.php(1173): CodeIgniter\View\View->render('office', [], true)
 5 APPPATH\Views\main.php(204): view('office', [])
 6 SYSTEMPATH\View\View.php(224): include('C:\\xampp\\htdocs\\gscgeavotingsystem\\app\\Views\\main.php')
 7 SYSTEMPATH\View\View.php(227): CodeIgniter\View\View->{closure:CodeIgniter\View\View::render():221}()
 8 SYSTEMPATH\Common.php(1173): CodeIgniter\View\View->render('main', [], true)
 9 APPPATH\Controllers\Office.php(83): view('main', [...])
10 SYSTEMPATH\CodeIgniter.php(933): App\Controllers\Office->getIndex()
11 SYSTEMPATH\CodeIgniter.php(507): CodeIgniter\CodeIgniter->runController(Object(App\Controllers\Office))
12 SYSTEMPATH\CodeIgniter.php(354): CodeIgniter\CodeIgniter->handleRequest(null, Object(Config\Cache), false)
13 SYSTEMPATH\Boot.php(334): CodeIgniter\CodeIgniter->run()
14 SYSTEMPATH\Boot.php(67): CodeIgniter\Boot::runCodeIgniter(Object(CodeIgniter\CodeIgniter))
15 FCPATH\index.php(56): CodeIgniter\Boot::bootWeb(Object(Config\Paths))
WARNING - 2026-05-16 12:30:54 --> [DEPRECATED] htmlspecialchars(): Passing null to parameter #1 ($string) of type string is deprecated in APPPATH\Views\office.php on line 40.
 1 APPPATH\Views\office.php(40): htmlspecialchars(null, 3, 'UTF-8')
 2 SYSTEMPATH\View\View.php(224): include('C:\\xampp\\htdocs\\gscgeavotingsystem\\app\\Views\\office.php')
 3 SYSTEMPATH\View\View.php(227): CodeIgniter\View\View->{closure:CodeIgniter\View\View::render():221}()
 4 SYSTEMPATH\Common.php(1173): CodeIgniter\View\View->render('office', [], true)
 5 APPPATH\Views\main.php(204): view('office', [])
 6 SYSTEMPATH\View\View.php(224): include('C:\\xampp\\htdocs\\gscgeavotingsystem\\app\\Views\\main.php')
 7 SYSTEMPATH\View\View.php(227): CodeIgniter\View\View->{closure:CodeIgniter\View\View::render():221}()
 8 SYSTEMPATH\Common.php(1173): CodeIgniter\View\View->render('main', [], true)
 9 APPPATH\Controllers\Office.php(83): view('main', [...])
10 SYSTEMPATH\CodeIgniter.php(933): App\Controllers\Office->getIndex()
11 SYSTEMPATH\CodeIgniter.php(507): CodeIgniter\CodeIgniter->runController(Object(App\Controllers\Office))
12 SYSTEMPATH\CodeIgniter.php(354): CodeIgniter\CodeIgniter->handleRequest(null, Object(Config\Cache), false)
13 SYSTEMPATH\Boot.php(334): CodeIgniter\CodeIgniter->run()
14 SYSTEMPATH\Boot.php(67): CodeIgniter\Boot::runCodeIgniter(Object(CodeIgniter\CodeIgniter))
15 FCPATH\index.php(56): CodeIgniter\Boot::bootWeb(Object(Config\Paths))
WARNING - 2026-05-16 12:30:54 --> [DEPRECATED] htmlspecialchars(): Passing null to parameter #1 ($string) of type string is deprecated in APPPATH\Views\office.php on line 39.
 1 APPPATH\Views\office.php(39): htmlspecialchars(null, 3, 'UTF-8')
 2 SYSTEMPATH\View\View.php(224): include('C:\\xampp\\htdocs\\gscgeavotingsystem\\app\\Views\\office.php')
 3 SYSTEMPATH\View\View.php(227): CodeIgniter\View\View->{closure:CodeIgniter\View\View::render():221}()
 4 SYSTEMPATH\Common.php(1173): CodeIgniter\View\View->render('office', [], true)
 5 APPPATH\Views\main.php(204): view('office', [])
 6 SYSTEMPATH\View\View.php(224): include('C:\\xampp\\htdocs\\gscgeavotingsystem\\app\\Views\\main.php')
 7 SYSTEMPATH\View\View.php(227): CodeIgniter\View\View->{closure:CodeIgniter\View\View::render():221}()
 8 SYSTEMPATH\Common.php(1173): CodeIgniter\View\View->render('main', [], true)
 9 APPPATH\Controllers\Office.php(83): view('main', [...])
10 SYSTEMPATH\CodeIgniter.php(933): App\Controllers\Office->getIndex()
11 SYSTEMPATH\CodeIgniter.php(507): CodeIgniter\CodeIgniter->runController(Object(App\Controllers\Office))
12 SYSTEMPATH\CodeIgniter.php(354): CodeIgniter\CodeIgniter->handleRequest(null, Object(Config\Cache), false)
13 SYSTEMPATH\Boot.php(334): CodeIgniter\CodeIgniter->run()
14 SYSTEMPATH\Boot.php(67): CodeIgniter\Boot::runCodeIgniter(Object(CodeIgniter\CodeIgniter))
15 FCPATH\index.php(56): CodeIgniter\Boot::bootWeb(Object(Config\Paths))
WARNING - 2026-05-16 12:30:54 --> [DEPRECATED] htmlspecialchars(): Passing null to parameter #1 ($string) of type string is deprecated in APPPATH\Views\office.php on line 40.
 1 APPPATH\Views\office.php(40): htmlspecialchars(null, 3, 'UTF-8')
 2 SYSTEMPATH\View\View.php(224): include('C:\\xampp\\htdocs\\gscgeavotingsystem\\app\\Views\\office.php')
 3 SYSTEMPATH\View\View.php(227): CodeIgniter\View\View->{closure:CodeIgniter\View\View::render():221}()
 4 SYSTEMPATH\Common.php(1173): CodeIgniter\View\View->render('office', [], true)
 5 APPPATH\Views\main.php(204): view('office', [])
 6 SYSTEMPATH\View\View.php(224): include('C:\\xampp\\htdocs\\gscgeavotingsystem\\app\\Views\\main.php')
 7 SYSTEMPATH\View\View.php(227): CodeIgniter\View\View->{closure:CodeIgniter\View\View::render():221}()
 8 SYSTEMPATH\Common.php(1173): CodeIgniter\View\View->render('main', [], true)
 9 APPPATH\Controllers\Office.php(83): view('main', [...])
10 SYSTEMPATH\CodeIgniter.php(933): App\Controllers\Office->getIndex()
11 SYSTEMPATH\CodeIgniter.php(507): CodeIgniter\CodeIgniter->runController(Object(App\Controllers\Office))
12 SYSTEMPATH\CodeIgniter.php(354): CodeIgniter\CodeIgniter->handleRequest(null, Object(Config\Cache), false)
13 SYSTEMPATH\Boot.php(334): CodeIgniter\CodeIgniter->run()
14 SYSTEMPATH\Boot.php(67): CodeIgniter\Boot::runCodeIgniter(Object(CodeIgniter\CodeIgniter))
15 FCPATH\index.php(56): CodeIgniter\Boot::bootWeb(Object(Config\Paths))
WARNING - 2026-05-16 12:30:54 --> [DEPRECATED] htmlspecialchars(): Passing null to parameter #1 ($string) of type string is deprecated in APPPATH\Views\office.php on line 39.
 1 APPPATH\Views\office.php(39): htmlspecialchars(null, 3, 'UTF-8')
 2 SYSTEMPATH\View\View.php(224): include('C:\\xampp\\htdocs\\gscgeavotingsystem\\app\\Views\\office.php')
 3 SYSTEMPATH\View\View.php(227): CodeIgniter\View\View->{closure:CodeIgniter\View\View::render():221}()
 4 SYSTEMPATH\Common.php(1173): CodeIgniter\View\View->render('office', [], true)
 5 APPPATH\Views\main.php(204): view('office', [])
 6 SYSTEMPATH\View\View.php(224): include('C:\\xampp\\htdocs\\gscgeavotingsystem\\app\\Views\\main.php')
 7 SYSTEMPATH\View\View.php(227): CodeIgniter\View\View->{closure:CodeIgniter\View\View::render():221}()
 8 SYSTEMPATH\Common.php(1173): CodeIgniter\View\View->render('main', [], true)
 9 APPPATH\Controllers\Office.php(83): view('main', [...])
10 SYSTEMPATH\CodeIgniter.php(933): App\Controllers\Office->getIndex()
11 SYSTEMPATH\CodeIgniter.php(507): CodeIgniter\CodeIgniter->runController(Object(App\Controllers\Office))
12 SYSTEMPATH\CodeIgniter.php(354): CodeIgniter\CodeIgniter->handleRequest(null, Object(Config\Cache), false)
13 SYSTEMPATH\Boot.php(334): CodeIgniter\CodeIgniter->run()
14 SYSTEMPATH\Boot.php(67): CodeIgniter\Boot::runCodeIgniter(Object(CodeIgniter\CodeIgniter))
15 FCPATH\index.php(56): CodeIgniter\Boot::bootWeb(Object(Config\Paths))
WARNING - 2026-05-16 12:30:54 --> [DEPRECATED] htmlspecialchars(): Passing null to parameter #1 ($string) of type string is deprecated in APPPATH\Views\office.php on line 40.
 1 APPPATH\Views\office.php(40): htmlspecialchars(null, 3, 'UTF-8')
 2 SYSTEMPATH\View\View.php(224): include('C:\\xampp\\htdocs\\gscgeavotingsystem\\app\\Views\\office.php')
 3 SYSTEMPATH\View\View.php(227): CodeIgniter\View\View->{closure:CodeIgniter\View\View::render():221}()
 4 SYSTEMPATH\Common.php(1173): CodeIgniter\View\View->render('office', [], true)
 5 APPPATH\Views\main.php(204): view('office', [])
 6 SYSTEMPATH\View\View.php(224): include('C:\\xampp\\htdocs\\gscgeavotingsystem\\app\\Views\\main.php')
 7 SYSTEMPATH\View\View.php(227): CodeIgniter\View\View->{closure:CodeIgniter\View\View::render():221}()
 8 SYSTEMPATH\Common.php(1173): CodeIgniter\View\View->render('main', [], true)
 9 APPPATH\Controllers\Office.php(83): view('main', [...])
10 SYSTEMPATH\CodeIgniter.php(933): App\Controllers\Office->getIndex()
11 SYSTEMPATH\CodeIgniter.php(507): CodeIgniter\CodeIgniter->runController(Object(App\Controllers\Office))
12 SYSTEMPATH\CodeIgniter.php(354): CodeIgniter\CodeIgniter->handleRequest(null, Object(Config\Cache), false)
13 SYSTEMPATH\Boot.php(334): CodeIgniter\CodeIgniter->run()
14 SYSTEMPATH\Boot.php(67): CodeIgniter\Boot::runCodeIgniter(Object(CodeIgniter\CodeIgniter))
15 FCPATH\index.php(56): CodeIgniter\Boot::bootWeb(Object(Config\Paths))
WARNING - 2026-05-16 12:30:54 --> [DEPRECATED] htmlspecialchars(): Passing null to parameter #1 ($string) of type string is deprecated in APPPATH\Views\office.php on line 39.
 1 APPPATH\Views\office.php(39): htmlspecialchars(null, 3, 'UTF-8')
 2 SYSTEMPATH\View\View.php(224): include('C:\\xampp\\htdocs\\gscgeavotingsystem\\app\\Views\\office.php')
 3 SYSTEMPATH\View\View.php(227): CodeIgniter\View\View->{closure:CodeIgniter\View\View::render():221}()
 4 SYSTEMPATH\Common.php(1173): CodeIgniter\View\View->render('office', [], true)
 5 APPPATH\Views\main.php(204): view('office', [])
 6 SYSTEMPATH\View\View.php(224): include('C:\\xampp\\htdocs\\gscgeavotingsystem\\app\\Views\\main.php')
 7 SYSTEMPATH\View\View.php(227): CodeIgniter\View\View->{closure:CodeIgniter\View\View::render():221}()
 8 SYSTEMPATH\Common.php(1173): CodeIgniter\View\View->render('main', [], true)
 9 APPPATH\Controllers\Office.php(83): view('main', [...])
10 SYSTEMPATH\CodeIgniter.php(933): App\Controllers\Office->getIndex()
11 SYSTEMPATH\CodeIgniter.php(507): CodeIgniter\CodeIgniter->runController(Object(App\Controllers\Office))
12 SYSTEMPATH\CodeIgniter.php(354): CodeIgniter\CodeIgniter->handleRequest(null, Object(Config\Cache), false)
13 SYSTEMPATH\Boot.php(334): CodeIgniter\CodeIgniter->run()
14 SYSTEMPATH\Boot.php(67): CodeIgniter\Boot::runCodeIgniter(Object(CodeIgniter\CodeIgniter))
15 FCPATH\index.php(56): CodeIgniter\Boot::bootWeb(Object(Config\Paths))
WARNING - 2026-05-16 12:30:54 --> [DEPRECATED] htmlspecialchars(): Passing null to parameter #1 ($string) of type string is deprecated in APPPATH\Views\office.php on line 40.
 1 APPPATH\Views\office.php(40): htmlspecialchars(null, 3, 'UTF-8')
 2 SYSTEMPATH\View\View.php(224): include('C:\\xampp\\htdocs\\gscgeavotingsystem\\app\\Views\\office.php')
 3 SYSTEMPATH\View\View.php(227): CodeIgniter\View\View->{closure:CodeIgniter\View\View::render():221}()
 4 SYSTEMPATH\Common.php(1173): CodeIgniter\View\View->render('office', [], true)
 5 APPPATH\Views\main.php(204): view('office', [])
 6 SYSTEMPATH\View\View.php(224): include('C:\\xampp\\htdocs\\gscgeavotingsystem\\app\\Views\\main.php')
 7 SYSTEMPATH\View\View.php(227): CodeIgniter\View\View->{closure:CodeIgniter\View\View::render():221}()
 8 SYSTEMPATH\Common.php(1173): CodeIgniter\View\View->render('main', [], true)
 9 APPPATH\Controllers\Office.php(83): view('main', [...])
10 SYSTEMPATH\CodeIgniter.php(933): App\Controllers\Office->getIndex()
11 SYSTEMPATH\CodeIgniter.php(507): CodeIgniter\CodeIgniter->runController(Object(App\Controllers\Office))
12 SYSTEMPATH\CodeIgniter.php(354): CodeIgniter\CodeIgniter->handleRequest(null, Object(Config\Cache), false)
13 SYSTEMPATH\Boot.php(334): CodeIgniter\CodeIgniter->run()
14 SYSTEMPATH\Boot.php(67): CodeIgniter\Boot::runCodeIgniter(Object(CodeIgniter\CodeIgniter))
15 FCPATH\index.php(56): CodeIgniter\Boot::bootWeb(Object(Config\Paths))
WARNING - 2026-05-16 12:30:54 --> [DEPRECATED] htmlspecialchars(): Passing null to parameter #1 ($string) of type string is deprecated in APPPATH\Views\office.php on line 39.
 1 APPPATH\Views\office.php(39): htmlspecialchars(null, 3, 'UTF-8')
 2 SYSTEMPATH\View\View.php(224): include('C:\\xampp\\htdocs\\gscgeavotingsystem\\app\\Views\\office.php')
 3 SYSTEMPATH\View\View.php(227): CodeIgniter\View\View->{closure:CodeIgniter\View\View::render():221}()
 4 SYSTEMPATH\Common.php(1173): CodeIgniter\View\View->render('office', [], true)
 5 APPPATH\Views\main.php(204): view('office', [])
 6 SYSTEMPATH\View\View.php(224): include('C:\\xampp\\htdocs\\gscgeavotingsystem\\app\\Views\\main.php')
 7 SYSTEMPATH\View\View.php(227): CodeIgniter\View\View->{closure:CodeIgniter\View\View::render():221}()
 8 SYSTEMPATH\Common.php(1173): CodeIgniter\View\View->render('main', [], true)
 9 APPPATH\Controllers\Office.php(83): view('main', [...])
10 SYSTEMPATH\CodeIgniter.php(933): App\Controllers\Office->getIndex()
11 SYSTEMPATH\CodeIgniter.php(507): CodeIgniter\CodeIgniter->runController(Object(App\Controllers\Office))
12 SYSTEMPATH\CodeIgniter.php(354): CodeIgniter\CodeIgniter->handleRequest(null, Object(Config\Cache), false)
13 SYSTEMPATH\Boot.php(334): CodeIgniter\CodeIgniter->run()
14 SYSTEMPATH\Boot.php(67): CodeIgniter\Boot::runCodeIgniter(Object(CodeIgniter\CodeIgniter))
15 FCPATH\index.php(56): CodeIgniter\Boot::bootWeb(Object(Config\Paths))
WARNING - 2026-05-16 12:30:54 --> [DEPRECATED] htmlspecialchars(): Passing null to parameter #1 ($string) of type string is deprecated in APPPATH\Views\office.php on line 40.
 1 APPPATH\Views\office.php(40): htmlspecialchars(null, 3, 'UTF-8')
 2 SYSTEMPATH\View\View.php(224): include('C:\\xampp\\htdocs\\gscgeavotingsystem\\app\\Views\\office.php')
 3 SYSTEMPATH\View\View.php(227): CodeIgniter\View\View->{closure:CodeIgniter\View\View::render():221}()
 4 SYSTEMPATH\Common.php(1173): CodeIgniter\View\View->render('office', [], true)
 5 APPPATH\Views\main.php(204): view('office', [])
 6 SYSTEMPATH\View\View.php(224): include('C:\\xampp\\htdocs\\gscgeavotingsystem\\app\\Views\\main.php')
 7 SYSTEMPATH\View\View.php(227): CodeIgniter\View\View->{closure:CodeIgniter\View\View::render():221}()
 8 SYSTEMPATH\Common.php(1173): CodeIgniter\View\View->render('main', [], true)
 9 APPPATH\Controllers\Office.php(83): view('main', [...])
10 SYSTEMPATH\CodeIgniter.php(933): App\Controllers\Office->getIndex()
11 SYSTEMPATH\CodeIgniter.php(507): CodeIgniter\CodeIgniter->runController(Object(App\Controllers\Office))
12 SYSTEMPATH\CodeIgniter.php(354): CodeIgniter\CodeIgniter->handleRequest(null, Object(Config\Cache), false)
13 SYSTEMPATH\Boot.php(334): CodeIgniter\CodeIgniter->run()
14 SYSTEMPATH\Boot.php(67): CodeIgniter\Boot::runCodeIgniter(Object(CodeIgniter\CodeIgniter))
15 FCPATH\index.php(56): CodeIgniter\Boot::bootWeb(Object(Config\Paths))
WARNING - 2026-05-16 12:30:54 --> [DEPRECATED] htmlspecialchars(): Passing null to parameter #1 ($string) of type string is deprecated in APPPATH\Views\office.php on line 39.
 1 APPPATH\Views\office.php(39): htmlspecialchars(null, 3, 'UTF-8')
 2 SYSTEMPATH\View\View.php(224): include('C:\\xampp\\htdocs\\gscgeavotingsystem\\app\\Views\\office.php')
 3 SYSTEMPATH\View\View.php(227): CodeIgniter\View\View->{closure:CodeIgniter\View\View::render():221}()
 4 SYSTEMPATH\Common.php(1173): CodeIgniter\View\View->render('office', [], true)
 5 APPPATH\Views\main.php(204): view('office', [])
 6 SYSTEMPATH\View\View.php(224): include('C:\\xampp\\htdocs\\gscgeavotingsystem\\app\\Views\\main.php')
 7 SYSTEMPATH\View\View.php(227): CodeIgniter\View\View->{closure:CodeIgniter\View\View::render():221}()
 8 SYSTEMPATH\Common.php(1173): CodeIgniter\View\View->render('main', [], true)
 9 APPPATH\Controllers\Office.php(83): view('main', [...])
10 SYSTEMPATH\CodeIgniter.php(933): App\Controllers\Office->getIndex()
11 SYSTEMPATH\CodeIgniter.php(507): CodeIgniter\CodeIgniter->runController(Object(App\Controllers\Office))
12 SYSTEMPATH\CodeIgniter.php(354): CodeIgniter\CodeIgniter->handleRequest(null, Object(Config\Cache), false)
13 SYSTEMPATH\Boot.php(334): CodeIgniter\CodeIgniter->run()
14 SYSTEMPATH\Boot.php(67): CodeIgniter\Boot::runCodeIgniter(Object(CodeIgniter\CodeIgniter))
15 FCPATH\index.php(56): CodeIgniter\Boot::bootWeb(Object(Config\Paths))
WARNING - 2026-05-16 12:30:54 --> [DEPRECATED] htmlspecialchars(): Passing null to parameter #1 ($string) of type string is deprecated in APPPATH\Views\office.php on line 40.
 1 APPPATH\Views\office.php(40): htmlspecialchars(null, 3, 'UTF-8')
 2 SYSTEMPATH\View\View.php(224): include('C:\\xampp\\htdocs\\gscgeavotingsystem\\app\\Views\\office.php')
 3 SYSTEMPATH\View\View.php(227): CodeIgniter\View\View->{closure:CodeIgniter\View\View::render():221}()
 4 SYSTEMPATH\Common.php(1173): CodeIgniter\View\View->render('office', [], true)
 5 APPPATH\Views\main.php(204): view('office', [])
 6 SYSTEMPATH\View\View.php(224): include('C:\\xampp\\htdocs\\gscgeavotingsystem\\app\\Views\\main.php')
 7 SYSTEMPATH\View\View.php(227): CodeIgniter\View\View->{closure:CodeIgniter\View\View::render():221}()
 8 SYSTEMPATH\Common.php(1173): CodeIgniter\View\View->render('main', [], true)
 9 APPPATH\Controllers\Office.php(83): view('main', [...])
10 SYSTEMPATH\CodeIgniter.php(933): App\Controllers\Office->getIndex()
11 SYSTEMPATH\CodeIgniter.php(507): CodeIgniter\CodeIgniter->runController(Object(App\Controllers\Office))
12 SYSTEMPATH\CodeIgniter.php(354): CodeIgniter\CodeIgniter->handleRequest(null, Object(Config\Cache), false)
13 SYSTEMPATH\Boot.php(334): CodeIgniter\CodeIgniter->run()
14 SYSTEMPATH\Boot.php(67): CodeIgniter\Boot::runCodeIgniter(Object(CodeIgniter\CodeIgniter))
15 FCPATH\index.php(56): CodeIgniter\Boot::bootWeb(Object(Config\Paths))
WARNING - 2026-05-16 12:30:54 --> [DEPRECATED] htmlspecialchars(): Passing null to parameter #1 ($string) of type string is deprecated in APPPATH\Views\office.php on line 39.
 1 APPPATH\Views\office.php(39): htmlspecialchars(null, 3, 'UTF-8')
 2 SYSTEMPATH\View\View.php(224): include('C:\\xampp\\htdocs\\gscgeavotingsystem\\app\\Views\\office.php')
 3 SYSTEMPATH\View\View.php(227): CodeIgniter\View\View->{closure:CodeIgniter\View\View::render():221}()
 4 SYSTEMPATH\Common.php(1173): CodeIgniter\View\View->render('office', [], true)
 5 APPPATH\Views\main.php(204): view('office', [])
 6 SYSTEMPATH\View\View.php(224): include('C:\\xampp\\htdocs\\gscgeavotingsystem\\app\\Views\\main.php')
 7 SYSTEMPATH\View\View.php(227): CodeIgniter\View\View->{closure:CodeIgniter\View\View::render():221}()
 8 SYSTEMPATH\Common.php(1173): CodeIgniter\View\View->render('main', [], true)
 9 APPPATH\Controllers\Office.php(83): view('main', [...])
10 SYSTEMPATH\CodeIgniter.php(933): App\Controllers\Office->getIndex()
11 SYSTEMPATH\CodeIgniter.php(507): CodeIgniter\CodeIgniter->runController(Object(App\Controllers\Office))
12 SYSTEMPATH\CodeIgniter.php(354): CodeIgniter\CodeIgniter->handleRequest(null, Object(Config\Cache), false)
13 SYSTEMPATH\Boot.php(334): CodeIgniter\CodeIgniter->run()
14 SYSTEMPATH\Boot.php(67): CodeIgniter\Boot::runCodeIgniter(Object(CodeIgniter\CodeIgniter))
15 FCPATH\index.php(56): CodeIgniter\Boot::bootWeb(Object(Config\Paths))
WARNING - 2026-05-16 12:30:54 --> [DEPRECATED] htmlspecialchars(): Passing null to parameter #1 ($string) of type string is deprecated in APPPATH\Views\office.php on line 40.
 1 APPPATH\Views\office.php(40): htmlspecialchars(null, 3, 'UTF-8')
 2 SYSTEMPATH\View\View.php(224): include('C:\\xampp\\htdocs\\gscgeavotingsystem\\app\\Views\\office.php')
 3 SYSTEMPATH\View\View.php(227): CodeIgniter\View\View->{closure:CodeIgniter\View\View::render():221}()
 4 SYSTEMPATH\Common.php(1173): CodeIgniter\View\View->render('office', [], true)
 5 APPPATH\Views\main.php(204): view('office', [])
 6 SYSTEMPATH\View\View.php(224): include('C:\\xampp\\htdocs\\gscgeavotingsystem\\app\\Views\\main.php')
 7 SYSTEMPATH\View\View.php(227): CodeIgniter\View\View->{closure:CodeIgniter\View\View::render():221}()
 8 SYSTEMPATH\Common.php(1173): CodeIgniter\View\View->render('main', [], true)
 9 APPPATH\Controllers\Office.php(83): view('main', [...])
10 SYSTEMPATH\CodeIgniter.php(933): App\Controllers\Office->getIndex()
11 SYSTEMPATH\CodeIgniter.php(507): CodeIgniter\CodeIgniter->runController(Object(App\Controllers\Office))
12 SYSTEMPATH\CodeIgniter.php(354): CodeIgniter\CodeIgniter->handleRequest(null, Object(Config\Cache), false)
13 SYSTEMPATH\Boot.php(334): CodeIgniter\CodeIgniter->run()
14 SYSTEMPATH\Boot.php(67): CodeIgniter\Boot::runCodeIgniter(Object(CodeIgniter\CodeIgniter))
15 FCPATH\index.php(56): CodeIgniter\Boot::bootWeb(Object(Config\Paths))
WARNING - 2026-05-16 12:30:54 --> [DEPRECATED] htmlspecialchars(): Passing null to parameter #1 ($string) of type string is deprecated in APPPATH\Views\office.php on line 39.
 1 APPPATH\Views\office.php(39): htmlspecialchars(null, 3, 'UTF-8')
 2 SYSTEMPATH\View\View.php(224): include('C:\\xampp\\htdocs\\gscgeavotingsystem\\app\\Views\\office.php')
 3 SYSTEMPATH\View\View.php(227): CodeIgniter\View\View->{closure:CodeIgniter\View\View::render():221}()
 4 SYSTEMPATH\Common.php(1173): CodeIgniter\View\View->render('office', [], true)
 5 APPPATH\Views\main.php(204): view('office', [])
 6 SYSTEMPATH\View\View.php(224): include('C:\\xampp\\htdocs\\gscgeavotingsystem\\app\\Views\\main.php')
 7 SYSTEMPATH\View\View.php(227): CodeIgniter\View\View->{closure:CodeIgniter\View\View::render():221}()
 8 SYSTEMPATH\Common.php(1173): CodeIgniter\View\View->render('main', [], true)
 9 APPPATH\Controllers\Office.php(83): view('main', [...])
10 SYSTEMPATH\CodeIgniter.php(933): App\Controllers\Office->getIndex()
11 SYSTEMPATH\CodeIgniter.php(507): CodeIgniter\CodeIgniter->runController(Object(App\Controllers\Office))
12 SYSTEMPATH\CodeIgniter.php(354): CodeIgniter\CodeIgniter->handleRequest(null, Object(Config\Cache), false)
13 SYSTEMPATH\Boot.php(334): CodeIgniter\CodeIgniter->run()
14 SYSTEMPATH\Boot.php(67): CodeIgniter\Boot::runCodeIgniter(Object(CodeIgniter\CodeIgniter))
15 FCPATH\index.php(56): CodeIgniter\Boot::bootWeb(Object(Config\Paths))
WARNING - 2026-05-16 12:30:54 --> [DEPRECATED] htmlspecialchars(): Passing null to parameter #1 ($string) of type string is deprecated in APPPATH\Views\office.php on line 40.
 1 APPPATH\Views\office.php(40): htmlspecialchars(null, 3, 'UTF-8')
 2 SYSTEMPATH\View\View.php(224): include('C:\\xampp\\htdocs\\gscgeavotingsystem\\app\\Views\\office.php')
 3 SYSTEMPATH\View\View.php(227): CodeIgniter\View\View->{closure:CodeIgniter\View\View::render():221}()
 4 SYSTEMPATH\Common.php(1173): CodeIgniter\View\View->render('office', [], true)
 5 APPPATH\Views\main.php(204): view('office', [])
 6 SYSTEMPATH\View\View.php(224): include('C:\\xampp\\htdocs\\gscgeavotingsystem\\app\\Views\\main.php')
 7 SYSTEMPATH\View\View.php(227): CodeIgniter\View\View->{closure:CodeIgniter\View\View::render():221}()
 8 SYSTEMPATH\Common.php(1173): CodeIgniter\View\View->render('main', [], true)
 9 APPPATH\Controllers\Office.php(83): view('main', [...])
10 SYSTEMPATH\CodeIgniter.php(933): App\Controllers\Office->getIndex()
11 SYSTEMPATH\CodeIgniter.php(507): CodeIgniter\CodeIgniter->runController(Object(App\Controllers\Office))
12 SYSTEMPATH\CodeIgniter.php(354): CodeIgniter\CodeIgniter->handleRequest(null, Object(Config\Cache), false)
13 SYSTEMPATH\Boot.php(334): CodeIgniter\CodeIgniter->run()
14 SYSTEMPATH\Boot.php(67): CodeIgniter\Boot::runCodeIgniter(Object(CodeIgniter\CodeIgniter))
15 FCPATH\index.php(56): CodeIgniter\Boot::bootWeb(Object(Config\Paths))
WARNING - 2026-05-16 12:30:54 --> [DEPRECATED] htmlspecialchars(): Passing null to parameter #1 ($string) of type string is deprecated in APPPATH\Views\office.php on line 39.
 1 APPPATH\Views\office.php(39): htmlspecialchars(null, 3, 'UTF-8')
 2 SYSTEMPATH\View\View.php(224): include('C:\\xampp\\htdocs\\gscgeavotingsystem\\app\\Views\\office.php')
 3 SYSTEMPATH\View\View.php(227): CodeIgniter\View\View->{closure:CodeIgniter\View\View::render():221}()
 4 SYSTEMPATH\Common.php(1173): CodeIgniter\View\View->render('office', [], true)
 5 APPPATH\Views\main.php(204): view('office', [])
 6 SYSTEMPATH\View\View.php(224): include('C:\\xampp\\htdocs\\gscgeavotingsystem\\app\\Views\\main.php')
 7 SYSTEMPATH\View\View.php(227): CodeIgniter\View\View->{closure:CodeIgniter\View\View::render():221}()
 8 SYSTEMPATH\Common.php(1173): CodeIgniter\View\View->render('main', [], true)
 9 APPPATH\Controllers\Office.php(83): view('main', [...])
10 SYSTEMPATH\CodeIgniter.php(933): App\Controllers\Office->getIndex()
11 SYSTEMPATH\CodeIgniter.php(507): CodeIgniter\CodeIgniter->runController(Object(App\Controllers\Office))
12 SYSTEMPATH\CodeIgniter.php(354): CodeIgniter\CodeIgniter->handleRequest(null, Object(Config\Cache), false)
13 SYSTEMPATH\Boot.php(334): CodeIgniter\CodeIgniter->run()
14 SYSTEMPATH\Boot.php(67): CodeIgniter\Boot::runCodeIgniter(Object(CodeIgniter\CodeIgniter))
15 FCPATH\index.php(56): CodeIgniter\Boot::bootWeb(Object(Config\Paths))
WARNING - 2026-05-16 12:30:54 --> [DEPRECATED] htmlspecialchars(): Passing null to parameter #1 ($string) of type string is deprecated in APPPATH\Views\office.php on line 40.
 1 APPPATH\Views\office.php(40): htmlspecialchars(null, 3, 'UTF-8')
 2 SYSTEMPATH\View\View.php(224): include('C:\\xampp\\htdocs\\gscgeavotingsystem\\app\\Views\\office.php')
 3 SYSTEMPATH\View\View.php(227): CodeIgniter\View\View->{closure:CodeIgniter\View\View::render():221}()
 4 SYSTEMPATH\Common.php(1173): CodeIgniter\View\View->render('office', [], true)
 5 APPPATH\Views\main.php(204): view('office', [])
 6 SYSTEMPATH\View\View.php(224): include('C:\\xampp\\htdocs\\gscgeavotingsystem\\app\\Views\\main.php')
 7 SYSTEMPATH\View\View.php(227): CodeIgniter\View\View->{closure:CodeIgniter\View\View::render():221}()
 8 SYSTEMPATH\Common.php(1173): CodeIgniter\View\View->render('main', [], true)
 9 APPPATH\Controllers\Office.php(83): view('main', [...])
10 SYSTEMPATH\CodeIgniter.php(933): App\Controllers\Office->getIndex()
11 SYSTEMPATH\CodeIgniter.php(507): CodeIgniter\CodeIgniter->runController(Object(App\Controllers\Office))
12 SYSTEMPATH\CodeIgniter.php(354): CodeIgniter\CodeIgniter->handleRequest(null, Object(Config\Cache), false)
13 SYSTEMPATH\Boot.php(334): CodeIgniter\CodeIgniter->run()
14 SYSTEMPATH\Boot.php(67): CodeIgniter\Boot::runCodeIgniter(Object(CodeIgniter\CodeIgniter))
15 FCPATH\index.php(56): CodeIgniter\Boot::bootWeb(Object(Config\Paths))
WARNING - 2026-05-16 12:30:54 --> [DEPRECATED] htmlspecialchars(): Passing null to parameter #1 ($string) of type string is deprecated in APPPATH\Views\office.php on line 39.
 1 APPPATH\Views\office.php(39): htmlspecialchars(null, 3, 'UTF-8')
 2 SYSTEMPATH\View\View.php(224): include('C:\\xampp\\htdocs\\gscgeavotingsystem\\app\\Views\\office.php')
 3 SYSTEMPATH\View\View.php(227): CodeIgniter\View\View->{closure:CodeIgniter\View\View::render():221}()
 4 SYSTEMPATH\Common.php(1173): CodeIgniter\View\View->render('office', [], true)
 5 APPPATH\Views\main.php(204): view('office', [])
 6 SYSTEMPATH\View\View.php(224): include('C:\\xampp\\htdocs\\gscgeavotingsystem\\app\\Views\\main.php')
 7 SYSTEMPATH\View\View.php(227): CodeIgniter\View\View->{closure:CodeIgniter\View\View::render():221}()
 8 SYSTEMPATH\Common.php(1173): CodeIgniter\View\View->render('main', [], true)
 9 APPPATH\Controllers\Office.php(83): view('main', [...])
10 SYSTEMPATH\CodeIgniter.php(933): App\Controllers\Office->getIndex()
11 SYSTEMPATH\CodeIgniter.php(507): CodeIgniter\CodeIgniter->runController(Object(App\Controllers\Office))
12 SYSTEMPATH\CodeIgniter.php(354): CodeIgniter\CodeIgniter->handleRequest(null, Object(Config\Cache), false)
13 SYSTEMPATH\Boot.php(334): CodeIgniter\CodeIgniter->run()
14 SYSTEMPATH\Boot.php(67): CodeIgniter\Boot::runCodeIgniter(Object(CodeIgniter\CodeIgniter))
15 FCPATH\index.php(56): CodeIgniter\Boot::bootWeb(Object(Config\Paths))
WARNING - 2026-05-16 12:30:54 --> [DEPRECATED] htmlspecialchars(): Passing null to parameter #1 ($string) of type string is deprecated in APPPATH\Views\office.php on line 40.
 1 APPPATH\Views\office.php(40): htmlspecialchars(null, 3, 'UTF-8')
 2 SYSTEMPATH\View\View.php(224): include('C:\\xampp\\htdocs\\gscgeavotingsystem\\app\\Views\\office.php')
 3 SYSTEMPATH\View\View.php(227): CodeIgniter\View\View->{closure:CodeIgniter\View\View::render():221}()
 4 SYSTEMPATH\Common.php(1173): CodeIgniter\View\View->render('office', [], true)
 5 APPPATH\Views\main.php(204): view('office', [])
 6 SYSTEMPATH\View\View.php(224): include('C:\\xampp\\htdocs\\gscgeavotingsystem\\app\\Views\\main.php')
 7 SYSTEMPATH\View\View.php(227): CodeIgniter\View\View->{closure:CodeIgniter\View\View::render():221}()
 8 SYSTEMPATH\Common.php(1173): CodeIgniter\View\View->render('main', [], true)
 9 APPPATH\Controllers\Office.php(83): view('main', [...])
10 SYSTEMPATH\CodeIgniter.php(933): App\Controllers\Office->getIndex()
11 SYSTEMPATH\CodeIgniter.php(507): CodeIgniter\CodeIgniter->runController(Object(App\Controllers\Office))
12 SYSTEMPATH\CodeIgniter.php(354): CodeIgniter\CodeIgniter->handleRequest(null, Object(Config\Cache), false)
13 SYSTEMPATH\Boot.php(334): CodeIgniter\CodeIgniter->run()
14 SYSTEMPATH\Boot.php(67): CodeIgniter\Boot::runCodeIgniter(Object(CodeIgniter\CodeIgniter))
15 FCPATH\index.php(56): CodeIgniter\Boot::bootWeb(Object(Config\Paths))
WARNING - 2026-05-16 12:30:54 --> [DEPRECATED] htmlspecialchars(): Passing null to parameter #1 ($string) of type string is deprecated in APPPATH\Views\office.php on line 39.
 1 APPPATH\Views\office.php(39): htmlspecialchars(null, 3, 'UTF-8')
 2 SYSTEMPATH\View\View.php(224): include('C:\\xampp\\htdocs\\gscgeavotingsystem\\app\\Views\\office.php')
 3 SYSTEMPATH\View\View.php(227): CodeIgniter\View\View->{closure:CodeIgniter\View\View::render():221}()
 4 SYSTEMPATH\Common.php(1173): CodeIgniter\View\View->render('office', [], true)
 5 APPPATH\Views\main.php(204): view('office', [])
 6 SYSTEMPATH\View\View.php(224): include('C:\\xampp\\htdocs\\gscgeavotingsystem\\app\\Views\\main.php')
 7 SYSTEMPATH\View\View.php(227): CodeIgniter\View\View->{closure:CodeIgniter\View\View::render():221}()
 8 SYSTEMPATH\Common.php(1173): CodeIgniter\View\View->render('main', [], true)
 9 APPPATH\Controllers\Office.php(83): view('main', [...])
10 SYSTEMPATH\CodeIgniter.php(933): App\Controllers\Office->getIndex()
11 SYSTEMPATH\CodeIgniter.php(507): CodeIgniter\CodeIgniter->runController(Object(App\Controllers\Office))
12 SYSTEMPATH\CodeIgniter.php(354): CodeIgniter\CodeIgniter->handleRequest(null, Object(Config\Cache), false)
13 SYSTEMPATH\Boot.php(334): CodeIgniter\CodeIgniter->run()
14 SYSTEMPATH\Boot.php(67): CodeIgniter\Boot::runCodeIgniter(Object(CodeIgniter\CodeIgniter))
15 FCPATH\index.php(56): CodeIgniter\Boot::bootWeb(Object(Config\Paths))
WARNING - 2026-05-16 12:30:54 --> [DEPRECATED] htmlspecialchars(): Passing null to parameter #1 ($string) of type string is deprecated in APPPATH\Views\office.php on line 40.
 1 APPPATH\Views\office.php(40): htmlspecialchars(null, 3, 'UTF-8')
 2 SYSTEMPATH\View\View.php(224): include('C:\\xampp\\htdocs\\gscgeavotingsystem\\app\\Views\\office.php')
 3 SYSTEMPATH\View\View.php(227): CodeIgniter\View\View->{closure:CodeIgniter\View\View::render():221}()
 4 SYSTEMPATH\Common.php(1173): CodeIgniter\View\View->render('office', [], true)
 5 APPPATH\Views\main.php(204): view('office', [])
 6 SYSTEMPATH\View\View.php(224): include('C:\\xampp\\htdocs\\gscgeavotingsystem\\app\\Views\\main.php')
 7 SYSTEMPATH\View\View.php(227): CodeIgniter\View\View->{closure:CodeIgniter\View\View::render():221}()
 8 SYSTEMPATH\Common.php(1173): CodeIgniter\View\View->render('main', [], true)
 9 APPPATH\Controllers\Office.php(83): view('main', [...])
10 SYSTEMPATH\CodeIgniter.php(933): App\Controllers\Office->getIndex()
11 SYSTEMPATH\CodeIgniter.php(507): CodeIgniter\CodeIgniter->runController(Object(App\Controllers\Office))
12 SYSTEMPATH\CodeIgniter.php(354): CodeIgniter\CodeIgniter->handleRequest(null, Object(Config\Cache), false)
13 SYSTEMPATH\Boot.php(334): CodeIgniter\CodeIgniter->run()
14 SYSTEMPATH\Boot.php(67): CodeIgniter\Boot::runCodeIgniter(Object(CodeIgniter\CodeIgniter))
15 FCPATH\index.php(56): CodeIgniter\Boot::bootWeb(Object(Config\Paths))
WARNING - 2026-05-16 12:30:54 --> [DEPRECATED] htmlspecialchars(): Passing null to parameter #1 ($string) of type string is deprecated in APPPATH\Views\office.php on line 39.
 1 APPPATH\Views\office.php(39): htmlspecialchars(null, 3, 'UTF-8')
 2 SYSTEMPATH\View\View.php(224): include('C:\\xampp\\htdocs\\gscgeavotingsystem\\app\\Views\\office.php')
 3 SYSTEMPATH\View\View.php(227): CodeIgniter\View\View->{closure:CodeIgniter\View\View::render():221}()
 4 SYSTEMPATH\Common.php(1173): CodeIgniter\View\View->render('office', [], true)
 5 APPPATH\Views\main.php(204): view('office', [])
 6 SYSTEMPATH\View\View.php(224): include('C:\\xampp\\htdocs\\gscgeavotingsystem\\app\\Views\\main.php')
 7 SYSTEMPATH\View\View.php(227): CodeIgniter\View\View->{closure:CodeIgniter\View\View::render():221}()
 8 SYSTEMPATH\Common.php(1173): CodeIgniter\View\View->render('main', [], true)
 9 APPPATH\Controllers\Office.php(83): view('main', [...])
10 SYSTEMPATH\CodeIgniter.php(933): App\Controllers\Office->getIndex()
11 SYSTEMPATH\CodeIgniter.php(507): CodeIgniter\CodeIgniter->runController(Object(App\Controllers\Office))
12 SYSTEMPATH\CodeIgniter.php(354): CodeIgniter\CodeIgniter->handleRequest(null, Object(Config\Cache), false)
13 SYSTEMPATH\Boot.php(334): CodeIgniter\CodeIgniter->run()
14 SYSTEMPATH\Boot.php(67): CodeIgniter\Boot::runCodeIgniter(Object(CodeIgniter\CodeIgniter))
15 FCPATH\index.php(56): CodeIgniter\Boot::bootWeb(Object(Config\Paths))
WARNING - 2026-05-16 12:30:54 --> [DEPRECATED] htmlspecialchars(): Passing null to parameter #1 ($string) of type string is deprecated in APPPATH\Views\office.php on line 40.
 1 APPPATH\Views\office.php(40): htmlspecialchars(null, 3, 'UTF-8')
 2 SYSTEMPATH\View\View.php(224): include('C:\\xampp\\htdocs\\gscgeavotingsystem\\app\\Views\\office.php')
 3 SYSTEMPATH\View\View.php(227): CodeIgniter\View\View->{closure:CodeIgniter\View\View::render():221}()
 4 SYSTEMPATH\Common.php(1173): CodeIgniter\View\View->render('office', [], true)
 5 APPPATH\Views\main.php(204): view('office', [])
 6 SYSTEMPATH\View\View.php(224): include('C:\\xampp\\htdocs\\gscgeavotingsystem\\app\\Views\\main.php')
 7 SYSTEMPATH\View\View.php(227): CodeIgniter\View\View->{closure:CodeIgniter\View\View::render():221}()
 8 SYSTEMPATH\Common.php(1173): CodeIgniter\View\View->render('main', [], true)
 9 APPPATH\Controllers\Office.php(83): view('main', [...])
10 SYSTEMPATH\CodeIgniter.php(933): App\Controllers\Office->getIndex()
11 SYSTEMPATH\CodeIgniter.php(507): CodeIgniter\CodeIgniter->runController(Object(App\Controllers\Office))
12 SYSTEMPATH\CodeIgniter.php(354): CodeIgniter\CodeIgniter->handleRequest(null, Object(Config\Cache), false)
13 SYSTEMPATH\Boot.php(334): CodeIgniter\CodeIgniter->run()
14 SYSTEMPATH\Boot.php(67): CodeIgniter\Boot::runCodeIgniter(Object(CodeIgniter\CodeIgniter))
15 FCPATH\index.php(56): CodeIgniter\Boot::bootWeb(Object(Config\Paths))
WARNING - 2026-05-16 12:30:54 --> [DEPRECATED] htmlspecialchars(): Passing null to parameter #1 ($string) of type string is deprecated in APPPATH\Views\office.php on line 39.
 1 APPPATH\Views\office.php(39): htmlspecialchars(null, 3, 'UTF-8')
 2 SYSTEMPATH\View\View.php(224): include('C:\\xampp\\htdocs\\gscgeavotingsystem\\app\\Views\\office.php')
 3 SYSTEMPATH\View\View.php(227): CodeIgniter\View\View->{closure:CodeIgniter\View\View::render():221}()
 4 SYSTEMPATH\Common.php(1173): CodeIgniter\View\View->render('office', [], true)
 5 APPPATH\Views\main.php(204): view('office', [])
 6 SYSTEMPATH\View\View.php(224): include('C:\\xampp\\htdocs\\gscgeavotingsystem\\app\\Views\\main.php')
 7 SYSTEMPATH\View\View.php(227): CodeIgniter\View\View->{closure:CodeIgniter\View\View::render():221}()
 8 SYSTEMPATH\Common.php(1173): CodeIgniter\View\View->render('main', [], true)
 9 APPPATH\Controllers\Office.php(83): view('main', [...])
10 SYSTEMPATH\CodeIgniter.php(933): App\Controllers\Office->getIndex()
11 SYSTEMPATH\CodeIgniter.php(507): CodeIgniter\CodeIgniter->runController(Object(App\Controllers\Office))
12 SYSTEMPATH\CodeIgniter.php(354): CodeIgniter\CodeIgniter->handleRequest(null, Object(Config\Cache), false)
13 SYSTEMPATH\Boot.php(334): CodeIgniter\CodeIgniter->run()
14 SYSTEMPATH\Boot.php(67): CodeIgniter\Boot::runCodeIgniter(Object(CodeIgniter\CodeIgniter))
15 FCPATH\index.php(56): CodeIgniter\Boot::bootWeb(Object(Config\Paths))
WARNING - 2026-05-16 12:30:54 --> [DEPRECATED] htmlspecialchars(): Passing null to parameter #1 ($string) of type string is deprecated in APPPATH\Views\office.php on line 40.
 1 APPPATH\Views\office.php(40): htmlspecialchars(null, 3, 'UTF-8')
 2 SYSTEMPATH\View\View.php(224): include('C:\\xampp\\htdocs\\gscgeavotingsystem\\app\\Views\\office.php')
 3 SYSTEMPATH\View\View.php(227): CodeIgniter\View\View->{closure:CodeIgniter\View\View::render():221}()
 4 SYSTEMPATH\Common.php(1173): CodeIgniter\View\View->render('office', [], true)
 5 APPPATH\Views\main.php(204): view('office', [])
 6 SYSTEMPATH\View\View.php(224): include('C:\\xampp\\htdocs\\gscgeavotingsystem\\app\\Views\\main.php')
 7 SYSTEMPATH\View\View.php(227): CodeIgniter\View\View->{closure:CodeIgniter\View\View::render():221}()
 8 SYSTEMPATH\Common.php(1173): CodeIgniter\View\View->render('main', [], true)
 9 APPPATH\Controllers\Office.php(83): view('main', [...])
10 SYSTEMPATH\CodeIgniter.php(933): App\Controllers\Office->getIndex()
11 SYSTEMPATH\CodeIgniter.php(507): CodeIgniter\CodeIgniter->runController(Object(App\Controllers\Office))
12 SYSTEMPATH\CodeIgniter.php(354): CodeIgniter\CodeIgniter->handleRequest(null, Object(Config\Cache), false)
13 SYSTEMPATH\Boot.php(334): CodeIgniter\CodeIgniter->run()
14 SYSTEMPATH\Boot.php(67): CodeIgniter\Boot::runCodeIgniter(Object(CodeIgniter\CodeIgniter))
15 FCPATH\index.php(56): CodeIgniter\Boot::bootWeb(Object(Config\Paths))
WARNING - 2026-05-16 12:30:54 --> [DEPRECATED] htmlspecialchars(): Passing null to parameter #1 ($string) of type string is deprecated in APPPATH\Views\office.php on line 39.
 1 APPPATH\Views\office.php(39): htmlspecialchars(null, 3, 'UTF-8')
 2 SYSTEMPATH\View\View.php(224): include('C:\\xampp\\htdocs\\gscgeavotingsystem\\app\\Views\\office.php')
 3 SYSTEMPATH\View\View.php(227): CodeIgniter\View\View->{closure:CodeIgniter\View\View::render():221}()
 4 SYSTEMPATH\Common.php(1173): CodeIgniter\View\View->render('office', [], true)
 5 APPPATH\Views\main.php(204): view('office', [])
 6 SYSTEMPATH\View\View.php(224): include('C:\\xampp\\htdocs\\gscgeavotingsystem\\app\\Views\\main.php')
 7 SYSTEMPATH\View\View.php(227): CodeIgniter\View\View->{closure:CodeIgniter\View\View::render():221}()
 8 SYSTEMPATH\Common.php(1173): CodeIgniter\View\View->render('main', [], true)
 9 APPPATH\Controllers\Office.php(83): view('main', [...])
10 SYSTEMPATH\CodeIgniter.php(933): App\Controllers\Office->getIndex()
11 SYSTEMPATH\CodeIgniter.php(507): CodeIgniter\CodeIgniter->runController(Object(App\Controllers\Office))
12 SYSTEMPATH\CodeIgniter.php(354): CodeIgniter\CodeIgniter->handleRequest(null, Object(Config\Cache), false)
13 SYSTEMPATH\Boot.php(334): CodeIgniter\CodeIgniter->run()
14 SYSTEMPATH\Boot.php(67): CodeIgniter\Boot::runCodeIgniter(Object(CodeIgniter\CodeIgniter))
15 FCPATH\index.php(56): CodeIgniter\Boot::bootWeb(Object(Config\Paths))
WARNING - 2026-05-16 12:30:54 --> [DEPRECATED] htmlspecialchars(): Passing null to parameter #1 ($string) of type string is deprecated in APPPATH\Views\office.php on line 40.
 1 APPPATH\Views\office.php(40): htmlspecialchars(null, 3, 'UTF-8')
 2 SYSTEMPATH\View\View.php(224): include('C:\\xampp\\htdocs\\gscgeavotingsystem\\app\\Views\\office.php')
 3 SYSTEMPATH\View\View.php(227): CodeIgniter\View\View->{closure:CodeIgniter\View\View::render():221}()
 4 SYSTEMPATH\Common.php(1173): CodeIgniter\View\View->render('office', [], true)
 5 APPPATH\Views\main.php(204): view('office', [])
 6 SYSTEMPATH\View\View.php(224): include('C:\\xampp\\htdocs\\gscgeavotingsystem\\app\\Views\\main.php')
 7 SYSTEMPATH\View\View.php(227): CodeIgniter\View\View->{closure:CodeIgniter\View\View::render():221}()
 8 SYSTEMPATH\Common.php(1173): CodeIgniter\View\View->render('main', [], true)
 9 APPPATH\Controllers\Office.php(83): view('main', [...])
10 SYSTEMPATH\CodeIgniter.php(933): App\Controllers\Office->getIndex()
11 SYSTEMPATH\CodeIgniter.php(507): CodeIgniter\CodeIgniter->runController(Object(App\Controllers\Office))
12 SYSTEMPATH\CodeIgniter.php(354): CodeIgniter\CodeIgniter->handleRequest(null, Object(Config\Cache), false)
13 SYSTEMPATH\Boot.php(334): CodeIgniter\CodeIgniter->run()
14 SYSTEMPATH\Boot.php(67): CodeIgniter\Boot::runCodeIgniter(Object(CodeIgniter\CodeIgniter))
15 FCPATH\index.php(56): CodeIgniter\Boot::bootWeb(Object(Config\Paths))
WARNING - 2026-05-16 12:30:54 --> [DEPRECATED] htmlspecialchars(): Passing null to parameter #1 ($string) of type string is deprecated in APPPATH\Views\office.php on line 39.
 1 APPPATH\Views\office.php(39): htmlspecialchars(null, 3, 'UTF-8')
 2 SYSTEMPATH\View\View.php(224): include('C:\\xampp\\htdocs\\gscgeavotingsystem\\app\\Views\\office.php')
 3 SYSTEMPATH\View\View.php(227): CodeIgniter\View\View->{closure:CodeIgniter\View\View::render():221}()
 4 SYSTEMPATH\Common.php(1173): CodeIgniter\View\View->render('office', [], true)
 5 APPPATH\Views\main.php(204): view('office', [])
 6 SYSTEMPATH\View\View.php(224): include('C:\\xampp\\htdocs\\gscgeavotingsystem\\app\\Views\\main.php')
 7 SYSTEMPATH\View\View.php(227): CodeIgniter\View\View->{closure:CodeIgniter\View\View::render():221}()
 8 SYSTEMPATH\Common.php(1173): CodeIgniter\View\View->render('main', [], true)
 9 APPPATH\Controllers\Office.php(83): view('main', [...])
10 SYSTEMPATH\CodeIgniter.php(933): App\Controllers\Office->getIndex()
11 SYSTEMPATH\CodeIgniter.php(507): CodeIgniter\CodeIgniter->runController(Object(App\Controllers\Office))
12 SYSTEMPATH\CodeIgniter.php(354): CodeIgniter\CodeIgniter->handleRequest(null, Object(Config\Cache), false)
13 SYSTEMPATH\Boot.php(334): CodeIgniter\CodeIgniter->run()
14 SYSTEMPATH\Boot.php(67): CodeIgniter\Boot::runCodeIgniter(Object(CodeIgniter\CodeIgniter))
15 FCPATH\index.php(56): CodeIgniter\Boot::bootWeb(Object(Config\Paths))
WARNING - 2026-05-16 12:30:54 --> [DEPRECATED] htmlspecialchars(): Passing null to parameter #1 ($string) of type string is deprecated in APPPATH\Views\office.php on line 40.
 1 APPPATH\Views\office.php(40): htmlspecialchars(null, 3, 'UTF-8')
 2 SYSTEMPATH\View\View.php(224): include('C:\\xampp\\htdocs\\gscgeavotingsystem\\app\\Views\\office.php')
 3 SYSTEMPATH\View\View.php(227): CodeIgniter\View\View->{closure:CodeIgniter\View\View::render():221}()
 4 SYSTEMPATH\Common.php(1173): CodeIgniter\View\View->render('office', [], true)
 5 APPPATH\Views\main.php(204): view('office', [])
 6 SYSTEMPATH\View\View.php(224): include('C:\\xampp\\htdocs\\gscgeavotingsystem\\app\\Views\\main.php')
 7 SYSTEMPATH\View\View.php(227): CodeIgniter\View\View->{closure:CodeIgniter\View\View::render():221}()
 8 SYSTEMPATH\Common.php(1173): CodeIgniter\View\View->render('main', [], true)
 9 APPPATH\Controllers\Office.php(83): view('main', [...])
10 SYSTEMPATH\CodeIgniter.php(933): App\Controllers\Office->getIndex()
11 SYSTEMPATH\CodeIgniter.php(507): CodeIgniter\CodeIgniter->runController(Object(App\Controllers\Office))
12 SYSTEMPATH\CodeIgniter.php(354): CodeIgniter\CodeIgniter->handleRequest(null, Object(Config\Cache), false)
13 SYSTEMPATH\Boot.php(334): CodeIgniter\CodeIgniter->run()
14 SYSTEMPATH\Boot.php(67): CodeIgniter\Boot::runCodeIgniter(Object(CodeIgniter\CodeIgniter))
15 FCPATH\index.php(56): CodeIgniter\Boot::bootWeb(Object(Config\Paths))
DEBUG - 2026-05-16 12:30:56 --> Session: Class initialized using 'CodeIgniter\Session\Handlers\FileHandler' driver.
DEBUG - 2026-05-16 12:32:42 --> Session: Class initialized using 'CodeIgniter\Session\Handlers\FileHandler' driver.
DEBUG - 2026-05-16 12:32:43 --> Session: Class initialized using 'CodeIgniter\Session\Handlers\FileHandler' driver.
DEBUG - 2026-05-16 12:32:43 --> Session: Class initialized using 'CodeIgniter\Session\Handlers\FileHandler' driver.
DEBUG - 2026-05-16 12:32:46 --> Session: Class initialized using 'CodeIgniter\Session\Handlers\FileHandler' driver.
DEBUG - 2026-05-16 12:33:43 --> Session: Class initialized using 'CodeIgniter\Session\Handlers\FileHandler' driver.
DEBUG - 2026-05-16 12:33:44 --> Session: Class initialized using 'CodeIgniter\Session\Handlers\FileHandler' driver.
DEBUG - 2026-05-16 12:33:44 --> Session: Class initialized using 'CodeIgniter\Session\Handlers\FileHandler' driver.
DEBUG - 2026-05-16 12:33:52 --> Session: Class initialized using 'CodeIgniter\Session\Handlers\FileHandler' driver.
DEBUG - 2026-05-16 12:33:53 --> Session: Class initialized using 'CodeIgniter\Session\Handlers\FileHandler' driver.
DEBUG - 2026-05-16 12:34:46 --> Session: Class initialized using 'CodeIgniter\Session\Handlers\FileHandler' driver.
DEBUG - 2026-05-16 12:34:47 --> Session: Class initialized using 'CodeIgniter\Session\Handlers\FileHandler' driver.
DEBUG - 2026-05-16 12:36:17 --> Session: Class initialized using 'CodeIgniter\Session\Handlers\FileHandler' driver.
CRITICAL - 2026-05-16 12:36:17 --> Error: Call to undefined method App\Controllers\Reports::report_generate()
[Method: POST, Route: reports/generate]
in APPPATH\Controllers\Reports.php on line 55.
 1 SYSTEMPATH\CodeIgniter.php(933): App\Controllers\Reports->postGenerate()
 2 SYSTEMPATH\CodeIgniter.php(507): CodeIgniter\CodeIgniter->runController(Object(App\Controllers\Reports))
 3 SYSTEMPATH\CodeIgniter.php(354): CodeIgniter\CodeIgniter->handleRequest(null, Object(Config\Cache), false)
 4 SYSTEMPATH\Boot.php(334): CodeIgniter\CodeIgniter->run()
 5 SYSTEMPATH\Boot.php(67): CodeIgniter\Boot::runCodeIgniter(Object(CodeIgniter\CodeIgniter))
 6 FCPATH\index.php(56): CodeIgniter\Boot::bootWeb(Object(Config\Paths))
DEBUG - 2026-05-16 12:36:32 --> Session: Class initialized using 'CodeIgniter\Session\Handlers\FileHandler' driver.
DEBUG - 2026-05-16 12:36:33 --> Session: Class initialized using 'CodeIgniter\Session\Handlers\FileHandler' driver.
DEBUG - 2026-05-16 12:36:42 --> Session: Class initialized using 'CodeIgniter\Session\Handlers\FileHandler' driver.
DEBUG - 2026-05-16 12:36:44 --> Session: Class initialized using 'CodeIgniter\Session\Handlers\FileHandler' driver.
DEBUG - 2026-05-16 12:37:53 --> Session: Class initialized using 'CodeIgniter\Session\Handlers\FileHandler' driver.
CRITICAL - 2026-05-16 12:37:54 --> Error: Call to undefined method App\Controllers\Reports::report_generate()
[Method: POST, Route: reports/generate]
in APPPATH\Controllers\Reports.php on line 55.
 1 SYSTEMPATH\CodeIgniter.php(933): App\Controllers\Reports->postGenerate()
 2 SYSTEMPATH\CodeIgniter.php(507): CodeIgniter\CodeIgniter->runController(Object(App\Controllers\Reports))
 3 SYSTEMPATH\CodeIgniter.php(354): CodeIgniter\CodeIgniter->handleRequest(null, Object(Config\Cache), false)
 4 SYSTEMPATH\Boot.php(334): CodeIgniter\CodeIgniter->run()
 5 SYSTEMPATH\Boot.php(67): CodeIgniter\Boot::runCodeIgniter(Object(CodeIgniter\CodeIgniter))
 6 FCPATH\index.php(56): CodeIgniter\Boot::bootWeb(Object(Config\Paths))
DEBUG - 2026-05-16 12:39:29 --> Session: Class initialized using 'CodeIgniter\Session\Handlers\FileHandler' driver.
DEBUG - 2026-05-16 12:39:30 --> Session: Class initialized using 'CodeIgniter\Session\Handlers\FileHandler' driver.
DEBUG - 2026-05-16 12:40:08 --> Session: Class initialized using 'CodeIgniter\Session\Handlers\FileHandler' driver.
DEBUG - 2026-05-16 12:40:09 --> Session: Class initialized using 'CodeIgniter\Session\Handlers\FileHandler' driver.
DEBUG - 2026-05-16 12:40:31 --> Session: Class initialized using 'CodeIgniter\Session\Handlers\FileHandler' driver.
DEBUG - 2026-05-16 12:40:32 --> Session: Class initialized using 'CodeIgniter\Session\Handlers\FileHandler' driver.
DEBUG - 2026-05-16 12:41:31 --> Session: Class initialized using 'CodeIgniter\Session\Handlers\FileHandler' driver.
DEBUG - 2026-05-16 12:41:32 --> Session: Class initialized using 'CodeIgniter\Session\Handlers\FileHandler' driver.
DEBUG - 2026-05-16 12:41:36 --> Session: Class initialized using 'CodeIgniter\Session\Handlers\FileHandler' driver.
DEBUG - 2026-05-16 12:41:38 --> Session: Class initialized using 'CodeIgniter\Session\Handlers\FileHandler' driver.
DEBUG - 2026-05-16 12:42:16 --> Session: Class initialized using 'CodeIgniter\Session\Handlers\FileHandler' driver.
DEBUG - 2026-05-16 12:42:17 --> Session: Class initialized using 'CodeIgniter\Session\Handlers\FileHandler' driver.
DEBUG - 2026-05-16 12:42:24 --> Session: Class initialized using 'CodeIgniter\Session\Handlers\FileHandler' driver.
CRITICAL - 2026-05-16 12:42:24 --> Error: Call to undefined method App\Controllers\Reports::report_precinct_online()
[Method: POST, Route: reports/generate]
in APPPATH\Controllers\Reports.php on line 56.
 1 SYSTEMPATH\CodeIgniter.php(933): App\Controllers\Reports->postGenerate()
 2 SYSTEMPATH\CodeIgniter.php(507): CodeIgniter\CodeIgniter->runController(Object(App\Controllers\Reports))
 3 SYSTEMPATH\CodeIgniter.php(354): CodeIgniter\CodeIgniter->handleRequest(null, Object(Config\Cache), false)
 4 SYSTEMPATH\Boot.php(334): CodeIgniter\CodeIgniter->run()
 5 SYSTEMPATH\Boot.php(67): CodeIgniter\Boot::runCodeIgniter(Object(CodeIgniter\CodeIgniter))
 6 FCPATH\index.php(56): CodeIgniter\Boot::bootWeb(Object(Config\Paths))
DEBUG - 2026-05-16 12:42:57 --> Session: Class initialized using 'CodeIgniter\Session\Handlers\FileHandler' driver.
DEBUG - 2026-05-16 12:42:58 --> Session: Class initialized using 'CodeIgniter\Session\Handlers\FileHandler' driver.
DEBUG - 2026-05-16 12:43:17 --> Session: Class initialized using 'CodeIgniter\Session\Handlers\FileHandler' driver.
DEBUG - 2026-05-16 12:43:18 --> Session: Class initialized using 'CodeIgniter\Session\Handlers\FileHandler' driver.
WARNING - 2026-05-16 12:45:18 --> [DEPRECATED] Creation of dynamic property CodeIgniter\Shield\Controllers\LoginController::$db is deprecated in APPPATH\Controllers\BaseController.php on line 57.
 1 SYSTEMPATH\CodeIgniter.php(904): App\Controllers\BaseController->initController(Object(CodeIgniter\HTTP\IncomingRequest), Object(CodeIgniter\HTTP\Response), Object(CodeIgniter\Log\Logger))
 2 SYSTEMPATH\CodeIgniter.php(498): CodeIgniter\CodeIgniter->createController()
 3 SYSTEMPATH\CodeIgniter.php(354): CodeIgniter\CodeIgniter->handleRequest(null, Object(Config\Cache), false)
 4 SYSTEMPATH\Boot.php(334): CodeIgniter\CodeIgniter->run()
 5 SYSTEMPATH\Boot.php(67): CodeIgniter\Boot::runCodeIgniter(Object(CodeIgniter\CodeIgniter))
 6 FCPATH\index.php(56): CodeIgniter\Boot::bootWeb(Object(Config\Paths))
DEBUG - 2026-05-16 12:45:18 --> Session: Class initialized using 'CodeIgniter\Session\Handlers\FileHandler' driver.
WARNING - 2026-05-16 12:45:19 --> [DEPRECATED] Creation of dynamic property CodeIgniter\Shield\Controllers\LoginController::$db is deprecated in APPPATH\Controllers\BaseController.php on line 57.
 1 SYSTEMPATH\CodeIgniter.php(904): App\Controllers\BaseController->initController(Object(CodeIgniter\HTTP\IncomingRequest), Object(CodeIgniter\HTTP\Response), Object(CodeIgniter\Log\Logger))
 2 SYSTEMPATH\CodeIgniter.php(498): CodeIgniter\CodeIgniter->createController()
 3 SYSTEMPATH\CodeIgniter.php(354): CodeIgniter\CodeIgniter->handleRequest(null, Object(Config\Cache), false)
 4 SYSTEMPATH\Boot.php(334): CodeIgniter\CodeIgniter->run()
 5 SYSTEMPATH\Boot.php(67): CodeIgniter\Boot::runCodeIgniter(Object(CodeIgniter\CodeIgniter))
 6 FCPATH\index.php(56): CodeIgniter\Boot::bootWeb(Object(Config\Paths))
DEBUG - 2026-05-16 12:45:19 --> Session: Class initialized using 'CodeIgniter\Session\Handlers\FileHandler' driver.
DEBUG - 2026-05-16 12:45:20 --> Session: Class initialized using 'CodeIgniter\Session\Handlers\FileHandler' driver.
WARNING - 2026-05-16 12:45:23 --> [DEPRECATED] Creation of dynamic property CodeIgniter\Shield\Controllers\LoginController::$db is deprecated in APPPATH\Controllers\BaseController.php on line 57.
 1 SYSTEMPATH\CodeIgniter.php(904): App\Controllers\BaseController->initController(Object(CodeIgniter\HTTP\IncomingRequest), Object(CodeIgniter\HTTP\Response), Object(CodeIgniter\Log\Logger))
 2 SYSTEMPATH\CodeIgniter.php(498): CodeIgniter\CodeIgniter->createController()
 3 SYSTEMPATH\CodeIgniter.php(354): CodeIgniter\CodeIgniter->handleRequest(null, Object(Config\Cache), false)
 4 SYSTEMPATH\Boot.php(334): CodeIgniter\CodeIgniter->run()
 5 SYSTEMPATH\Boot.php(67): CodeIgniter\Boot::runCodeIgniter(Object(CodeIgniter\CodeIgniter))
 6 FCPATH\index.php(56): CodeIgniter\Boot::bootWeb(Object(Config\Paths))
DEBUG - 2026-05-16 12:45:24 --> Session: Class initialized using 'CodeIgniter\Session\Handlers\FileHandler' driver.
DEBUG - 2026-05-16 12:45:24 --> Session: Class initialized using 'CodeIgniter\Session\Handlers\FileHandler' driver.
DEBUG - 2026-05-16 12:45:25 --> Session: Class initialized using 'CodeIgniter\Session\Handlers\FileHandler' driver.
DEBUG - 2026-05-16 12:45:26 --> Session: Class initialized using 'CodeIgniter\Session\Handlers\FileHandler' driver.
DEBUG - 2026-05-16 12:45:26 --> Session: Class initialized using 'CodeIgniter\Session\Handlers\FileHandler' driver.
DEBUG - 2026-05-16 12:50:26 --> Session: Class initialized using 'CodeIgniter\Session\Handlers\FileHandler' driver.
DEBUG - 2026-05-16 12:50:27 --> Session: Class initialized using 'CodeIgniter\Session\Handlers\FileHandler' driver.
DEBUG - 2026-05-16 12:50:27 --> Session: Class initialized using 'CodeIgniter\Session\Handlers\FileHandler' driver.
DEBUG - 2026-05-16 12:50:28 --> Session: Class initialized using 'CodeIgniter\Session\Handlers\FileHandler' driver.
DEBUG - 2026-05-16 12:50:29 --> Session: Class initialized using 'CodeIgniter\Session\Handlers\FileHandler' driver.
DEBUG - 2026-05-16 12:50:54 --> Session: Class initialized using 'CodeIgniter\Session\Handlers\FileHandler' driver.
DEBUG - 2026-05-16 12:50:55 --> Session: Class initialized using 'CodeIgniter\Session\Handlers\FileHandler' driver.
DEBUG - 2026-05-16 12:50:58 --> Session: Class initialized using 'CodeIgniter\Session\Handlers\FileHandler' driver.
WARNING - 2026-05-16 12:50:58 --> [DEPRECATED] Creation of dynamic property App\Controllers\AccountController::$db is deprecated in APPPATH\Controllers\BaseController.php on line 57.
 1 SYSTEMPATH\CodeIgniter.php(904): App\Controllers\BaseController->initController(Object(CodeIgniter\HTTP\IncomingRequest), Object(CodeIgniter\HTTP\Response), Object(CodeIgniter\Log\Logger))
 2 SYSTEMPATH\CodeIgniter.php(498): CodeIgniter\CodeIgniter->createController()
 3 SYSTEMPATH\CodeIgniter.php(354): CodeIgniter\CodeIgniter->handleRequest(null, Object(Config\Cache), false)
 4 SYSTEMPATH\Boot.php(334): CodeIgniter\CodeIgniter->run()
 5 SYSTEMPATH\Boot.php(67): CodeIgniter\Boot::runCodeIgniter(Object(CodeIgniter\CodeIgniter))
 6 FCPATH\index.php(56): CodeIgniter\Boot::bootWeb(Object(Config\Paths))
CRITICAL - 2026-05-16 12:50:58 --> CodeIgniter\View\Exceptions\ViewException: Invalid file: "account/change_password.php"
[Method: GET, Route: account/change-password]
in SYSTEMPATH\Exceptions\FrameworkException.php on line 39.
 1 SYSTEMPATH\View\View.php(212): CodeIgniter\Exceptions\FrameworkException::forInvalidFile('account/change_password.php')
 2 SYSTEMPATH\Common.php(1173): CodeIgniter\View\View->render('account/change_password', [], true)
 3 APPPATH\Controllers\AccountController.php(11): view('account/change_password')
 4 SYSTEMPATH\CodeIgniter.php(933): App\Controllers\AccountController->changePassword()
 5 SYSTEMPATH\CodeIgniter.php(507): CodeIgniter\CodeIgniter->runController(Object(App\Controllers\AccountController))
 6 SYSTEMPATH\CodeIgniter.php(354): CodeIgniter\CodeIgniter->handleRequest(null, Object(Config\Cache), false)
 7 SYSTEMPATH\Boot.php(334): CodeIgniter\CodeIgniter->run()
 8 SYSTEMPATH\Boot.php(67): CodeIgniter\Boot::runCodeIgniter(Object(CodeIgniter\CodeIgniter))
 9 FCPATH\index.php(56): CodeIgniter\Boot::bootWeb(Object(Config\Paths))
DEBUG - 2026-05-16 12:52:25 --> Session: Class initialized using 'CodeIgniter\Session\Handlers\FileHandler' driver.
DEBUG - 2026-05-16 12:52:27 --> Session: Class initialized using 'CodeIgniter\Session\Handlers\FileHandler' driver.
DEBUG - 2026-05-16 12:52:41 --> Session: Class initialized using 'CodeIgniter\Session\Handlers\FileHandler' driver.
DEBUG - 2026-05-16 12:52:42 --> Session: Class initialized using 'CodeIgniter\Session\Handlers\FileHandler' driver.
WARNING - 2026-05-16 12:53:05 --> [DEPRECATED] Creation of dynamic property App\Controllers\Accountcontroller::$db is deprecated in APPPATH\Controllers\BaseController.php on line 57.
 1 SYSTEMPATH\CodeIgniter.php(904): App\Controllers\BaseController->initController(Object(CodeIgniter\HTTP\IncomingRequest), Object(CodeIgniter\HTTP\Response), Object(CodeIgniter\Log\Logger))
 2 SYSTEMPATH\CodeIgniter.php(498): CodeIgniter\CodeIgniter->createController()
 3 SYSTEMPATH\CodeIgniter.php(354): CodeIgniter\CodeIgniter->handleRequest(null, Object(Config\Cache), false)
 4 SYSTEMPATH\Boot.php(334): CodeIgniter\CodeIgniter->run()
 5 SYSTEMPATH\Boot.php(67): CodeIgniter\Boot::runCodeIgniter(Object(CodeIgniter\CodeIgniter))
 6 FCPATH\index.php(56): CodeIgniter\Boot::bootWeb(Object(Config\Paths))
CRITICAL - 2026-05-16 12:53:05 --> CodeIgniter\View\Exceptions\ViewException: Invalid file: "account/change_password.php"
[Method: GET, Route: accountcontroller/changepassword]
in SYSTEMPATH\Exceptions\FrameworkException.php on line 39.
 1 SYSTEMPATH\View\View.php(212): CodeIgniter\Exceptions\FrameworkException::forInvalidFile('account/change_password.php')
 2 SYSTEMPATH\Common.php(1173): CodeIgniter\View\View->render('account/change_password', [], true)
 3 APPPATH\Controllers\AccountController.php(11): view('account/change_password')
 4 SYSTEMPATH\CodeIgniter.php(933): App\Controllers\Accountcontroller->getChangepassword()
 5 SYSTEMPATH\CodeIgniter.php(507): CodeIgniter\CodeIgniter->runController(Object(App\Controllers\Accountcontroller))
 6 SYSTEMPATH\CodeIgniter.php(354): CodeIgniter\CodeIgniter->handleRequest(null, Object(Config\Cache), false)
 7 SYSTEMPATH\Boot.php(334): CodeIgniter\CodeIgniter->run()
 8 SYSTEMPATH\Boot.php(67): CodeIgniter\Boot::runCodeIgniter(Object(CodeIgniter\CodeIgniter))
 9 FCPATH\index.php(56): CodeIgniter\Boot::bootWeb(Object(Config\Paths))
WARNING - 2026-05-16 12:54:29 --> [DEPRECATED] Creation of dynamic property App\Controllers\Accountcontroller::$db is deprecated in APPPATH\Controllers\BaseController.php on line 57.
 1 SYSTEMPATH\CodeIgniter.php(904): App\Controllers\BaseController->initController(Object(CodeIgniter\HTTP\IncomingRequest), Object(CodeIgniter\HTTP\Response), Object(CodeIgniter\Log\Logger))
 2 SYSTEMPATH\CodeIgniter.php(498): CodeIgniter\CodeIgniter->createController()
 3 SYSTEMPATH\CodeIgniter.php(354): CodeIgniter\CodeIgniter->handleRequest(null, Object(Config\Cache), false)
 4 SYSTEMPATH\Boot.php(334): CodeIgniter\CodeIgniter->run()
 5 SYSTEMPATH\Boot.php(67): CodeIgniter\Boot::runCodeIgniter(Object(CodeIgniter\CodeIgniter))
 6 FCPATH\index.php(56): CodeIgniter\Boot::bootWeb(Object(Config\Paths))
DEBUG - 2026-05-16 12:54:29 --> Session: Class initialized using 'CodeIgniter\Session\Handlers\FileHandler' driver.
CRITICAL - 2026-05-16 12:54:29 --> CodeIgniter\View\Exceptions\ViewException: Invalid file: "layouts/default.php"
[Method: GET, Route: accountcontroller/changepassword]
in SYSTEMPATH\Exceptions\FrameworkException.php on line 39.
 1 SYSTEMPATH\View\View.php(212): CodeIgniter\Exceptions\FrameworkException::forInvalidFile('layouts/default.php')
 2 SYSTEMPATH\View\View.php(240): CodeIgniter\View\View->render('layouts/default', [], true)
 3 SYSTEMPATH\Common.php(1173): CodeIgniter\View\View->render('change_password', [], true)
 4 APPPATH\Controllers\AccountController.php(11): view('change_password')
 5 SYSTEMPATH\CodeIgniter.php(933): App\Controllers\Accountcontroller->getChangepassword()
 6 SYSTEMPATH\CodeIgniter.php(507): CodeIgniter\CodeIgniter->runController(Object(App\Controllers\Accountcontroller))
 7 SYSTEMPATH\CodeIgniter.php(354): CodeIgniter\CodeIgniter->handleRequest(null, Object(Config\Cache), false)
 8 SYSTEMPATH\Boot.php(334): CodeIgniter\CodeIgniter->run()
 9 SYSTEMPATH\Boot.php(67): CodeIgniter\Boot::runCodeIgniter(Object(CodeIgniter\CodeIgniter))
10 FCPATH\index.php(56): CodeIgniter\Boot::bootWeb(Object(Config\Paths))
WARNING - 2026-05-16 12:55:21 --> [DEPRECATED] Creation of dynamic property App\Controllers\Accountcontroller::$db is deprecated in APPPATH\Controllers\BaseController.php on line 57.
 1 SYSTEMPATH\CodeIgniter.php(904): App\Controllers\BaseController->initController(Object(CodeIgniter\HTTP\IncomingRequest), Object(CodeIgniter\HTTP\Response), Object(CodeIgniter\Log\Logger))
 2 SYSTEMPATH\CodeIgniter.php(498): CodeIgniter\CodeIgniter->createController()
 3 SYSTEMPATH\CodeIgniter.php(354): CodeIgniter\CodeIgniter->handleRequest(null, Object(Config\Cache), false)
 4 SYSTEMPATH\Boot.php(334): CodeIgniter\CodeIgniter->run()
 5 SYSTEMPATH\Boot.php(67): CodeIgniter\Boot::runCodeIgniter(Object(CodeIgniter\CodeIgniter))
 6 FCPATH\index.php(56): CodeIgniter\Boot::bootWeb(Object(Config\Paths))
DEBUG - 2026-05-16 12:55:21 --> Session: Class initialized using 'CodeIgniter\Session\Handlers\FileHandler' driver.
DEBUG - 2026-05-16 12:55:22 --> Session: Class initialized using 'CodeIgniter\Session\Handlers\FileHandler' driver.
WARNING - 2026-05-16 12:55:31 --> [DEPRECATED] Creation of dynamic property App\Controllers\Accountcontroller::$db is deprecated in APPPATH\Controllers\BaseController.php on line 57.
 1 SYSTEMPATH\CodeIgniter.php(904): App\Controllers\BaseController->initController(Object(CodeIgniter\HTTP\IncomingRequest), Object(CodeIgniter\HTTP\Response), Object(CodeIgniter\Log\Logger))
 2 SYSTEMPATH\CodeIgniter.php(498): CodeIgniter\CodeIgniter->createController()
 3 SYSTEMPATH\CodeIgniter.php(354): CodeIgniter\CodeIgniter->handleRequest(null, Object(Config\Cache), false)
 4 SYSTEMPATH\Boot.php(334): CodeIgniter\CodeIgniter->run()
 5 SYSTEMPATH\Boot.php(67): CodeIgniter\Boot::runCodeIgniter(Object(CodeIgniter\CodeIgniter))
 6 FCPATH\index.php(56): CodeIgniter\Boot::bootWeb(Object(Config\Paths))
DEBUG - 2026-05-16 12:55:31 --> Session: Class initialized using 'CodeIgniter\Session\Handlers\FileHandler' driver.
CRITICAL - 2026-05-16 12:55:31 --> CodeIgniter\View\Exceptions\ViewException: Invalid file: "layouts/default.php"
[Method: GET, Route: accountcontroller/changepassword]
in SYSTEMPATH\Exceptions\FrameworkException.php on line 39.
 1 SYSTEMPATH\View\View.php(212): CodeIgniter\Exceptions\FrameworkException::forInvalidFile('layouts/default.php')
 2 SYSTEMPATH\View\View.php(240): CodeIgniter\View\View->render('layouts/default', [], true)
 3 SYSTEMPATH\Common.php(1173): CodeIgniter\View\View->render('change_password', [], true)
 4 APPPATH\Controllers\AccountController.php(11): view('change_password')
 5 SYSTEMPATH\CodeIgniter.php(933): App\Controllers\Accountcontroller->getChangepassword()
 6 SYSTEMPATH\CodeIgniter.php(507): CodeIgniter\CodeIgniter->runController(Object(App\Controllers\Accountcontroller))
 7 SYSTEMPATH\CodeIgniter.php(354): CodeIgniter\CodeIgniter->handleRequest(null, Object(Config\Cache), false)
 8 SYSTEMPATH\Boot.php(334): CodeIgniter\CodeIgniter->run()
 9 SYSTEMPATH\Boot.php(67): CodeIgniter\Boot::runCodeIgniter(Object(CodeIgniter\CodeIgniter))
10 FCPATH\index.php(56): CodeIgniter\Boot::bootWeb(Object(Config\Paths))
DEBUG - 2026-05-16 12:56:54 --> Session: Class initialized using 'CodeIgniter\Session\Handlers\FileHandler' driver.
DEBUG - 2026-05-16 12:56:55 --> Session: Class initialized using 'CodeIgniter\Session\Handlers\FileHandler' driver.
DEBUG - 2026-05-16 12:56:56 --> Session: Class initialized using 'CodeIgniter\Session\Handlers\FileHandler' driver.
DEBUG - 2026-05-16 12:56:57 --> Session: Class initialized using 'CodeIgniter\Session\Handlers\FileHandler' driver.
DEBUG - 2026-05-16 12:57:02 --> Session: Class initialized using 'CodeIgniter\Session\Handlers\FileHandler' driver.
DEBUG - 2026-05-16 12:57:04 --> Session: Class initialized using 'CodeIgniter\Session\Handlers\FileHandler' driver.
DEBUG - 2026-05-16 12:57:04 --> Session: Class initialized using 'CodeIgniter\Session\Handlers\FileHandler' driver.
DEBUG - 2026-05-16 12:57:11 --> Session: Class initialized using 'CodeIgniter\Session\Handlers\FileHandler' driver.
DEBUG - 2026-05-16 12:57:12 --> Session: Class initialized using 'CodeIgniter\Session\Handlers\FileHandler' driver.
DEBUG - 2026-05-16 12:57:12 --> Session: Class initialized using 'CodeIgniter\Session\Handlers\FileHandler' driver.
DEBUG - 2026-05-16 13:11:18 --> Session: Class initialized using 'CodeIgniter\Session\Handlers\FileHandler' driver.
WARNING - 2026-05-16 13:11:19 --> [DEPRECATED] Creation of dynamic property CodeIgniter\Shield\Controllers\LoginController::$db is deprecated in APPPATH\Controllers\BaseController.php on line 57.
 1 SYSTEMPATH\CodeIgniter.php(904): App\Controllers\BaseController->initController(Object(CodeIgniter\HTTP\IncomingRequest), Object(CodeIgniter\HTTP\Response), Object(CodeIgniter\Log\Logger))
 2 SYSTEMPATH\CodeIgniter.php(498): CodeIgniter\CodeIgniter->createController()
 3 SYSTEMPATH\CodeIgniter.php(354): CodeIgniter\CodeIgniter->handleRequest(null, Object(Config\Cache), false)
 4 SYSTEMPATH\Boot.php(334): CodeIgniter\CodeIgniter->run()
 5 SYSTEMPATH\Boot.php(67): CodeIgniter\Boot::runCodeIgniter(Object(CodeIgniter\CodeIgniter))
 6 FCPATH\index.php(56): CodeIgniter\Boot::bootWeb(Object(Config\Paths))
DEBUG - 2026-05-16 13:11:19 --> Session: Class initialized using 'CodeIgniter\Session\Handlers\FileHandler' driver.
DEBUG - 2026-05-16 13:11:19 --> Session: Class initialized using 'CodeIgniter\Session\Handlers\FileHandler' driver.
DEBUG - 2026-05-16 13:11:20 --> Session: Class initialized using 'CodeIgniter\Session\Handlers\FileHandler' driver.
DEBUG - 2026-05-16 13:11:21 --> Session: Class initialized using 'CodeIgniter\Session\Handlers\FileHandler' driver.
DEBUG - 2026-05-16 13:11:21 --> Session: Class initialized using 'CodeIgniter\Session\Handlers\FileHandler' driver.
WARNING - 2026-05-16 13:11:22 --> [DEPRECATED] Creation of dynamic property App\Controllers\Accountcontroller::$db is deprecated in APPPATH\Controllers\BaseController.php on line 57.
 1 SYSTEMPATH\CodeIgniter.php(904): App\Controllers\BaseController->initController(Object(CodeIgniter\HTTP\IncomingRequest), Object(CodeIgniter\HTTP\Response), Object(CodeIgniter\Log\Logger))
 2 SYSTEMPATH\CodeIgniter.php(498): CodeIgniter\CodeIgniter->createController()
 3 SYSTEMPATH\CodeIgniter.php(354): CodeIgniter\CodeIgniter->handleRequest(null, Object(Config\Cache), false)
 4 SYSTEMPATH\Boot.php(334): CodeIgniter\CodeIgniter->run()
 5 SYSTEMPATH\Boot.php(67): CodeIgniter\Boot::runCodeIgniter(Object(CodeIgniter\CodeIgniter))
 6 FCPATH\index.php(56): CodeIgniter\Boot::bootWeb(Object(Config\Paths))
CRITICAL - 2026-05-16 13:11:22 --> CodeIgniter\View\Exceptions\ViewException: Invalid file: "change_password.php"
[Method: GET, Route: accountcontroller/changepassword]
in SYSTEMPATH\Exceptions\FrameworkException.php on line 39.
 1 SYSTEMPATH\View\View.php(212): CodeIgniter\Exceptions\FrameworkException::forInvalidFile('change_password.php')
 2 SYSTEMPATH\Common.php(1173): CodeIgniter\View\View->render('change_password', [], true)
 3 APPPATH\Controllers\Accountcontroller.php(13): view('change_password')
 4 SYSTEMPATH\CodeIgniter.php(933): App\Controllers\Accountcontroller->getChangepassword()
 5 SYSTEMPATH\CodeIgniter.php(507): CodeIgniter\CodeIgniter->runController(Object(App\Controllers\Accountcontroller))
 6 SYSTEMPATH\CodeIgniter.php(354): CodeIgniter\CodeIgniter->handleRequest(null, Object(Config\Cache), false)
 7 SYSTEMPATH\Boot.php(334): CodeIgniter\CodeIgniter->run()
 8 SYSTEMPATH\Boot.php(67): CodeIgniter\Boot::runCodeIgniter(Object(CodeIgniter\CodeIgniter))
 9 FCPATH\index.php(56): CodeIgniter\Boot::bootWeb(Object(Config\Paths))
WARNING - 2026-05-16 13:11:46 --> [DEPRECATED] Creation of dynamic property App\Controllers\Accountcontroller::$db is deprecated in APPPATH\Controllers\BaseController.php on line 57.
 1 SYSTEMPATH\CodeIgniter.php(904): App\Controllers\BaseController->initController(Object(CodeIgniter\HTTP\IncomingRequest), Object(CodeIgniter\HTTP\Response), Object(CodeIgniter\Log\Logger))
 2 SYSTEMPATH\CodeIgniter.php(498): CodeIgniter\CodeIgniter->createController()
 3 SYSTEMPATH\CodeIgniter.php(354): CodeIgniter\CodeIgniter->handleRequest(null, Object(Config\Cache), false)
 4 SYSTEMPATH\Boot.php(334): CodeIgniter\CodeIgniter->run()
 5 SYSTEMPATH\Boot.php(67): CodeIgniter\Boot::runCodeIgniter(Object(CodeIgniter\CodeIgniter))
 6 FCPATH\index.php(56): CodeIgniter\Boot::bootWeb(Object(Config\Paths))
DEBUG - 2026-05-16 13:11:46 --> Session: Class initialized using 'CodeIgniter\Session\Handlers\FileHandler' driver.
DEBUG - 2026-05-16 13:11:47 --> Session: Class initialized using 'CodeIgniter\Session\Handlers\FileHandler' driver.
WARNING - 2026-05-16 13:14:14 --> [DEPRECATED] Creation of dynamic property App\Controllers\Accountcontroller::$db is deprecated in APPPATH\Controllers\BaseController.php on line 57.
 1 SYSTEMPATH\CodeIgniter.php(904): App\Controllers\BaseController->initController(Object(CodeIgniter\HTTP\IncomingRequest), Object(CodeIgniter\HTTP\Response), Object(CodeIgniter\Log\Logger))
 2 SYSTEMPATH\CodeIgniter.php(498): CodeIgniter\CodeIgniter->createController()
 3 SYSTEMPATH\CodeIgniter.php(354): CodeIgniter\CodeIgniter->handleRequest(null, Object(Config\Cache), false)
 4 SYSTEMPATH\Boot.php(334): CodeIgniter\CodeIgniter->run()
 5 SYSTEMPATH\Boot.php(67): CodeIgniter\Boot::runCodeIgniter(Object(CodeIgniter\CodeIgniter))
 6 FCPATH\index.php(56): CodeIgniter\Boot::bootWeb(Object(Config\Paths))
DEBUG - 2026-05-16 13:14:14 --> Session: Class initialized using 'CodeIgniter\Session\Handlers\FileHandler' driver.
DEBUG - 2026-05-16 13:14:15 --> Session: Class initialized using 'CodeIgniter\Session\Handlers\FileHandler' driver.
WARNING - 2026-05-16 13:15:17 --> [DEPRECATED] Creation of dynamic property App\Controllers\Accountcontroller::$db is deprecated in APPPATH\Controllers\BaseController.php on line 57.
 1 SYSTEMPATH\CodeIgniter.php(904): App\Controllers\BaseController->initController(Object(CodeIgniter\HTTP\IncomingRequest), Object(CodeIgniter\HTTP\Response), Object(CodeIgniter\Log\Logger))
 2 SYSTEMPATH\CodeIgniter.php(498): CodeIgniter\CodeIgniter->createController()
 3 SYSTEMPATH\CodeIgniter.php(354): CodeIgniter\CodeIgniter->handleRequest(null, Object(Config\Cache), false)
 4 SYSTEMPATH\Boot.php(334): CodeIgniter\CodeIgniter->run()
 5 SYSTEMPATH\Boot.php(67): CodeIgniter\Boot::runCodeIgniter(Object(CodeIgniter\CodeIgniter))
 6 FCPATH\index.php(56): CodeIgniter\Boot::bootWeb(Object(Config\Paths))
DEBUG - 2026-05-16 13:15:17 --> Session: Class initialized using 'CodeIgniter\Session\Handlers\FileHandler' driver.
DEBUG - 2026-05-16 13:15:18 --> Session: Class initialized using 'CodeIgniter\Session\Handlers\FileHandler' driver.
WARNING - 2026-05-16 13:16:16 --> [DEPRECATED] Creation of dynamic property App\Controllers\Accountcontroller::$db is deprecated in APPPATH\Controllers\BaseController.php on line 57.
 1 SYSTEMPATH\CodeIgniter.php(904): App\Controllers\BaseController->initController(Object(CodeIgniter\HTTP\IncomingRequest), Object(CodeIgniter\HTTP\Response), Object(CodeIgniter\Log\Logger))
 2 SYSTEMPATH\CodeIgniter.php(498): CodeIgniter\CodeIgniter->createController()
 3 SYSTEMPATH\CodeIgniter.php(354): CodeIgniter\CodeIgniter->handleRequest(null, Object(Config\Cache), false)
 4 SYSTEMPATH\Boot.php(334): CodeIgniter\CodeIgniter->run()
 5 SYSTEMPATH\Boot.php(67): CodeIgniter\Boot::runCodeIgniter(Object(CodeIgniter\CodeIgniter))
 6 FCPATH\index.php(56): CodeIgniter\Boot::bootWeb(Object(Config\Paths))
DEBUG - 2026-05-16 13:16:16 --> Session: Class initialized using 'CodeIgniter\Session\Handlers\FileHandler' driver.
DEBUG - 2026-05-16 13:16:16 --> Session: Class initialized using 'CodeIgniter\Session\Handlers\FileHandler' driver.
WARNING - 2026-05-16 13:16:18 --> [DEPRECATED] Creation of dynamic property App\Controllers\Accountcontroller::$db is deprecated in APPPATH\Controllers\BaseController.php on line 57.
 1 SYSTEMPATH\CodeIgniter.php(904): App\Controllers\BaseController->initController(Object(CodeIgniter\HTTP\IncomingRequest), Object(CodeIgniter\HTTP\Response), Object(CodeIgniter\Log\Logger))
 2 SYSTEMPATH\CodeIgniter.php(498): CodeIgniter\CodeIgniter->createController()
 3 SYSTEMPATH\CodeIgniter.php(354): CodeIgniter\CodeIgniter->handleRequest(null, Object(Config\Cache), false)
 4 SYSTEMPATH\Boot.php(334): CodeIgniter\CodeIgniter->run()
 5 SYSTEMPATH\Boot.php(67): CodeIgniter\Boot::runCodeIgniter(Object(CodeIgniter\CodeIgniter))
 6 FCPATH\index.php(56): CodeIgniter\Boot::bootWeb(Object(Config\Paths))
DEBUG - 2026-05-16 13:16:18 --> Session: Class initialized using 'CodeIgniter\Session\Handlers\FileHandler' driver.
DEBUG - 2026-05-16 13:16:18 --> Session: Class initialized using 'CodeIgniter\Session\Handlers\FileHandler' driver.
WARNING - 2026-05-16 13:16:53 --> [DEPRECATED] Creation of dynamic property App\Controllers\Accountcontroller::$db is deprecated in APPPATH\Controllers\BaseController.php on line 57.
 1 SYSTEMPATH\CodeIgniter.php(904): App\Controllers\BaseController->initController(Object(CodeIgniter\HTTP\IncomingRequest), Object(CodeIgniter\HTTP\Response), Object(CodeIgniter\Log\Logger))
 2 SYSTEMPATH\CodeIgniter.php(498): CodeIgniter\CodeIgniter->createController()
 3 SYSTEMPATH\CodeIgniter.php(354): CodeIgniter\CodeIgniter->handleRequest(null, Object(Config\Cache), false)
 4 SYSTEMPATH\Boot.php(334): CodeIgniter\CodeIgniter->run()
 5 SYSTEMPATH\Boot.php(67): CodeIgniter\Boot::runCodeIgniter(Object(CodeIgniter\CodeIgniter))
 6 FCPATH\index.php(56): CodeIgniter\Boot::bootWeb(Object(Config\Paths))
DEBUG - 2026-05-16 13:16:53 --> Session: Class initialized using 'CodeIgniter\Session\Handlers\FileHandler' driver.
WARNING - 2026-05-16 13:16:54 --> [DEPRECATED] Creation of dynamic property App\Controllers\Accountcontroller::$db is deprecated in APPPATH\Controllers\BaseController.php on line 57.
 1 SYSTEMPATH\CodeIgniter.php(904): App\Controllers\BaseController->initController(Object(CodeIgniter\HTTP\IncomingRequest), Object(CodeIgniter\HTTP\Response), Object(CodeIgniter\Log\Logger))
 2 SYSTEMPATH\CodeIgniter.php(498): CodeIgniter\CodeIgniter->createController()
 3 SYSTEMPATH\CodeIgniter.php(354): CodeIgniter\CodeIgniter->handleRequest(null, Object(Config\Cache), false)
 4 SYSTEMPATH\Boot.php(334): CodeIgniter\CodeIgniter->run()
 5 SYSTEMPATH\Boot.php(67): CodeIgniter\Boot::runCodeIgniter(Object(CodeIgniter\CodeIgniter))
 6 FCPATH\index.php(56): CodeIgniter\Boot::bootWeb(Object(Config\Paths))
DEBUG - 2026-05-16 13:16:54 --> Session: Class initialized using 'CodeIgniter\Session\Handlers\FileHandler' driver.
DEBUG - 2026-05-16 13:16:54 --> Session: Class initialized using 'CodeIgniter\Session\Handlers\FileHandler' driver.
WARNING - 2026-05-16 13:17:06 --> [DEPRECATED] Creation of dynamic property App\Controllers\Accountcontroller::$db is deprecated in APPPATH\Controllers\BaseController.php on line 57.
 1 SYSTEMPATH\CodeIgniter.php(904): App\Controllers\BaseController->initController(Object(CodeIgniter\HTTP\IncomingRequest), Object(CodeIgniter\HTTP\Response), Object(CodeIgniter\Log\Logger))
 2 SYSTEMPATH\CodeIgniter.php(498): CodeIgniter\CodeIgniter->createController()
 3 SYSTEMPATH\CodeIgniter.php(354): CodeIgniter\CodeIgniter->handleRequest(null, Object(Config\Cache), false)
 4 SYSTEMPATH\Boot.php(334): CodeIgniter\CodeIgniter->run()
 5 SYSTEMPATH\Boot.php(67): CodeIgniter\Boot::runCodeIgniter(Object(CodeIgniter\CodeIgniter))
 6 FCPATH\index.php(56): CodeIgniter\Boot::bootWeb(Object(Config\Paths))
DEBUG - 2026-05-16 13:17:07 --> Session: Class initialized using 'CodeIgniter\Session\Handlers\FileHandler' driver.
WARNING - 2026-05-16 13:17:07 --> [DEPRECATED] Creation of dynamic property App\Controllers\Accountcontroller::$db is deprecated in APPPATH\Controllers\BaseController.php on line 57.
 1 SYSTEMPATH\CodeIgniter.php(904): App\Controllers\BaseController->initController(Object(CodeIgniter\HTTP\IncomingRequest), Object(CodeIgniter\HTTP\Response), Object(CodeIgniter\Log\Logger))
 2 SYSTEMPATH\CodeIgniter.php(498): CodeIgniter\CodeIgniter->createController()
 3 SYSTEMPATH\CodeIgniter.php(354): CodeIgniter\CodeIgniter->handleRequest(null, Object(Config\Cache), false)
 4 SYSTEMPATH\Boot.php(334): CodeIgniter\CodeIgniter->run()
 5 SYSTEMPATH\Boot.php(67): CodeIgniter\Boot::runCodeIgniter(Object(CodeIgniter\CodeIgniter))
 6 FCPATH\index.php(56): CodeIgniter\Boot::bootWeb(Object(Config\Paths))
DEBUG - 2026-05-16 13:17:07 --> Session: Class initialized using 'CodeIgniter\Session\Handlers\FileHandler' driver.
DEBUG - 2026-05-16 13:17:08 --> Session: Class initialized using 'CodeIgniter\Session\Handlers\FileHandler' driver.
WARNING - 2026-05-16 13:17:18 --> [DEPRECATED] Creation of dynamic property App\Controllers\Accountcontroller::$db is deprecated in APPPATH\Controllers\BaseController.php on line 57.
 1 SYSTEMPATH\CodeIgniter.php(904): App\Controllers\BaseController->initController(Object(CodeIgniter\HTTP\IncomingRequest), Object(CodeIgniter\HTTP\Response), Object(CodeIgniter\Log\Logger))
 2 SYSTEMPATH\CodeIgniter.php(498): CodeIgniter\CodeIgniter->createController()
 3 SYSTEMPATH\CodeIgniter.php(354): CodeIgniter\CodeIgniter->handleRequest(null, Object(Config\Cache), false)
 4 SYSTEMPATH\Boot.php(334): CodeIgniter\CodeIgniter->run()
 5 SYSTEMPATH\Boot.php(67): CodeIgniter\Boot::runCodeIgniter(Object(CodeIgniter\CodeIgniter))
 6 FCPATH\index.php(56): CodeIgniter\Boot::bootWeb(Object(Config\Paths))
DEBUG - 2026-05-16 13:17:18 --> Session: Class initialized using 'CodeIgniter\Session\Handlers\FileHandler' driver.
WARNING - 2026-05-16 13:17:19 --> [DEPRECATED] Creation of dynamic property App\Controllers\Accountcontroller::$db is deprecated in APPPATH\Controllers\BaseController.php on line 57.
 1 SYSTEMPATH\CodeIgniter.php(904): App\Controllers\BaseController->initController(Object(CodeIgniter\HTTP\IncomingRequest), Object(CodeIgniter\HTTP\Response), Object(CodeIgniter\Log\Logger))
 2 SYSTEMPATH\CodeIgniter.php(498): CodeIgniter\CodeIgniter->createController()
 3 SYSTEMPATH\CodeIgniter.php(354): CodeIgniter\CodeIgniter->handleRequest(null, Object(Config\Cache), false)
 4 SYSTEMPATH\Boot.php(334): CodeIgniter\CodeIgniter->run()
 5 SYSTEMPATH\Boot.php(67): CodeIgniter\Boot::runCodeIgniter(Object(CodeIgniter\CodeIgniter))
 6 FCPATH\index.php(56): CodeIgniter\Boot::bootWeb(Object(Config\Paths))
DEBUG - 2026-05-16 13:17:19 --> Session: Class initialized using 'CodeIgniter\Session\Handlers\FileHandler' driver.
DEBUG - 2026-05-16 13:17:19 --> Session: Class initialized using 'CodeIgniter\Session\Handlers\FileHandler' driver.
WARNING - 2026-05-16 13:18:08 --> [DEPRECATED] Creation of dynamic property CodeIgniter\Shield\Controllers\LoginController::$db is deprecated in APPPATH\Controllers\BaseController.php on line 57.
 1 SYSTEMPATH\CodeIgniter.php(904): App\Controllers\BaseController->initController(Object(CodeIgniter\HTTP\IncomingRequest), Object(CodeIgniter\HTTP\Response), Object(CodeIgniter\Log\Logger))
 2 SYSTEMPATH\CodeIgniter.php(498): CodeIgniter\CodeIgniter->createController()
 3 SYSTEMPATH\CodeIgniter.php(354): CodeIgniter\CodeIgniter->handleRequest(null, Object(Config\Cache), false)
 4 SYSTEMPATH\Boot.php(334): CodeIgniter\CodeIgniter->run()
 5 SYSTEMPATH\Boot.php(67): CodeIgniter\Boot::runCodeIgniter(Object(CodeIgniter\CodeIgniter))
 6 FCPATH\index.php(56): CodeIgniter\Boot::bootWeb(Object(Config\Paths))
DEBUG - 2026-05-16 13:18:08 --> Session: Class initialized using 'CodeIgniter\Session\Handlers\FileHandler' driver.
WARNING - 2026-05-16 13:18:09 --> [DEPRECATED] Creation of dynamic property CodeIgniter\Shield\Controllers\LoginController::$db is deprecated in APPPATH\Controllers\BaseController.php on line 57.
 1 SYSTEMPATH\CodeIgniter.php(904): App\Controllers\BaseController->initController(Object(CodeIgniter\HTTP\IncomingRequest), Object(CodeIgniter\HTTP\Response), Object(CodeIgniter\Log\Logger))
 2 SYSTEMPATH\CodeIgniter.php(498): CodeIgniter\CodeIgniter->createController()
 3 SYSTEMPATH\CodeIgniter.php(354): CodeIgniter\CodeIgniter->handleRequest(null, Object(Config\Cache), false)
 4 SYSTEMPATH\Boot.php(334): CodeIgniter\CodeIgniter->run()
 5 SYSTEMPATH\Boot.php(67): CodeIgniter\Boot::runCodeIgniter(Object(CodeIgniter\CodeIgniter))
 6 FCPATH\index.php(56): CodeIgniter\Boot::bootWeb(Object(Config\Paths))
DEBUG - 2026-05-16 13:18:09 --> Session: Class initialized using 'CodeIgniter\Session\Handlers\FileHandler' driver.
DEBUG - 2026-05-16 13:18:09 --> Session: Class initialized using 'CodeIgniter\Session\Handlers\FileHandler' driver.
WARNING - 2026-05-16 13:18:26 --> [DEPRECATED] Creation of dynamic property CodeIgniter\Shield\Controllers\LoginController::$db is deprecated in APPPATH\Controllers\BaseController.php on line 57.
 1 SYSTEMPATH\CodeIgniter.php(904): App\Controllers\BaseController->initController(Object(CodeIgniter\HTTP\IncomingRequest), Object(CodeIgniter\HTTP\Response), Object(CodeIgniter\Log\Logger))
 2 SYSTEMPATH\CodeIgniter.php(498): CodeIgniter\CodeIgniter->createController()
 3 SYSTEMPATH\CodeIgniter.php(354): CodeIgniter\CodeIgniter->handleRequest(null, Object(Config\Cache), false)
 4 SYSTEMPATH\Boot.php(334): CodeIgniter\CodeIgniter->run()
 5 SYSTEMPATH\Boot.php(67): CodeIgniter\Boot::runCodeIgniter(Object(CodeIgniter\CodeIgniter))
 6 FCPATH\index.php(56): CodeIgniter\Boot::bootWeb(Object(Config\Paths))
DEBUG - 2026-05-16 13:18:27 --> Session: Class initialized using 'CodeIgniter\Session\Handlers\FileHandler' driver.
DEBUG - 2026-05-16 13:18:27 --> Session: Class initialized using 'CodeIgniter\Session\Handlers\FileHandler' driver.
DEBUG - 2026-05-16 13:18:28 --> Session: Class initialized using 'CodeIgniter\Session\Handlers\FileHandler' driver.
DEBUG - 2026-05-16 13:18:29 --> Session: Class initialized using 'CodeIgniter\Session\Handlers\FileHandler' driver.
DEBUG - 2026-05-16 13:18:29 --> Session: Class initialized using 'CodeIgniter\Session\Handlers\FileHandler' driver.
WARNING - 2026-05-16 13:18:30 --> [DEPRECATED] Creation of dynamic property CodeIgniter\Shield\Controllers\LoginController::$db is deprecated in APPPATH\Controllers\BaseController.php on line 57.
 1 SYSTEMPATH\CodeIgniter.php(904): App\Controllers\BaseController->initController(Object(CodeIgniter\HTTP\IncomingRequest), Object(CodeIgniter\HTTP\Response), Object(CodeIgniter\Log\Logger))
 2 SYSTEMPATH\CodeIgniter.php(498): CodeIgniter\CodeIgniter->createController()
 3 SYSTEMPATH\CodeIgniter.php(354): CodeIgniter\CodeIgniter->handleRequest(null, Object(Config\Cache), false)
 4 SYSTEMPATH\Boot.php(334): CodeIgniter\CodeIgniter->run()
 5 SYSTEMPATH\Boot.php(67): CodeIgniter\Boot::runCodeIgniter(Object(CodeIgniter\CodeIgniter))
 6 FCPATH\index.php(56): CodeIgniter\Boot::bootWeb(Object(Config\Paths))
DEBUG - 2026-05-16 13:18:30 --> Session: Class initialized using 'CodeIgniter\Session\Handlers\FileHandler' driver.
WARNING - 2026-05-16 13:18:30 --> [DEPRECATED] Creation of dynamic property CodeIgniter\Shield\Controllers\LoginController::$db is deprecated in APPPATH\Controllers\BaseController.php on line 57.
 1 SYSTEMPATH\CodeIgniter.php(904): App\Controllers\BaseController->initController(Object(CodeIgniter\HTTP\IncomingRequest), Object(CodeIgniter\HTTP\Response), Object(CodeIgniter\Log\Logger))
 2 SYSTEMPATH\CodeIgniter.php(498): CodeIgniter\CodeIgniter->createController()
 3 SYSTEMPATH\CodeIgniter.php(354): CodeIgniter\CodeIgniter->handleRequest(null, Object(Config\Cache), false)
 4 SYSTEMPATH\Boot.php(334): CodeIgniter\CodeIgniter->run()
 5 SYSTEMPATH\Boot.php(67): CodeIgniter\Boot::runCodeIgniter(Object(CodeIgniter\CodeIgniter))
 6 FCPATH\index.php(56): CodeIgniter\Boot::bootWeb(Object(Config\Paths))
DEBUG - 2026-05-16 13:18:31 --> Session: Class initialized using 'CodeIgniter\Session\Handlers\FileHandler' driver.
DEBUG - 2026-05-16 13:18:31 --> Session: Class initialized using 'CodeIgniter\Session\Handlers\FileHandler' driver.
WARNING - 2026-05-16 13:19:06 --> [DEPRECATED] Creation of dynamic property CodeIgniter\Shield\Controllers\LoginController::$db is deprecated in APPPATH\Controllers\BaseController.php on line 57.
 1 SYSTEMPATH\CodeIgniter.php(904): App\Controllers\BaseController->initController(Object(CodeIgniter\HTTP\IncomingRequest), Object(CodeIgniter\HTTP\Response), Object(CodeIgniter\Log\Logger))
 2 SYSTEMPATH\CodeIgniter.php(498): CodeIgniter\CodeIgniter->createController()
 3 SYSTEMPATH\CodeIgniter.php(354): CodeIgniter\CodeIgniter->handleRequest(null, Object(Config\Cache), false)
 4 SYSTEMPATH\Boot.php(334): CodeIgniter\CodeIgniter->run()
 5 SYSTEMPATH\Boot.php(67): CodeIgniter\Boot::runCodeIgniter(Object(CodeIgniter\CodeIgniter))
 6 FCPATH\index.php(56): CodeIgniter\Boot::bootWeb(Object(Config\Paths))
DEBUG - 2026-05-16 13:19:06 --> Session: Class initialized using 'CodeIgniter\Session\Handlers\FileHandler' driver.
DEBUG - 2026-05-16 13:19:07 --> Session: Class initialized using 'CodeIgniter\Session\Handlers\FileHandler' driver.
WARNING - 2026-05-16 13:19:16 --> [DEPRECATED] Creation of dynamic property CodeIgniter\Shield\Controllers\LoginController::$db is deprecated in APPPATH\Controllers\BaseController.php on line 57.
 1 SYSTEMPATH\CodeIgniter.php(904): App\Controllers\BaseController->initController(Object(CodeIgniter\HTTP\IncomingRequest), Object(CodeIgniter\HTTP\Response), Object(CodeIgniter\Log\Logger))
 2 SYSTEMPATH\CodeIgniter.php(498): CodeIgniter\CodeIgniter->createController()
 3 SYSTEMPATH\CodeIgniter.php(354): CodeIgniter\CodeIgniter->handleRequest(null, Object(Config\Cache), false)
 4 SYSTEMPATH\Boot.php(334): CodeIgniter\CodeIgniter->run()
 5 SYSTEMPATH\Boot.php(67): CodeIgniter\Boot::runCodeIgniter(Object(CodeIgniter\CodeIgniter))
 6 FCPATH\index.php(56): CodeIgniter\Boot::bootWeb(Object(Config\Paths))
DEBUG - 2026-05-16 13:19:17 --> Session: Class initialized using 'CodeIgniter\Session\Handlers\FileHandler' driver.
DEBUG - 2026-05-16 13:19:17 --> Session: Class initialized using 'CodeIgniter\Session\Handlers\FileHandler' driver.
DEBUG - 2026-05-16 13:19:18 --> Session: Class initialized using 'CodeIgniter\Session\Handlers\FileHandler' driver.
DEBUG - 2026-05-16 13:19:19 --> Session: Class initialized using 'CodeIgniter\Session\Handlers\FileHandler' driver.
DEBUG - 2026-05-16 13:19:19 --> Session: Class initialized using 'CodeIgniter\Session\Handlers\FileHandler' driver.
DEBUG - 2026-05-16 13:19:29 --> Session: Class initialized using 'CodeIgniter\Session\Handlers\FileHandler' driver.
DEBUG - 2026-05-16 13:19:40 --> Session: Class initialized using 'CodeIgniter\Session\Handlers\FileHandler' driver.
DEBUG - 2026-05-16 13:19:51 --> Session: Class initialized using 'CodeIgniter\Session\Handlers\FileHandler' driver.
DEBUG - 2026-05-16 13:20:01 --> Session: Class initialized using 'CodeIgniter\Session\Handlers\FileHandler' driver.
DEBUG - 2026-05-16 13:20:12 --> Session: Class initialized using 'CodeIgniter\Session\Handlers\FileHandler' driver.
DEBUG - 2026-05-16 13:20:19 --> Session: Class initialized using 'CodeIgniter\Session\Handlers\FileHandler' driver.
DEBUG - 2026-05-16 13:20:20 --> Session: Class initialized using 'CodeIgniter\Session\Handlers\FileHandler' driver.
DEBUG - 2026-05-16 13:20:20 --> Session: Class initialized using 'CodeIgniter\Session\Handlers\FileHandler' driver.
DEBUG - 2026-05-16 13:20:22 --> Session: Class initialized using 'CodeIgniter\Session\Handlers\FileHandler' driver.
DEBUG - 2026-05-16 13:20:32 --> Session: Class initialized using 'CodeIgniter\Session\Handlers\FileHandler' driver.
DEBUG - 2026-05-16 13:20:42 --> Session: Class initialized using 'CodeIgniter\Session\Handlers\FileHandler' driver.
DEBUG - 2026-05-16 13:20:53 --> Session: Class initialized using 'CodeIgniter\Session\Handlers\FileHandler' driver.
DEBUG - 2026-05-16 13:21:04 --> Session: Class initialized using 'CodeIgniter\Session\Handlers\FileHandler' driver.
DEBUG - 2026-05-16 13:21:14 --> Session: Class initialized using 'CodeIgniter\Session\Handlers\FileHandler' driver.
DEBUG - 2026-05-16 13:21:15 --> Session: Class initialized using 'CodeIgniter\Session\Handlers\FileHandler' driver.
DEBUG - 2026-05-16 13:21:16 --> Session: Class initialized using 'CodeIgniter\Session\Handlers\FileHandler' driver.
DEBUG - 2026-05-16 13:21:16 --> Session: Class initialized using 'CodeIgniter\Session\Handlers\FileHandler' driver.
DEBUG - 2026-05-16 13:21:17 --> Session: Class initialized using 'CodeIgniter\Session\Handlers\FileHandler' driver.
DEBUG - 2026-05-16 13:21:18 --> Session: Class initialized using 'CodeIgniter\Session\Handlers\FileHandler' driver.
DEBUG - 2026-05-16 13:21:26 --> Session: Class initialized using 'CodeIgniter\Session\Handlers\FileHandler' driver.
DEBUG - 2026-05-16 13:21:36 --> Session: Class initialized using 'CodeIgniter\Session\Handlers\FileHandler' driver.
DEBUG - 2026-05-16 13:21:46 --> Session: Class initialized using 'CodeIgniter\Session\Handlers\FileHandler' driver.
DEBUG - 2026-05-16 13:21:57 --> Session: Class initialized using 'CodeIgniter\Session\Handlers\FileHandler' driver.
DEBUG - 2026-05-16 13:21:57 --> Session: Class initialized using 'CodeIgniter\Session\Handlers\FileHandler' driver.
CRITICAL - 2026-05-16 13:21:57 --> Error: Call to undefined method CodeIgniter\Database\MySQLi\Connection::update()
[Method: POST, Route: vote/vote_lock]
in APPPATH\Controllers\Vote.php on line 975.
 1 SYSTEMPATH\CodeIgniter.php(933): App\Controllers\Vote->postVote_lock()
 2 SYSTEMPATH\CodeIgniter.php(507): CodeIgniter\CodeIgniter->runController(Object(App\Controllers\Vote))
 3 SYSTEMPATH\CodeIgniter.php(354): CodeIgniter\CodeIgniter->handleRequest(null, Object(Config\Cache), false)
 4 SYSTEMPATH\Boot.php(334): CodeIgniter\CodeIgniter->run()
 5 SYSTEMPATH\Boot.php(67): CodeIgniter\Boot::runCodeIgniter(Object(CodeIgniter\CodeIgniter))
 6 FCPATH\index.php(56): CodeIgniter\Boot::bootWeb(Object(Config\Paths))
DEBUG - 2026-05-16 13:22:57 --> Session: Class initialized using 'CodeIgniter\Session\Handlers\FileHandler' driver.
DEBUG - 2026-05-16 13:22:58 --> Session: Class initialized using 'CodeIgniter\Session\Handlers\FileHandler' driver.
DEBUG - 2026-05-16 13:22:59 --> Session: Class initialized using 'CodeIgniter\Session\Handlers\FileHandler' driver.
DEBUG - 2026-05-16 13:22:59 --> Session: Class initialized using 'CodeIgniter\Session\Handlers\FileHandler' driver.
DEBUG - 2026-05-16 13:23:04 --> Session: Class initialized using 'CodeIgniter\Session\Handlers\FileHandler' driver.
CRITICAL - 2026-05-16 13:23:04 --> Error: Call to undefined method CodeIgniter\Database\MySQLi\Connection::update()
[Method: POST, Route: vote/vote_unlock]
in APPPATH\Controllers\Vote.php on line 987.
 1 SYSTEMPATH\CodeIgniter.php(933): App\Controllers\Vote->postVote_unlock()
 2 SYSTEMPATH\CodeIgniter.php(507): CodeIgniter\CodeIgniter->runController(Object(App\Controllers\Vote))
 3 SYSTEMPATH\CodeIgniter.php(354): CodeIgniter\CodeIgniter->handleRequest(null, Object(Config\Cache), false)
 4 SYSTEMPATH\Boot.php(334): CodeIgniter\CodeIgniter->run()
 5 SYSTEMPATH\Boot.php(67): CodeIgniter\Boot::runCodeIgniter(Object(CodeIgniter\CodeIgniter))
 6 FCPATH\index.php(56): CodeIgniter\Boot::bootWeb(Object(Config\Paths))
